{"type":"Topology","bbox":[13.3754641,45.4211646,16.5967003,46.8766675],"transform":{"scale":[0.000032212684126841246,0.00001455517455174558],"translate":[13.3754641,45.4211646]},"objects":{"enote":{"type":"GeometryCollection","geometries":[{"type":"Polygon","arcs":[[0,1,2,3,4,5]],"bbox":[13.6763022,45.87853,14.928219,46.523463],"properties":{"ENOTA":"VE","VDV_MID":10858054,"VDV_ID":1000,"VDV_UIME":"Volilna enota Kranj","VDV_DJ":null,"POV_KM2":2851.44,"D_OD":"2021/03/19","DV_OD":"2021/03/19","N8":null,"C1":null,"STATUS":"V","CEN_E":427780,"CEN_N":144528}},{"type":"Polygon","arcs":[[-5,6,7]],"bbox":[13.3754641,45.4251331,14.5022207,46.4467057],"properties":{"ENOTA":"VE","VDV_MID":10858062,"VDV_ID":2000,"VDV_UIME":"Volilna enota Postojna","VDV_DJ":null,"POV_KM2":3917.77,"D_OD":"2021/03/19","DV_OD":"2021/03/19","N8":null,"C1":null,"STATUS":"V","CEN_E":402358,"CEN_N":116998}},{"type":"Polygon","arcs":[[-6,-8,8,9]],"bbox":[14.0979292,45.5793343,14.6892183,46.2058102],"properties":{"ENOTA":"VE","VDV_MID":10858097,"VDV_ID":3000,"VDV_UIME":"Volilna enota Ljubljana Center","VDV_DJ":null,"POV_KM2":1530.07,"D_OD":"2021/03/19","DV_OD":"2021/03/19","N8":null,"C1":null,"STATUS":"V","CEN_E":461699,"CEN_N":101516}},{"type":"Polygon","arcs":[[10,11,-1,-10]],"bbox":[14.4769274,45.4589995,15.1134173,46.2084009],"properties":{"ENOTA":"VE","VDV_MID":10858127,"VDV_ID":4000,"VDV_UIME":"Volilna enota Ljubljana Bežigrad","VDV_DJ":null,"POV_KM2":1883.54,"D_OD":"2021/03/19","DV_OD":"2021/03/19","N8":null,"C1":null,"STATUS":"V","CEN_E":469229,"CEN_N":111866}},{"type":"Polygon","arcs":[[12,-3,13,14]],"bbox":[14.5650506,46.0655871,15.5357335,46.6598402],"properties":{"ENOTA":"VE","VDV_MID":10858135,"VDV_ID":5000,"VDV_UIME":"Volilna enota Celje","VDV_DJ":null,"POV_KM2":2551.25,"D_OD":"2021/03/19","DV_OD":"2021/03/19","N8":null,"C1":null,"STATUS":"V","CEN_E":497257,"CEN_N":156007}},{"type":"Polygon","arcs":[[15,16,-14,-2,-12]],"bbox":[14.711712,45.4211646,15.7326242,46.2078267],"properties":{"ENOTA":"VE","VDV_MID":10858143,"VDV_ID":6000,"VDV_UIME":"Volilna enota Novo mesto","VDV_DJ":null,"POV_KM2":3413.52,"D_OD":"2021/03/19","DV_OD":"2021/03/19","N8":null,"C1":null,"STATUS":"V","CEN_E":503790,"CEN_N":112215}},{"type":"Polygon","arcs":[[17,18,-15,-17,19]],"bbox":[15.2276268,45.9961284,15.8177227,46.6555417],"properties":{"ENOTA":"VE","VDV_MID":10858151,"VDV_ID":7000,"VDV_UIME":"Volilna enota Maribor","VDV_DJ":null,"POV_KM2":1541.06,"D_OD":"2021/03/19","DV_OD":"2021/03/19","N8":null,"C1":null,"STATUS":"V","CEN_E":549372,"CEN_N":158294}},{"type":"Polygon","arcs":[[-18,20]],"bbox":[15.5424465,46.2543682,16.5967003,46.8766675],"properties":{"ENOTA":"VE","VDV_MID":10858160,"VDV_ID":8000,"VDV_UIME":"Volilna enota Ptuj","VDV_DJ":null,"POV_KM2":2591.2,"D_OD":"2021/03/19","DV_OD":"2021/03/19","N8":null,"C1":null,"STATUS":"V","CEN_E":575942,"CEN_N":171103}}],"bbox":[13.3754641,45.4211646,16.5967003,46.8766675]}},"arcs":[[[36080,51602],[22,86],[51,52],[49,80],[61,55],[35,-27],[21,22],[48,25],[55,41],[18,49],[22,95],[30,7],[10,27],[-15,19],[42,70],[42,56],[4,-7],[63,77],[124,105],[123,108],[57,38],[40,17],[13,33],[68,89],[91,140],[60,70],[50,77],[64,87],[109,108],[37,27],[-51,-160],[-45,-124],[-13,-50],[-32,-28],[20,-21],[-10,-31],[35,-30],[194,-63],[114,-51],[5,-24],[85,-29],[0,17],[78,-9],[-2,-28],[21,0],[58,24],[104,27],[4,-32],[45,-73],[5,-56],[-19,-50],[15,-34],[31,-31],[6,-56],[24,-19],[52,47],[3,40],[28,12],[18,-18],[44,10],[12,69],[91,-1],[73,68],[-2,79],[5,63],[14,7],[21,-76],[15,63],[-7,25],[60,58],[-3,-36],[50,17],[19,-5],[12,51],[20,11],[43,-14],[47,20],[65,91],[61,70],[40,69],[23,79],[26,66],[22,-60],[22,15],[6,70],[25,55],[37,34],[17,72],[-1,46],[11,40],[65,111],[-13,72],[75,-21],[29,8],[31,-50],[129,68],[24,5],[-7,66],[19,37],[-4,16],[28,91],[15,1],[19,45],[40,29],[18,30],[56,32],[23,38],[33,11],[20,-9],[-6,-29],[16,-61],[-29,-5],[-22,-45],[-1,-70],[17,-21],[21,3],[-2,-42],[9,-48],[19,-32],[31,7],[54,-17],[36,84],[60,58],[15,1],[35,39],[62,-10],[34,15],[25,-22],[44,14],[8,-24],[29,-5],[9,-24],[33,-2],[38,-36],[30,-54],[13,-3],[2,-36],[25,-10],[23,-43],[28,0],[39,-58],[1,-25],[20,-50],[4,-50],[66,-59],[25,0],[61,-22],[40,44],[52,17],[27,21],[67,-8],[40,52],[31,0],[59,-66],[19,-30],[13,-47],[55,-22],[12,4],[25,-48],[22,10],[42,-11],[25,42],[-1,81],[59,-23],[11,8],[22,-47],[32,-21],[54,-1],[9,42],[19,11],[1,57],[-25,67],[-13,15],[25,36],[41,25],[-20,33],[10,36],[-14,36],[43,132],[12,50],[47,-16],[9,-15],[64,-38],[14,-24],[24,8],[28,43],[10,-16],[34,36],[41,29],[27,-5],[15,-32],[47,-31],[17,-24],[27,-1],[41,-43],[24,3],[12,66],[121,-7],[48,-28],[25,-55],[55,-26],[47,17],[40,39],[11,-18],[52,-9],[20,14],[15,-17],[-39,-63],[43,15],[8,-34],[57,7],[32,-88],[-39,8],[8,-39],[38,-9],[23,-107],[20,26],[17,-31],[13,5],[13,-45],[-22,-119],[10,-86],[56,3],[72,28],[77,43],[0,-45],[-12,-56],[5,-55],[21,-90],[37,-26],[13,-63],[47,-9],[56,-20],[25,6],[20,-56],[-2,-47],[19,23],[-19,103],[39,-45],[28,-7],[9,28],[23,-23],[34,51],[9,-84],[35,12],[62,43],[-11,30],[17,33],[7,43],[-10,70],[-28,24],[2,97],[13,79],[-11,56],[-22,46],[-5,45],[23,25],[26,-34],[35,-16],[28,28],[29,-18],[47,-69],[26,21],[19,-16],[49,5],[31,-37],[23,5],[72,-39],[23,41],[24,18],[8,27],[14,-9],[33,32],[8,45],[34,40],[14,-16],[63,1],[13,-28],[23,-14],[33,-48],[60,-33],[51,14],[129,105],[83,11],[55,-29],[38,-11],[76,75],[-6,37],[38,33],[54,-191],[17,-4],[48,77],[-8,16],[33,66],[19,173],[0,71],[-11,25],[50,10],[83,-58],[25,-44],[4,-27],[44,-48],[21,52],[33,-2],[28,16],[33,-74],[64,-4],[44,-24],[42,10],[53,-20],[93,-85],[85,-60],[47,9],[74,-3],[44,26],[42,-24],[102,-28],[53,-4],[30,10],[69,3],[78,-28],[43,23],[55,77],[22,7],[78,75],[35,95],[-3,38],[12,24],[34,23],[36,45],[27,-2],[36,-28],[27,-4],[70,7],[49,29],[113,-9],[71,-35],[52,8],[80,55],[58,18],[22,-26],[12,20],[-7,55],[11,55],[27,34],[46,26],[93,0],[80,19],[45,59],[33,1],[45,20],[37,26],[55,15],[41,-10],[38,-45],[44,-31],[-1,-41],[21,-49],[23,-26],[12,6]],[[47271,53890],[-27,50],[-7,57],[17,33],[31,2],[41,-15],[5,-35],[26,-14],[24,-35],[78,-13],[27,14],[5,22],[25,-9],[34,21],[47,79]],[[47597,54047],[55,58],[-19,57],[-6,46],[-42,187],[36,25],[246,126],[67,-141],[54,54],[-47,105],[110,69],[53,15],[20,-65],[46,33],[33,54],[-20,24],[-40,19],[-63,1],[-78,22],[-87,-8],[-20,22],[-60,26],[-72,10],[-39,53],[-33,11],[18,44],[-21,27],[35,60],[-42,74],[-29,83],[-6,33],[-58,151],[-18,79],[-23,2],[-4,137],[24,52],[-26,48],[-47,15],[-24,-8],[-56,-86],[-10,-23],[-72,-55],[-26,9],[-10,35],[-22,21],[-5,43],[-15,16],[-4,49],[-27,-9],[-24,90],[-10,75],[-28,24],[-54,-40],[-84,35],[-42,-16],[-47,1],[-28,190],[-37,78],[-81,77],[-54,63],[-46,68],[-22,15],[-29,-17],[-67,24],[-16,-19],[-15,20],[-145,67],[-62,41],[-113,115],[-43,25],[-76,65],[-26,83],[-39,52],[-129,203],[-185,18],[-281,11],[-169,80],[-246,126],[-240,-3],[-112,-23],[-18,22],[-90,50],[-90,33],[-88,17],[-23,15],[-200,-104],[-198,-97],[-314,-80],[-110,-21],[-62,-69],[-32,3],[-58,52],[-82,-16],[-102,123],[-82,92],[-78,-23],[-34,4],[-24,-14],[-39,-62],[-11,-32],[-31,-18],[-14,-38],[-25,-24],[-58,30],[-97,83],[-119,142],[-79,71],[-182,-2],[-90,47],[-111,51],[-65,43],[-18,21],[-111,27],[-29,-18],[-30,-41],[-24,-9],[-90,7],[-34,13],[-50,-1],[-48,21],[-39,6],[-40,-18],[-62,-1],[-41,28],[-116,11],[-75,-14],[-16,21],[-34,81],[-29,85],[-23,32],[-29,103],[-33,83],[-50,93],[-38,32],[-26,54],[10,21],[-15,21],[41,115],[61,80],[27,47],[34,209],[19,44],[4,34],[31,86],[60,95],[23,55],[-15,63],[13,71],[3,89],[7,74],[-12,81],[-22,77],[-27,0],[-95,-41],[-62,-50],[-42,-15],[-32,1],[-97,-21],[-38,-15],[-53,26],[-43,3],[-74,-32],[-23,-26],[-51,-30],[-50,-22],[-9,31],[-52,11],[-62,52],[-38,18],[-48,7],[-54,38],[19,149],[24,130],[10,132],[59,210],[-5,187],[8,116],[-4,203],[-10,81],[-10,32],[-9,94],[-30,126],[-28,86],[-3,139],[-10,113],[-30,31],[-15,56],[-34,24],[-43,80],[-8,66],[-67,-35],[-44,29],[-47,62],[-25,-29],[-52,5],[-33,-21],[-92,24],[-16,20],[-129,281],[-43,56],[-89,81],[-32,55],[-54,196],[-127,99],[-12,80],[-28,75],[-15,7],[-18,69],[-78,125],[13,15],[8,59],[70,185],[-52,119],[-31,554],[19,165],[-16,467],[10,242],[-6,245],[-17,234],[-194,-128],[-520,-327],[-355,106],[-30,22],[-54,-15],[-40,13],[-70,34],[-26,-12],[-38,1],[-7,-20],[-68,-2],[-146,-304],[-153,201],[-192,264],[-193,276],[-158,144],[-2,320]],[[36933,65358],[-53,-10],[-24,38],[-33,31],[-18,49],[-3,41],[-25,-10],[-19,41],[-38,7],[-14,61],[-13,27],[-18,2],[-3,32],[17,44],[-43,68],[0,50],[15,16],[13,141],[-23,94],[25,60],[-10,19],[7,72],[-40,87],[-28,93],[-11,61],[1,47],[-13,79],[-8,15],[3,58],[-20,84],[-29,58],[-21,93],[-36,107],[-40,62],[-48,44],[14,59],[-34,48],[-8,36],[-32,38],[-74,152],[-31,47],[-15,83],[-36,104],[15,33],[-11,137],[-13,77],[-10,114],[-35,70],[-81,112],[-31,14],[-96,11],[-4,50],[-52,100],[-15,-3],[-20,84],[-26,15],[-37,61],[-11,45],[-34,56],[-13,54],[-43,66],[-54,105],[-10,40],[14,15],[0,50],[-15,131],[-74,-23],[-15,-17],[-45,-12],[-27,-22],[-34,16],[-57,-12],[-72,-4],[-38,-16],[-45,-30],[-76,-77],[-20,-12],[-13,-33],[-60,-56],[-16,-51],[-2,-129],[-77,-15],[-43,-32],[-38,-52],[-66,-131],[-42,-116],[4,-42],[-36,-61],[-25,-58],[-22,20],[-90,47],[-65,49],[-25,8],[-39,48],[-16,-33],[-25,-13],[-48,-63],[-44,-9],[-24,-20],[-33,32],[0,66],[-9,35],[4,53],[-7,90],[10,17],[-11,64],[-22,21],[-24,61],[-32,-12],[-51,-1],[-62,70],[-25,12],[-64,12],[1,16],[-35,4],[-18,41],[-43,2],[-24,12],[-39,-9],[-86,-39],[-127,-14],[-38,23],[-45,-3],[-86,69],[-43,-15],[-45,-5],[-35,-34],[-24,-6],[-37,38],[-64,33],[-27,29],[-8,42],[-17,11],[-12,118],[18,86],[7,58],[-18,62],[-32,6],[-61,110],[-29,40],[-22,13],[-37,-2],[-22,15],[-36,128],[-36,57],[-46,22],[-37,130],[9,38],[-8,38],[43,72],[3,45],[15,32],[33,7],[31,43],[62,4],[34,31],[44,12],[-13,88],[2,61],[-21,9],[-17,-25],[-49,14],[-12,-14],[-21,16],[-7,48],[-25,27],[-18,-3],[-43,106],[-59,103],[-53,-25],[-16,-24],[-17,9],[-52,-53],[-20,2],[-30,-24],[-82,26],[-71,-11],[-23,11],[-20,-18],[-21,8],[-34,-6],[-49,19],[-23,-16],[-42,-2],[-1,45],[-31,21],[-36,-8],[-6,-41],[-17,-28],[-19,3],[-57,-32],[-38,0],[-28,-27],[-41,21],[-43,1],[-26,-20],[-44,-17],[-27,9],[-8,-22],[-56,-14],[-26,-45],[-31,3],[-11,-18],[-39,-22],[-62,-46],[-44,-5],[-22,-41],[-66,-51],[-15,-38],[-70,-5],[-30,-20],[-25,-42],[-26,-7],[-21,15],[-41,3],[-20,-12],[-44,26],[-58,14],[-40,-3],[-30,-14],[-66,26],[-65,-5],[-17,5],[-23,-76],[-47,-14],[-14,14],[-18,-30],[-20,-6],[-39,27],[-64,-20],[-48,26],[-65,-13],[-34,16],[-41,-32],[1,-27],[-19,10],[-77,-49],[-50,30],[-17,-38],[-29,4],[-44,-24],[-38,11],[-49,-3],[-19,24],[-23,-15],[-1,-34],[-48,-47],[-23,-49],[-42,-21],[-55,5],[-18,-18],[-3,-33],[-30,-37],[-46,-30],[-9,-32],[-26,-28],[-30,-4],[-14,-30],[-39,0],[-47,-18],[-66,-36],[-37,-10],[-72,12],[-18,14],[-41,-16],[-41,26],[-43,2],[-10,-33],[-51,14],[-19,18],[-29,-28],[-79,-9],[-66,-41],[-46,19],[-44,-4],[-43,83],[-41,106],[-33,55],[-3,23],[-38,61],[-13,53],[5,90],[-26,27],[-8,25],[-54,14],[-32,41],[-88,6],[-55,18],[-57,64],[-18,6],[-38,42],[-34,12],[-66,55],[-13,32],[-37,-6],[-34,43],[-48,35],[-38,-10],[-9,-35],[-28,-11],[-14,18],[-57,2],[-55,-36],[-26,-5],[-32,10],[-37,-35],[-67,-30],[-24,-35],[-47,-13],[-17,-29],[-20,-70],[-40,-19],[-28,9],[-29,-62],[-24,-11],[-52,62],[-33,10],[-19,-11],[-103,8],[-41,-24],[-16,-52],[-25,-52],[-90,-93],[-34,-6],[-23,-54],[-51,-47],[-25,11],[-76,-60],[-28,4],[-34,-30],[-65,11],[-43,-19],[-7,-17],[-27,4],[-45,-58],[-32,51],[-24,5],[-52,32],[-55,2],[-33,22],[-24,57],[-62,43],[-35,39],[-35,80],[-3,32],[-20,30],[-10,39],[-34,84],[5,43],[-21,39],[-31,36],[-14,36],[-63,36],[-8,47],[-9,-25],[-43,10],[-23,-27],[-38,41],[-32,-10],[-4,-51],[-42,-29],[1,-36],[-21,-49],[-2,-43],[-70,-28],[-25,18],[-23,-4],[-6,-19],[-28,-14],[-35,15],[-41,-5],[-19,34],[-27,-16],[-77,65],[-56,-10],[-17,23],[-13,-9],[-38,38],[-46,-15],[-25,39],[-4,35],[-40,0],[-42,26],[-10,40],[-25,57],[6,-121],[-24,-38],[-29,-7],[-8,-59],[-24,-30],[-13,11],[-34,-43],[-66,-45],[-57,-60],[-16,-3],[-33,27],[-30,-30],[-34,-58],[-28,-34],[-15,-100],[-27,-71],[-19,-21],[-61,-9],[-41,8],[-57,-14],[-32,-36],[-28,-9],[-37,10],[-24,24],[-41,-17],[-94,16],[-20,24],[-20,-6],[-25,18],[-24,-4],[-36,12],[-46,30],[-16,31],[-24,-1],[-55,38],[-10,57],[-28,19],[-27,36],[-11,60],[-3,137],[-10,43],[15,6],[-31,142],[-7,10],[-59,-10],[-27,11],[-10,26],[-21,10],[-32,36],[-29,49],[-21,17],[-7,44],[-32,17],[-21,-10],[-43,53],[-14,47],[1,28],[-17,37],[-24,-3],[-15,23],[-23,-6],[-46,62],[-60,120],[7,77],[25,74],[1,49],[-10,42],[10,34],[-10,71],[-10,12],[7,87],[-14,76],[-15,1],[-20,58],[3,21],[-35,75],[-46,42],[-23,39],[-8,40],[-21,42],[-22,72],[-27,59],[33,44],[6,37],[-115,282],[-56,129],[-77,59],[-34,62],[-7,57],[9,41],[33,69],[-79,23],[-11,21],[-93,20],[-16,24],[-80,51],[-106,39],[-17,-9],[-46,22],[-44,38],[-32,0],[-67,-70],[-19,2],[-25,32],[-55,45],[21,96],[-12,32],[-27,36],[-21,8],[-60,69],[-41,70],[-4,22],[-84,41],[-13,13],[-50,-17],[-51,-7],[-28,54],[-38,34],[-70,-33],[-56,14],[-56,32],[-64,-16],[-162,47],[-41,-12],[-72,24],[-72,56],[-53,88],[-22,-5],[-39,11],[-22,21],[-51,-7],[-85,12],[-13,38],[-50,31],[-27,5],[-23,26],[-19,-4],[-29,21],[-40,59],[-6,34],[-27,9],[-30,-33],[-96,-2],[-50,-18],[-36,7],[-104,34],[-67,-43],[-4,-14],[-71,-34],[-16,-46],[-26,1],[-62,-79],[-19,-35],[-5,-48],[-13,-31],[0,-46],[-12,-48],[-78,-12],[-22,7],[-14,-47],[-42,-9],[-20,-61],[-16,1],[-3,-83],[-12,-35],[-55,-39],[-53,-81],[-38,-18],[-28,0],[-29,18],[-30,-1],[-20,18],[-53,18],[-51,-10],[-57,0],[-51,-30],[-44,-12],[-47,-2],[-86,92],[-47,79],[-14,39],[-50,61],[-36,75],[-33,39],[-14,-1],[-84,45],[-33,3],[-33,-22],[-29,16],[-67,53],[5,33],[-15,100],[5,56],[-17,51],[-2,74],[-55,9],[-34,21],[-54,70],[-28,21],[-11,41],[-40,22],[-25,3],[-82,74],[-78,108],[-36,-29],[-4,-25],[-33,-28],[-44,-20],[-58,16],[-11,-14],[-36,45],[-37,26],[-58,78],[-26,22],[-80,99],[-24,-5],[-23,47],[-22,107],[-52,39],[-46,77],[-33,20],[-18,-6],[-61,98],[-22,14],[6,63],[-53,17],[-27,-4],[-42,35],[-43,66],[-18,40],[-19,-3],[-39,55],[-11,28],[-45,49],[-63,11],[-60,-11],[-28,5],[-17,47],[-90,32],[-107,71],[-45,-10],[-4,9],[-50,5],[-21,19],[-31,115],[-29,85],[-76,118],[-38,9],[-43,25],[-18,26],[-63,1],[-65,29],[-14,20],[-100,58],[-20,-4],[-29,-34],[-48,3],[-12,-37],[-54,-53],[-8,8],[-42,-13],[-37,-25],[-65,16],[-19,-21],[-29,23],[-20,-9],[-38,18],[-23,-12],[-63,16],[-25,56],[-36,24],[-40,48],[-35,1],[-51,-31],[-32,3],[-57,23],[-35,38],[-63,24],[-29,37],[-21,13],[-17,-30],[-34,-116],[0,-27],[-30,-59],[-18,-18],[-22,21],[-29,4],[-73,-54],[-73,31],[-31,3],[-82,-65],[-55,-17],[-34,-36],[-61,-99],[-23,-17],[-27,-50],[-43,6],[-11,14],[-25,-41],[-55,-45],[-86,-17],[-42,11],[-17,19],[-41,13],[-111,-22],[-110,55],[-30,32],[-62,36],[-53,-18],[-27,19],[-46,4],[-38,27],[-38,38],[-36,72],[1,27],[-64,19],[-30,-2],[-39,-31],[-15,-50],[-30,-38],[6,-60],[12,-55],[-48,-77],[-17,-38],[-56,-29],[-71,-12],[-38,-30],[-17,-42],[-12,-98],[-30,-15],[-33,5],[-46,-18],[-26,-51],[-15,-82],[-31,-54],[-40,-33],[-37,-15],[-10,-33],[-44,-15],[-90,26],[-62,44],[-40,0],[-76,-34],[-26,6],[-94,-9],[-43,-28],[-52,-45],[-24,-4],[-23,25],[-17,53],[-9,51],[-28,48],[-58,-21],[-49,44],[-48,62],[-29,65],[-32,41],[-17,5],[-25,34],[-17,5],[-92,53],[-14,62],[1,53],[-18,113],[-18,50],[3,67],[-19,17],[-43,-2],[-10,17],[-41,-80],[-21,-30],[-58,5],[-38,20],[-110,-53],[-6,-34],[-37,-41],[-29,14],[-173,139],[-20,1],[-54,49],[-21,2],[-89,37],[-158,-39],[-39,-15],[-26,18],[-37,0],[-32,-24],[-52,-9],[-22,5],[-93,-7],[-53,6],[-66,65],[-40,15],[-38,72],[-39,38],[-66,45],[-98,103],[-12,79],[-93,-3],[-43,24],[-16,-17],[-99,-41],[-44,13],[-31,-20],[-40,13],[8,-43],[63,-431],[23,-107],[-4,-58],[8,-20],[-2,-54],[-23,-59],[-3,-62],[-15,-55],[4,-61],[23,-127],[-11,-53],[-28,-33],[-48,-26],[-68,-22],[-237,-235],[-12,-21],[-14,-64],[13,-3],[-20,-47],[-16,-65],[41,-56],[-2,-49],[-17,-68],[-1,-40],[56,-44],[-5,-50],[12,-30],[3,-85],[7,-41],[-24,-4],[-19,-74],[7,-30],[-10,-107],[3,-153],[-24,-21],[12,-57],[-23,-16],[12,-59],[78,-61],[4,26],[36,-60],[25,-19],[2,-19],[39,-51],[26,3],[-28,-114],[-24,-36],[-47,-105],[-18,-13],[-50,-63],[-46,-43],[-37,-58],[-10,-49],[-18,-10],[-28,-74],[-21,-91],[-7,-78],[-18,-2],[-76,-124],[-29,-39],[-4,-27],[-51,-26],[7,-128],[-7,-51],[5,-52],[43,-50],[5,-28],[31,-50],[2,-61],[13,-104],[17,-7],[22,-57],[-8,-89],[15,-7],[15,-87],[-15,-38],[-34,-128],[0,-46],[-25,-28],[2,-18],[-22,-32],[1,-28],[-23,-56],[-13,-96],[-12,-19],[-18,-149],[7,-50],[14,-38],[-12,-32],[0,-71],[-9,-55],[-45,-46],[-12,-55],[-40,-74],[-22,-28],[-19,-62],[-33,31],[-14,-46],[-43,-15],[-20,8],[-22,-23],[-8,-97],[-22,-30]],[[9579,69825],[0,-92],[-13,-30],[12,-98],[-16,-41],[-45,-35],[-23,-64],[-27,-21],[-7,-96],[-7,-28],[42,-36],[6,-26],[-12,-64],[-46,-66],[3,-41],[-11,-50],[-23,-44],[-71,-50],[-2,-49],[55,-62],[5,-36],[27,-47],[25,-18],[31,-128],[21,-8],[37,5],[20,45],[18,1],[44,70],[30,22],[24,35],[18,49],[59,31],[48,-23],[59,22],[14,34],[18,9],[-2,25],[22,24],[36,14],[44,50],[9,-2],[53,38],[75,4],[24,18],[21,-20],[40,15],[20,-29],[41,41],[49,36],[19,32],[27,7],[34,53],[26,-2],[26,31],[48,18],[26,35],[17,-23],[14,12],[10,-28],[34,19],[37,48],[47,27],[15,70],[-8,17],[40,50],[19,48],[31,37],[27,54],[33,20],[15,41],[41,46],[37,-9],[23,54],[17,14],[27,-16],[39,68],[129,13],[108,86],[10,-36],[2,-58],[24,-49],[16,-57],[87,-90],[55,-10],[44,-39],[6,-87],[16,-44],[26,-40],[-3,-43],[14,-8],[-4,-33],[31,-100],[28,-47],[3,-53],[51,-43],[6,-20],[60,-64],[33,-23],[93,-84],[54,-12],[57,-21],[18,10],[28,41],[39,-4],[39,-14],[16,12],[39,-4],[26,22],[44,14],[3,-60],[25,-57],[46,-46],[20,8],[19,31],[40,6],[30,-17],[8,-26],[35,-8],[33,46],[60,-41],[11,-45],[38,-29],[2,-27],[60,-71],[33,-1],[60,-60],[33,-25],[61,-21],[17,-43],[82,-92],[13,-43],[-29,-116],[45,-10],[55,42],[13,-15],[38,7],[52,-43],[11,-34],[13,-132],[41,-90],[34,-13],[47,0],[42,41],[61,30],[41,-28],[14,11],[45,-29],[37,-2],[16,-18],[26,-75],[36,-77],[-42,-106],[-28,-92],[-5,-34],[27,-33],[3,-151],[15,-70],[19,-13],[-11,-106],[-14,-50],[22,-58],[46,-51],[21,-36],[-8,-25],[32,-94],[-17,-35],[6,-14],[0,-90],[-20,-42],[8,-50],[-5,-30],[-37,-11],[-6,-25],[16,-69],[-1,-39],[18,-49],[49,-43],[10,-29],[23,-14],[11,-32],[56,-91],[14,-6],[49,-107],[62,-116],[16,11],[85,-36],[91,46],[54,73],[21,-63],[42,19],[5,-12],[50,-23],[7,-22],[4,-88],[21,-117],[-11,-151],[-144,-384],[-54,-132],[-98,-283],[-183,-106],[-25,-44],[-26,3],[-13,-20],[-15,10],[-39,-28],[-42,-83],[-8,-91],[-61,-18],[-39,50],[-61,15],[-33,22],[-35,-24],[-25,9],[-19,-74],[-21,-30],[-7,-54],[-24,-39],[-29,11],[-25,-44],[-23,-75],[-252,90],[-77,-35],[-89,-60],[-16,-37],[3,-33],[-49,-118],[-33,81],[-30,4],[6,-50],[-10,-54],[-28,-53],[-48,-9],[9,-49],[-7,-38],[-24,-24],[-36,-11],[-35,-49],[-21,-55],[-4,-31],[-70,-49],[-15,-20],[-67,-27],[-42,2],[-31,-26],[-15,4],[-29,-25],[-39,-56],[-25,-57],[-48,-33],[-3,-22],[-31,-38],[-115,-53],[-18,19],[-54,-10],[-57,-2],[-26,-15],[-42,17],[-43,-28],[-28,-68],[-17,-22],[-12,-43],[-20,-16],[-18,-48],[-11,-68],[-31,14],[-56,-7],[-54,-37],[-37,2],[-10,-71],[11,-72],[-13,-69],[-70,-80],[-16,-2],[-28,-31],[23,-57],[-1,-87],[-13,-94],[19,-22],[5,-68],[-11,-39],[5,-80],[-4,-72],[11,-64],[2,-88],[11,-75],[23,8],[22,-17],[15,-56],[0,-65],[17,-5],[-3,-121],[5,-30],[37,-54],[-7,-24],[17,-43],[-14,-186],[0,-84],[-40,-73],[-11,-78],[-23,-29],[-37,-15],[-27,-41],[-20,-57],[-34,-36],[-3,-22],[-57,-64],[-31,-17],[-30,12],[-32,-40],[2,-23],[-21,-11],[-4,-47],[-17,9],[-10,-31],[-18,9],[15,-36],[-42,-84],[-5,-46],[-9,3],[-9,-47],[-52,-22],[-20,0],[-31,-64],[-20,-1],[-27,-39],[-27,-54],[-13,-58],[4,-50],[59,-69],[4,-23],[42,-9],[8,-24],[32,-32],[38,-63],[36,-14],[26,-57],[0,-23],[-22,-13],[8,-40],[-21,-18],[2,-98],[21,-29],[-50,-12],[0,-71],[-16,-35],[-3,-61],[18,-39],[-8,-35],[32,-108],[91,-115],[25,-53],[24,-93],[-5,-95],[-11,-36],[6,-29],[32,-60],[13,-48],[32,8],[24,47],[31,17],[21,-54],[34,-29],[69,-74],[30,-10],[42,-114],[37,-26],[32,-82],[12,-48],[-8,-33],[16,-59],[2,-54],[24,-45],[-1,-38],[22,-76],[63,-75],[12,-50],[10,-87],[33,-110],[19,-15],[21,5],[47,-78],[50,-27],[38,-4],[82,25],[55,53],[24,0],[27,33],[24,0],[12,-21],[34,-16],[14,9],[21,-35],[53,-49],[25,-42],[40,-32],[35,-8],[20,-88],[2,-36],[25,-34],[5,-38],[18,-35],[78,-59],[43,-18],[21,-35],[16,-48],[17,-92],[39,-18],[41,-42],[68,-6],[96,-116],[36,-16],[39,-48],[20,-50],[39,-42],[35,-2],[24,-41],[22,-12],[25,-36],[59,-11],[14,-20],[44,-28],[40,-14],[-1,-29],[27,-6],[12,-18],[20,-102],[21,-22],[26,-61],[39,-67],[20,-18],[50,5],[11,-21],[47,-41],[25,-45],[13,10],[71,2],[58,37],[29,7],[23,-45],[81,47],[45,5],[46,-7],[21,-18],[116,-16],[42,37],[64,-12],[23,-20],[58,-22],[19,-36],[59,-57],[59,-27],[26,-69],[12,10],[19,-24],[28,-7],[40,14],[16,-5],[57,-174],[71,21],[44,-3],[73,-21],[20,24],[27,-14],[-7,-103],[32,-22],[25,-37],[6,-35],[20,-11],[2,-33],[19,-38],[51,-18],[56,-41],[12,27],[49,57],[29,11],[45,-65],[21,-46],[15,-12],[63,-8],[80,-51],[48,-10],[43,-32],[31,16],[52,-42],[45,21],[33,48],[34,17],[12,21],[30,6],[40,35],[42,-11],[50,47],[26,36],[40,-18],[25,-81],[24,-34],[51,-35],[52,-52],[25,-11],[61,0],[48,15],[18,29],[23,0],[11,46],[36,15],[30,36],[16,42],[56,97],[31,40],[56,-12],[35,12],[22,-9],[58,10],[13,-31],[33,-32],[44,-16],[11,-19],[28,-3],[42,71],[43,15],[31,32],[35,-17],[8,-19],[34,-20],[51,-9],[53,27],[48,5],[47,33],[46,-37],[33,-4],[45,33],[60,23],[6,23],[15,-28],[62,-6],[70,74],[108,-38],[81,5],[54,16],[37,25],[28,3],[32,-26],[3,26],[26,66],[59,93],[42,20],[71,100],[6,44],[24,12],[71,12],[17,15],[40,2],[60,-80],[26,-8],[22,-60],[55,-58],[8,5],[43,-67],[31,5],[34,34],[52,18],[17,31],[35,27],[24,-23],[25,6],[20,32],[24,10],[34,40],[4,29],[25,20],[25,49],[58,-12],[14,72],[51,-35],[40,-45],[28,11],[105,16],[67,4],[84,-13],[59,-32],[22,-44],[103,-90],[56,-40],[34,-42],[83,-167],[121,-116],[-11,-179],[0,-36],[46,-37],[-8,-50],[-24,-45],[10,-68],[-12,-215],[25,-91],[19,-33],[13,-65],[-67,-28],[2,-108],[-17,-100],[-47,-173],[20,-50],[8,-54],[13,-30],[-19,-21],[-41,8],[-82,-38],[-50,-11],[-23,-18],[-56,13],[-39,-36],[-26,-43],[-17,-54],[2,-45],[-17,-43],[-44,-76],[-14,-100],[-15,-9],[-32,-61],[-3,-36],[-26,-55],[-12,-72],[17,-23],[-26,-99],[-4,-82],[4,-82],[-5,-78],[3,-43],[-10,-42],[-39,-63],[-39,-46],[-25,-61],[-30,-96],[-8,-6],[-45,-96],[-103,-203],[-23,-180],[-32,-82],[-41,-156],[-55,-107],[-51,-24],[-226,0],[-286,78],[-34,24],[-70,-72],[-19,-7],[-23,22],[-48,-4],[-28,20],[-31,-19],[-18,-37],[-34,-212],[-30,-66],[-21,-13],[-92,-32],[7,57],[-9,50],[-36,70],[-29,17],[-34,-11],[-43,21],[-62,-81],[-53,-148],[-24,-26],[-200,32],[-26,-25],[-34,18],[-44,-16],[-46,2],[-47,27],[-35,-4],[-27,-44],[-2,-57],[-20,-21],[8,-23],[-23,-87],[-29,-25],[-24,-55],[-46,20],[12,-212],[-14,-14],[-54,26],[-132,48],[-62,1],[-46,-13],[29,-40],[22,-68],[-57,-27],[-26,-42],[-68,69],[-56,-137],[11,-43],[45,-49],[23,-3],[22,-62],[1,-61],[-7,-22],[-25,15],[-14,-26],[19,-56],[4,-38],[-36,-2],[-11,-71],[-18,6],[-45,-58],[-33,-24],[-32,-48],[-28,20],[19,-51],[22,-90],[0,-27],[-20,-16],[-110,-29],[28,-70],[-58,6],[-32,-20],[16,-90],[-22,-19],[-4,-74],[-28,-11],[0,-28],[18,-19],[24,-3],[48,-32],[2,-11],[-53,-184],[89,-48],[17,-251],[-21,-61],[5,-53],[-39,-7],[-11,-28],[14,-100],[-5,-97],[-65,70],[-55,46],[-48,3],[-26,-7],[-26,33],[-23,6],[-7,-17],[16,-54],[-14,-36],[25,-31],[0,-106],[-13,-5],[-4,-51],[13,-60],[0,-66],[41,-33],[78,-128],[14,-73],[-23,-96],[0,-36],[12,-33],[85,-93],[40,-60],[58,-138],[63,-92],[12,-39],[18,8],[29,-33],[19,-53],[12,-73],[38,-36],[19,-6],[16,-42],[76,-9],[30,-11],[20,19],[28,-81],[7,-96],[-30,41],[-35,17],[-31,-47],[-12,-84],[-27,-105],[14,-2],[-1,-54],[25,-28],[-34,-15],[-26,1],[-6,-45],[3,-48],[-11,-74],[-18,-47],[26,-33],[-6,-23],[40,-57],[-16,-43],[40,-28],[-8,-26],[-5,-131],[2,-52],[-6,-38],[6,-131],[-23,15],[-11,-94],[-15,-17],[5,-32],[-17,-44],[19,-95],[12,5],[25,-79],[30,-43],[6,-26],[-20,-52],[-28,-16],[-26,-32],[25,-87],[24,-13],[0,-36],[18,-63],[-1,-53],[-10,-15],[38,-69],[17,-9],[30,-53],[6,-58],[24,-47],[16,-78],[4,-84],[10,-31],[-30,-57],[27,-48],[72,-20],[12,-40],[16,-2],[11,-54],[-7,-30],[10,-61],[-15,-9],[21,-97],[24,-20],[-47,-110],[-7,-34],[-26,85],[-29,-7],[-12,-35],[-35,-28],[-41,-16],[-12,37],[-46,10],[-31,94],[-39,-22],[-33,50],[-25,21],[-114,11],[59,-67],[14,-83],[24,-57],[16,-86],[-1,-39],[-16,-75],[-37,-43],[-29,6],[-29,-81],[-47,-8],[-17,42],[-45,82],[-11,44],[0,41],[-66,5],[-44,51],[-54,-13],[-28,-17],[33,-41],[0,-40],[14,-26],[-1,-34],[-17,-141],[3,-27],[-26,-40],[-10,-56],[-43,-18],[-2,-63],[16,-19],[47,-94],[-26,-62],[23,-34],[-52,-113],[-22,39],[-44,-26],[-95,79],[1,34],[-226,178],[-18,131],[-69,122],[-76,-35],[-31,15],[-79,135],[-27,5],[32,-144],[-16,-76],[-9,-79],[28,-103],[39,-36],[5,-93],[-18,-13],[2,-35],[29,-16],[-44,-83],[10,-75],[-62,22],[-24,-6],[-46,-119],[9,-62],[26,1],[54,-100],[9,2],[22,-72],[0,-64],[119,-26],[62,-21],[131,9],[50,-82],[-62,-148],[-12,-56],[67,-41],[5,-23],[-22,-139],[8,-58],[20,-31],[10,-39],[41,-40],[-1,-97],[-10,-29],[-22,-7],[-127,106],[-42,50],[-51,41],[-41,-5],[-11,70],[-19,33],[-37,-11],[19,-140],[2,-46],[-16,-5],[4,-37],[13,-1],[-2,-146],[17,-136],[85,-92],[31,-82],[10,-42],[-29,-165],[-59,-310],[50,-115],[-21,-219],[-26,-49],[6,-47],[0,-91],[-10,-59],[-7,-110],[10,-138],[24,-53],[22,-205],[-44,-163],[-6,-53],[0,-77],[-421,-280],[22,-131],[14,-25],[66,-4],[27,-38],[17,-4],[58,-50],[55,-99],[2,-53],[10,-13],[61,-13],[85,-41],[37,-99],[-1,-43],[46,-77],[12,-68],[33,-122],[8,-78],[-9,-38],[-28,-22],[-32,-107],[-20,-50],[-5,-38],[-21,-73],[18,-46],[55,-69],[43,-64],[40,11],[45,-38],[56,-75],[64,-124],[94,-21],[33,-19],[110,-47],[25,4],[25,-18],[68,-67],[6,-40],[55,-94],[25,-5],[53,-64],[91,-69],[81,36],[51,39],[42,18],[23,-23],[80,-24],[28,12],[45,2],[4,-61],[-15,-87],[21,-73],[36,-50],[22,-56],[-23,-98],[24,-30],[16,-2],[15,-68],[0,-28],[62,-53],[44,-54],[18,-32],[19,-104],[31,-10],[27,-26],[21,-68],[13,-80],[-6,-45],[21,-61],[24,-42],[25,-99],[22,-55],[42,-69],[17,-56],[38,-63],[33,-21],[36,-10],[32,32],[35,-139],[124,-218],[34,-36],[72,4],[36,-41],[20,10],[27,-11],[38,-48],[57,-26],[47,-33],[39,-41],[57,90],[18,-78],[-23,-79],[-12,-79],[52,-59],[45,-41],[7,-52],[15,-38],[14,-110],[56,-109],[34,-85],[68,-5],[34,42],[19,45],[53,32],[49,59],[32,18],[39,41],[55,91],[34,-35],[-18,-347],[64,-15],[140,-10],[95,-112],[155,-177],[69,-63],[9,33],[20,-5],[44,19],[33,-99],[-27,-6],[-4,-20],[45,-46],[100,-92],[197,-200],[82,-79],[2,-67],[21,-101],[10,0],[-67,-144],[13,-88],[15,-33],[49,32],[37,-20],[23,-42],[35,-29],[17,0],[62,35],[109,-56],[73,-22],[105,-24],[53,-62],[16,-35],[39,-15],[71,-13],[40,-32],[38,-57],[8,20],[196,-155],[112,-94],[8,-23],[-8,-38],[35,-89],[11,-9],[-103,-239],[-3,-46],[28,-7],[83,-57],[34,-17],[101,-192],[68,-116],[35,-78],[75,-99],[135,-233],[29,-54],[128,258],[48,89],[10,-23],[-1,-39],[11,-16],[53,23],[5,-28],[38,-61],[45,-11],[81,-113],[135,77],[48,8],[30,41],[43,129],[46,65],[60,-8],[23,-12],[60,-11],[-16,-96],[22,-61],[53,-69],[26,-3],[84,-34],[31,-2],[-14,-97],[510,-156],[148,-47],[134,-48],[413,-154]],[[23241,31423],[-35,587],[-12,132],[-53,493],[-279,579],[-85,74],[-8,-3],[-62,78],[-23,-10],[-65,24],[-91,215],[16,334],[19,437],[-74,398],[-61,226],[18,23],[-4,33],[10,28],[55,43],[80,-18],[-18,109],[49,28],[32,69],[89,12],[104,63],[-27,132],[5,34],[23,445],[7,95],[14,89],[74,144],[40,-34],[18,1],[17,30],[72,70],[31,35],[11,124],[0,101],[-5,81],[-31,79],[2,126],[10,17],[-36,76],[-12,55],[-17,37],[-12,73],[0,93],[31,13],[-13,75],[9,37],[11,104],[18,36],[-37,23],[-45,-6],[-27,7],[-71,-117],[-37,-46],[-74,-13],[-62,65],[-9,54],[29,48],[-18,182],[-5,118],[-8,17],[45,56],[31,76],[51,40],[14,80],[37,-23],[-18,40],[19,22],[-5,76],[-19,23],[2,27],[-26,65],[-13,50],[19,12],[58,-42],[82,-20],[69,12],[19,-24],[48,-18],[77,25],[36,-51],[29,11],[27,32],[17,-1],[69,74],[16,-6],[31,32],[11,31],[-9,37],[0,59],[12,103],[52,101],[32,39],[37,98],[-3,30],[23,52],[-34,107],[-4,81],[13,60],[41,65],[35,25],[29,5],[57,-77],[37,8],[18,-19],[27,24],[14,-6],[58,44],[7,58],[-68,5],[-51,37],[-16,36],[-41,49],[36,48],[14,38],[-48,17],[20,35],[11,58],[-6,37],[43,-8],[20,23],[26,-2],[14,27],[-42,67],[23,81],[24,10],[38,45],[13,-55],[25,31],[-23,92],[-45,-8],[-24,-43],[-37,18],[-26,46],[-28,32],[23,117],[36,87],[64,56],[36,15],[59,8],[35,-16],[13,-25],[29,-16],[-20,85],[-1,97],[-22,106],[-13,0],[1,68],[17,78],[29,46],[23,104],[11,15],[68,-29],[75,22],[57,-17],[14,11],[1,35],[-32,59],[22,45],[-3,68],[-10,61],[25,62],[85,-75],[70,-38],[53,-22],[57,2],[19,-21],[23,13],[6,24],[23,-21],[13,12],[80,27],[68,31],[14,59],[27,26],[18,40],[3,63],[-6,28],[4,78],[-27,45],[-3,46],[-17,-1],[-22,24],[10,35],[21,15],[22,72],[19,11],[15,67],[66,38],[41,42],[39,9],[51,50],[70,13],[52,67],[11,48],[-23,47],[11,54],[-4,175],[28,-10],[41,13],[44,25],[9,21],[-24,29],[28,57],[22,23],[27,9],[23,44],[25,20],[30,64],[67,41],[19,-3],[34,30],[39,64],[-7,56],[3,42],[36,57],[16,51],[-4,49],[5,71],[23,101],[-9,21],[11,61],[-5,19],[20,82],[-12,46],[-24,32],[19,17],[47,72],[20,55],[47,3],[44,56],[24,-2],[46,51],[7,50],[-9,35],[-1,48],[21,52],[9,90],[30,54],[6,45],[-23,122],[-31,61],[-18,75],[-23,62],[-22,33],[-7,44],[17,88],[-1,101],[25,53],[23,87],[-28,28],[-11,26],[4,40],[-23,130],[9,86],[21,71],[27,44],[15,87],[24,106],[-1,99],[21,64],[40,48],[19,71],[27,30],[13,35],[-4,41],[18,67],[58,68],[32,29],[40,17],[80,54],[36,9],[29,33],[-6,72],[12,65],[13,31],[-4,51],[34,114],[49,54],[81,38],[16,-20],[44,-25],[71,31],[45,-15],[42,15],[7,-12],[75,27],[30,-10],[73,6],[55,21],[23,-12],[47,-56],[36,-6],[43,43],[38,78],[3,139],[-5,83],[79,51],[11,42],[-7,35],[9,102],[32,17],[25,62],[133,20],[30,-2],[25,34],[36,22],[27,37],[66,-28],[18,-35],[45,-22],[41,3],[39,-12],[64,-4],[56,-35],[29,36],[49,28],[13,-79],[36,-27],[19,-27],[40,-18],[13,-19],[47,-30],[69,-25],[26,-1],[51,-25],[9,-53],[42,-6],[51,6],[21,27],[39,14],[69,-29],[29,-19],[59,-61],[48,-25],[68,-9],[29,35],[19,8],[53,-10],[18,30],[51,55],[23,-10],[22,12],[57,-15],[12,-21],[70,-16],[55,-123],[38,-51],[22,-59],[46,-43],[31,-46],[60,2],[34,15],[49,-37],[16,-35],[72,-35],[78,22],[14,20],[46,18],[14,-9],[32,42],[14,-2],[-2,51],[16,66],[-9,59],[17,42],[-14,40],[15,54],[26,49],[68,86],[39,73],[-9,109],[-39,60],[-38,149],[3,45],[14,25],[14,-15],[39,96],[4,36],[-29,15],[-19,27],[-64,20],[-30,69],[-36,34],[-55,74],[-30,51],[-23,74],[-4,72],[19,106],[2,51],[-19,97],[-6,70],[31,1],[42,40],[-14,87],[9,89],[-6,62],[4,65],[-16,94],[58,16],[77,60],[19,44],[38,40],[30,91],[35,26],[37,46],[15,1],[61,47],[42,-7],[38,16],[41,3],[35,-9],[34,105],[21,-32],[5,-35],[36,56],[8,51],[27,38],[24,108],[20,138],[-2,24],[17,62],[8,61],[29,37],[29,8],[34,28],[18,33],[-2,65],[18,35],[36,-82],[60,-76],[27,-20],[29,-4],[39,125],[53,-42],[34,146],[-49,69],[20,110],[-18,97],[25,86],[32,-74],[8,-33],[51,-20],[66,24],[70,54],[102,-76],[-9,-181],[-14,-70],[3,-71],[12,-26],[38,-48],[29,-13],[50,20],[9,-8],[11,64],[19,61],[32,78],[5,46],[52,115],[41,43],[-4,29],[3,113],[-49,64],[-4,118],[-7,64],[3,109],[167,47],[95,15],[39,-6],[96,-64],[27,-24],[15,8],[111,175],[10,-16],[30,44],[45,34],[78,86],[82,27],[73,34],[53,44],[56,12],[7,-41],[89,83],[59,44],[37,20],[54,40],[19,52],[29,33],[-128,183],[-44,72],[-30,11],[-20,33],[-34,83],[-29,153],[-3,83],[-21,57],[-43,88],[-21,60],[-49,86],[-15,43],[1,52],[11,154],[-14,176],[-16,82],[-18,43],[-60,86],[41,37],[33,-88],[51,37],[-4,-60],[10,14],[68,27],[11,-44],[85,53],[19,-62],[65,54],[9,-6],[91,84],[22,1],[2,25],[19,34],[34,23],[7,-16],[78,-6],[61,-18],[38,-1],[62,-24],[59,-37],[-12,-146],[95,21],[177,26],[34,-10],[81,31],[382,159],[31,8],[20,101],[23,68],[61,4],[11,50],[25,-11],[76,37],[8,20],[39,14],[70,46],[4,59],[-5,46],[-69,10],[-21,-5],[-98,85],[-23,46],[2,39],[-48,61],[-4,16],[-41,24],[29,121],[10,5],[113,1],[11,51],[41,-21],[60,-1],[35,48],[18,51],[27,-43],[48,-95],[77,-33],[79,-44],[14,-20],[29,-10],[51,17],[18,46],[41,24],[15,19],[40,-13],[26,-38],[32,-74],[24,-15],[29,21],[20,-23],[35,5],[59,32],[62,5],[42,32],[33,-8],[40,14],[49,-12],[14,-30],[28,-25],[11,-59],[25,-66],[31,-30],[19,0],[32,-25],[23,-34],[34,-9],[13,-85],[19,-23],[9,-35],[23,26],[3,-114],[-2,-59],[19,-2],[-3,-43],[12,-3],[-1,-104],[-28,2],[0,-41],[27,1],[6,-88],[23,10],[91,10],[2,-6],[137,-175],[108,-151],[56,-89],[44,-48],[6,-89],[-7,-97],[-65,-130],[30,-106],[24,-131],[26,-66],[40,35],[75,22],[48,-9],[24,-72],[6,-83],[17,-56],[70,-26],[60,13],[43,-21],[50,18]],[[9579,69825],[-19,19],[-58,20],[-30,32],[-35,14],[-24,35],[-53,42],[-19,38],[-61,-17],[-29,-1],[-19,-26],[-19,9],[-29,-19],[-30,18],[-62,13],[-25,50],[-34,-9],[-41,7],[-21,-32],[-40,3],[-39,-22],[-23,5],[-72,-17],[-66,12],[-36,-14],[-28,-24],[-29,67],[-7,62],[21,59],[-3,107],[-61,65],[-27,14],[-42,51],[-15,0],[-2,47],[-48,-33],[-43,22],[-14,-6],[-6,-42],[-82,-58],[-38,-40],[-48,9],[-37,-26],[-69,-1],[-38,-44],[-25,-75],[-91,-5],[-25,-18],[-32,18],[-64,22],[-66,68],[-38,-30],[-13,-31],[-18,2],[-12,-25],[-44,47],[-50,-58],[-25,-56],[-19,-19],[-29,-77],[-21,5],[-30,-35],[-34,20],[-17,-14],[-52,57],[-14,40],[-23,6],[-9,26],[-28,30],[-15,-43],[-33,-7],[-32,-86],[-24,0],[-5,-20],[-27,33],[-40,17],[-24,-20],[-36,-50],[-33,-23],[-50,-5],[0,-31],[-37,25],[-17,38],[-27,15],[-52,-92],[-18,-11],[-3,-31],[-61,-30],[-11,-35],[-45,-2],[-4,-76],[-23,14],[1,-27],[-47,-166],[-36,-33],[-1,-35],[-35,-40],[-31,-11],[-4,-19],[-54,-15],[-34,43],[-19,1],[-10,-49],[12,-59],[-6,-36],[-49,-71],[-39,-81],[1,-17],[-27,-125],[-12,-372],[1,-66],[-6,-117],[-21,-102],[-19,-71],[31,-241],[-6,-77],[12,-57],[-59,15],[-31,-36],[-8,7],[-23,-134],[-4,-53],[-17,-70],[-25,-23],[-11,7],[-25,-68],[-37,-79],[-61,-148],[-2,-16],[-82,-141],[-33,29],[-15,32],[-36,-11],[-20,21],[-36,-25],[-52,-9],[-24,-29],[-28,-75],[-47,-46],[8,-72],[-11,-29],[-24,-14],[-36,-91],[-73,-65],[-76,9],[-46,21],[-32,-28],[-18,-1],[-10,-33],[-35,16],[-38,-51],[-62,5],[-12,-40],[6,-47],[-10,-63],[-40,-68],[-6,-57],[9,-28],[-36,-66],[-68,24],[5,-43],[-13,-11],[-85,-20],[-108,110],[-8,-11],[-57,63],[-14,28],[-69,-107],[-106,-139],[-98,-97],[-55,-12],[3,-148],[-5,-40],[16,-60],[-2,-37],[22,-74],[-18,-20],[-15,-46],[-76,-24],[-56,2],[-13,-11],[-60,39],[-37,3],[-15,-13],[-42,-98],[-34,-25],[-50,-60],[-19,-41],[-52,-55],[-29,-49],[-41,-26],[-28,-39],[-32,-16],[-80,-17],[-115,-38],[-6,13],[-71,-4],[-14,-25],[-45,34],[-38,17],[-58,-51],[-34,-44],[-26,-7],[-22,-26],[-11,-69],[-16,-34],[-87,-96],[-35,-114],[-54,-68],[-43,-17],[-23,3],[-6,-48],[-53,-31],[-44,-48],[-44,-28],[-31,-2],[-9,22],[-71,64],[-66,20],[-66,54],[-57,1],[-23,11],[-14,-21],[-56,-3],[-75,10],[-32,13],[-17,-11],[-63,-6],[-18,9],[-37,-11],[-26,-36],[-23,-77],[-57,-22],[-40,-7],[-28,-33],[-45,5],[-56,-12],[-35,-67],[-11,-54],[-3,-67],[11,-75],[-12,-34],[-13,-105],[25,-46],[19,-68],[27,-41],[19,-46],[15,-12],[38,-153],[18,-13],[12,-35],[-39,-86],[6,-56],[24,-51],[26,-13],[33,-65],[-3,-85],[9,-39],[5,-157],[19,-38],[26,-25],[29,-118],[10,-71],[26,-48],[37,-51],[5,-21],[-41,-113],[28,-20],[-9,-36],[-20,-27],[6,-58],[-36,-42],[-42,15],[-30,-7],[-26,-24],[1,-31],[-20,-98],[-45,-109],[-16,-105],[-46,-81],[1,-44],[-9,-56],[-36,-38],[-55,-41],[-47,12],[-44,35],[-66,31],[-35,-6],[-43,9],[-30,-18],[-82,7],[-23,-51],[-85,-117],[-90,-111],[-31,-17],[-36,-101],[-34,-7],[18,-64],[-27,-43],[-6,-42],[16,-28],[-2,-40],[16,-64],[-12,-91],[7,-60],[-17,-39],[28,-61],[24,-81],[17,-26],[-4,-55],[17,-50],[-35,-28],[-33,-7],[-28,36],[-24,8],[-43,-17],[-45,4],[-54,-22],[-35,19],[-51,7],[-20,-7],[-23,-52],[1,-26],[-89,-305],[-260,-39],[-590,-92],[-1,-39],[25,-70],[28,-198],[14,-163],[74,-168],[58,-2],[36,72],[18,8],[4,33],[34,-5],[53,15],[53,-350],[51,-83],[18,-16],[33,-61],[28,-68],[-1,-77],[-22,-179],[20,-156],[3,-97],[15,-69],[-11,-45],[5,-145],[10,-89],[53,-82],[-6,-50],[10,-44],[-9,-54],[-32,-33],[22,-42],[21,-74],[-3,-46],[31,-87],[17,-23],[5,-48],[-17,-28],[-6,-51],[43,-31],[4,-45],[-26,-23],[39,-94],[15,-16],[-10,-41],[-16,-11],[17,-56],[-2,-36],[29,-70],[-13,-37],[13,-21],[52,-19],[42,-41],[22,-108],[57,-165],[7,-112],[19,-75],[0,-46],[13,-76],[61,-99],[20,-18],[54,-146],[60,-70],[38,28],[40,-65],[28,-22],[41,-10],[7,-62],[67,-54],[52,-76],[30,-12],[36,-34],[0,-40],[-37,-27],[-11,-27],[22,-90],[16,-39],[-15,-21],[-50,-19],[-1,-23],[-32,-26],[-31,-91],[-23,-17],[-39,10],[-21,-23],[-20,4],[-6,30],[-25,-20],[-17,-44],[-61,-18],[-8,-27],[10,-60],[109,-111],[46,-118],[1,-15],[-49,-276],[-45,-53],[-81,-39],[-35,-32],[7,-19],[-31,-73],[0,-32],[18,-77],[25,-55],[44,-34],[-37,-21],[23,-38],[149,-83],[73,-56],[107,-59],[13,-26],[28,-171],[389,368],[125,56],[107,15],[89,20],[62,241],[-130,631],[61,24],[81,-42],[255,66],[266,-174],[235,114],[162,-10],[40,-17],[50,-7],[38,5],[84,-28],[21,-21],[112,-56],[40,-5],[22,-25],[51,0],[44,-40],[21,3],[61,-42],[42,-45],[-19,-72],[51,-56],[-23,-31],[-45,-29],[2,-61],[52,-10],[34,-54],[33,-1],[30,-40],[27,-16],[41,8],[59,-21],[10,7],[64,-22],[18,27],[22,8],[37,-33],[21,8],[55,-11],[62,-24],[44,40],[25,68],[52,41],[21,4],[57,48],[22,6],[65,-18],[1,15],[135,71],[20,-62],[-10,-77],[-4,-125],[6,-196],[19,-8],[21,33],[66,36],[188,31],[53,-41],[29,-7],[69,-34],[52,-8],[42,-64],[36,-37],[40,-27],[64,-65],[52,-42],[112,-126],[58,-70],[41,-37],[66,-83],[-11,-68],[22,-110],[-1,-20],[-30,-55],[21,-49],[-17,-47],[10,-43],[34,-70],[23,-4],[6,-47],[42,-66],[8,10],[22,-61],[-7,-87],[-14,-39],[0,-216],[-11,-116],[8,-59],[2,-62],[52,-57],[23,47],[67,53],[25,-38],[19,26],[-14,-73],[20,-69],[30,-14],[15,-39],[9,26],[17,-1],[17,44],[41,41],[34,-29],[34,-4],[72,99],[34,29],[14,35],[43,77],[55,77],[39,46],[17,-29],[4,-90],[10,5],[17,53],[0,31],[14,15],[32,62],[45,39],[9,45],[36,38],[47,-75],[-17,-66],[-62,-69],[-35,-84],[-3,-37],[20,-13],[139,41],[197,-15],[31,-10],[160,28],[163,38],[38,-131],[-4,-26],[-24,-24],[-46,-78],[94,-82],[100,69],[144,104],[331,323],[16,17],[106,-76],[63,-28],[152,-54],[43,-19],[62,-38],[123,-97],[124,-86],[130,-162],[93,-256],[2,-35],[19,-11],[10,-52],[23,-35],[6,-51],[25,-87],[19,-37],[26,-95],[-10,-26],[-27,-21],[1,-96],[-54,-120],[-2,-52],[-26,-66],[-57,-125],[-34,-44],[-9,-36],[-24,-14],[-22,-32],[-24,-8],[-25,-49],[-7,-38],[-35,-54],[1,-24],[-28,-9],[-8,-44],[-14,-15],[-4,-58],[16,-48],[-17,-78],[22,-33],[18,-61],[1,-49],[16,-27],[17,-92],[-31,-37],[-11,-38],[11,-53],[-7,-62],[3,-51],[-18,-27],[-12,-67],[-27,-43],[-7,-44],[3,-45],[-68,-182],[-22,-28],[-3,-70],[-18,-79],[-42,-44],[-1,-55],[-25,-32],[-8,-51],[-22,-51],[-26,-8],[-3,-42],[-17,-36],[-2,-34],[-17,-33],[-48,-32],[-17,-24],[-18,-51],[-60,-86],[-14,-7],[-28,27],[-53,-7],[-40,21],[-13,-5],[-32,-65],[-19,-1],[-31,-82],[-48,-42],[-20,-47],[16,-33],[-3,-24],[-28,-29],[-25,-74],[-57,-10],[-17,-84],[-26,-43],[1,-52],[-28,-72],[-2,-48],[-15,-31],[-34,-22],[-28,-50],[-67,-66],[-17,-76],[-78,-4],[-32,-77],[-36,-17],[-17,-29],[-48,-30],[-5,-20],[-5,-104],[-10,-24],[-47,-45],[-77,27],[-20,-18],[-46,-89],[-6,-31],[-23,-28],[-61,-55],[-42,-22],[18,-56],[6,-41],[-16,-48],[-54,-39],[4,-66],[12,-37],[-6,-27],[-39,-54],[-55,-18],[-19,-15],[15,-95],[-12,-56],[-60,-75],[-65,-10],[-62,-48],[-28,-39],[-16,-66],[-48,-66],[-25,-12],[-34,8],[-42,26],[-32,1],[-8,-15],[1,-74],[-33,-76],[-24,-6],[-20,15],[-19,-16],[-18,-43],[-15,-109],[-13,-32],[-35,-15],[-24,-46],[-7,-41],[6,-63],[-38,-83],[-41,-34],[-11,-43],[-5,-70],[-24,-84],[-19,-14],[-46,61],[-36,4],[-59,-62],[-34,-66],[-82,25],[-40,-4],[-42,-35],[-15,-34],[-15,-75],[-114,-51],[-75,-69],[-39,-3],[-30,54],[-27,-20],[-4,-121],[-19,-44],[-27,10],[-22,29],[-65,57],[-47,-2],[-52,-45],[-18,-64],[18,-139],[-9,-96],[-22,-74],[-29,-32],[-89,-14],[-9,-24],[-7,-79],[-26,-55],[-53,-62],[-45,-31],[-22,-64],[-5,-34],[11,-117],[-7,-19],[-29,-9],[-27,13],[-39,54],[-21,-6],[-15,-67],[7,-44],[22,-63],[0,-75],[-53,-1],[-29,18],[-22,38],[-42,8],[-33,-39],[-37,-77],[-48,-59],[-50,-34],[-89,-91],[-37,-54],[-54,-30],[-32,5],[-85,63],[-42,-13],[-32,-84],[-41,-69],[-61,107],[-17,43],[-49,-6],[-44,-52],[-30,-85],[-20,-90],[-35,3],[-25,-10],[-44,-57],[0,-41],[34,-83],[5,-46],[-9,-175],[1,-39],[18,-68],[-17,-40],[-3,-37],[-20,-64],[-11,-87],[42,-19],[23,-49],[62,-13],[191,-94],[27,12],[36,-6],[6,-133],[-21,-39],[16,-32],[50,-59],[-13,-22],[-4,-60],[-22,-111],[-3,-111],[-16,-87],[10,-28],[-14,-23],[16,-48],[-15,-24],[-2,-64],[-42,-114],[-20,-14],[-8,-66],[-33,-28],[-11,-88],[6,-82],[-13,-50],[-4,-55],[-32,-76],[-26,-43],[-22,-16],[4,-38],[-14,-4],[-13,-70],[-21,-52],[-17,-20],[-11,-78],[-20,-39],[-1,-34],[-25,-58],[-10,-120],[-14,-40],[-70,-102],[-8,-25],[-18,22],[-28,-6],[-35,-34],[-58,19],[-16,-12],[-11,30],[-37,-23],[-12,-24],[-27,-8],[-5,-30],[-42,-68],[-44,15],[-57,-49],[-38,-16],[-33,-32],[11,-72],[32,-56],[-36,-53],[-25,4],[-59,-85],[-6,-65],[-14,4],[-9,-47],[42,-31],[35,-144],[52,-81],[39,-13],[42,-57],[60,-56],[34,-66],[31,-115],[-3,-24],[42,-82],[-7,-109],[13,-17],[0,-32],[20,-11],[7,-38],[31,-56],[24,-22],[16,-62],[23,-47],[22,-74],[33,-44],[1,-69],[16,-14],[11,-70],[26,-50],[7,-32],[59,-88],[14,-57],[35,-14],[19,-36],[9,-66],[42,-89],[46,2],[20,-10],[56,20],[63,-33],[24,-33],[31,4],[2,15],[32,13],[28,-7],[34,10],[36,-16],[58,-102],[16,-63],[25,-52],[14,-50],[9,-74],[19,-12],[57,-65],[38,-54],[29,-9],[94,21],[33,-34],[39,-157],[4,-44],[-7,-88],[16,-96],[79,-57],[28,5],[119,-36],[51,19],[48,-16],[51,-53],[51,-20],[67,28],[53,38],[19,55],[25,168],[33,71],[19,-15],[24,38],[8,-7],[58,20],[61,-11],[31,6],[111,-40],[53,-14],[47,23],[35,-17],[75,-54],[16,11],[71,-44],[23,15],[14,111],[39,77],[25,86],[27,31],[52,90],[29,69],[20,32],[17,54],[16,109],[18,29],[-18,106],[13,22],[-5,27],[19,30],[-2,39],[10,51],[38,57],[26,6],[32,30],[19,-3],[13,53],[16,1],[9,46],[29,29],[32,0],[43,64],[-33,90],[1,15],[43,17],[44,4],[32,-10],[20,16],[9,39],[48,38],[26,-18],[14,11],[28,-16],[12,10],[18,-33],[45,-32],[56,-9],[23,-48],[74,-28],[13,16],[75,-19],[38,-46],[16,-3],[15,-55],[21,-41],[36,-48],[38,-28],[31,18],[51,52],[20,7],[18,-18],[22,15],[31,-34],[19,37],[20,-3],[-8,-73],[18,-17],[35,10],[7,-51],[42,-15],[26,10],[49,84],[59,17],[10,16],[77,39],[39,54],[53,60],[48,-22],[36,31],[31,62],[42,55],[18,-36],[42,-49],[40,-77],[36,-32],[32,-62],[29,-30],[30,-61],[66,-82],[3,-14],[-116,-222],[9,-70],[14,-167],[-8,-60],[12,-81],[-11,-165],[2,-61],[23,-44],[-59,-51],[-25,1],[5,-70],[-20,-130],[23,-84],[-28,-183],[-22,-58],[1,-38],[-54,-345],[1,-31],[-13,-83],[4,-19],[-19,-83],[-18,-191],[-19,-60],[16,-12],[1,-82],[42,-228],[38,-183],[23,-122],[-11,-14],[11,-66],[28,-127],[14,-39],[-2,-96],[-78,-115],[-32,-27],[-22,-78],[-89,-148],[-58,-230],[-72,-136],[9,-22],[-5,-141],[-71,-133],[-61,57],[-20,-88],[-58,-116],[-65,-167],[-33,-160],[-14,-92],[-13,-126],[-11,-164],[-50,2],[1,-63],[-31,2],[-78,-315],[-1,-70],[-16,0],[-34,-134],[-11,-21],[-31,2],[-15,-37],[-34,-2],[-2,-40],[-52,-26],[-135,-128],[-48,-2],[-35,-28],[-36,-12],[11,-135],[-22,-32],[-3,-77],[-46,26],[-22,-11],[-18,-39],[18,-36],[-5,-42],[-19,-3],[-60,-156],[-11,-38],[-88,-232],[-33,-126],[5,-82],[29,-66],[61,-83],[64,-146],[52,-109],[-1,-11],[-187,-233],[-75,-242],[-22,-23],[6,-53],[-81,-466],[-29,-65],[-13,-72],[-24,-42],[9,-58],[-14,-32],[-11,16],[-20,-46],[-51,-40],[-45,-84],[-6,-28],[21,-22],[-9,-52],[22,-26],[16,-60],[-10,-84],[-41,-300],[13,-57],[36,-84],[-32,-15],[-38,12],[6,-66],[48,-1],[11,-40],[14,8],[360,-447],[70,-501],[49,-322],[148,-258],[-22,-333],[-6,-222],[30,1],[2,-56],[-34,-10],[8,-88],[-15,2],[-3,-84],[106,-119],[121,-128],[29,-36],[109,-19],[69,-36],[43,-38],[24,23],[54,13],[46,-27],[13,-33],[54,-63],[38,-19],[27,-26],[68,-22],[35,3],[30,-20],[-10,-123],[7,-98],[12,-61],[57,59],[26,37],[248,201],[86,68],[1,-212],[4,-9],[89,23],[53,-7],[10,16],[122,25],[77,20],[48,3],[90,25],[145,47],[149,-15],[202,-30],[23,-47],[21,-76],[1,-69],[45,-103],[49,-247],[23,-81],[40,56],[-1,72],[25,22],[82,97],[31,-96],[113,-111],[71,-77],[54,-69],[126,-200],[128,-190],[26,-34],[113,-238],[69,-93],[222,-279],[142,-134],[155,-124],[102,-126],[47,-20],[143,-91],[31,-26],[160,-206],[28,-64],[42,-49],[-26,-24],[-83,-4],[-11,-25],[63,-101],[83,10],[23,-24],[29,-94],[97,-77],[85,-104],[133,5],[241,15],[70,11],[69,28],[53,-114],[49,-133],[0,-120],[70,-30],[62,-15],[56,-24],[21,10],[54,-51],[16,-30],[118,5],[47,-35],[40,3],[96,-10],[39,-28],[277,-262],[164,-255],[48,-218],[30,-151],[6,-46],[75,-281],[26,-107],[72,-178],[87,-194],[82,-89],[43,-57],[357,-442],[236,-518],[12,-260],[2,-119],[29,-91],[15,-94],[4,-71],[-116,-150],[-29,-196],[12,-80],[22,-81],[9,-73],[24,-82],[8,-83],[74,-60],[52,-68],[39,-63],[87,-107],[49,-68],[56,-70],[41,-112],[16,-33],[136,-366],[47,-73],[35,-82],[113,-357],[93,-141],[238,-355],[82,-108],[9,-66],[18,14],[52,-61],[28,-46],[26,-13],[124,-162],[429,-493],[46,0],[30,-69],[237,-101],[148,-206],[41,-49],[41,-38],[45,-67],[107,-130],[100,-131],[-11,-159],[-97,-78],[-55,-38],[-22,-27],[-28,-59],[-56,-90],[-66,-78],[-32,-57],[-24,3],[-13,-30],[-14,3],[-79,-111],[-48,-57],[-80,-56],[-39,-44],[-58,-4],[-86,-108],[-55,-135],[-35,-43],[-38,-23],[-26,0],[-61,-55],[-30,-42],[-22,-7],[-22,-31],[-17,-55],[-121,-133],[-40,-31],[-48,-17],[-217,-99],[-11,-17],[-13,-83],[8,-52],[-9,-69],[-2,-91],[-15,-71],[14,-64],[-6,-83],[-31,-120],[-20,-53],[-20,-158],[-9,-29],[-37,-38],[-38,1],[-86,-30],[-36,-36],[-41,-79],[-87,-54],[-33,-32],[-23,-46],[2,-69],[-26,-56],[-52,-64],[-6,-64],[17,-84],[5,-77],[-13,-10],[18,-56],[-42,19],[-41,-1],[29,-25],[-17,-13],[-60,5],[-51,-36],[-106,-60],[-93,-66],[-181,-10],[-237,-11],[-481,-73],[-315,75],[12,22],[-57,30],[5,-43],[-203,49],[-41,-14],[-37,2],[-32,17],[-46,-3],[-43,44],[-148,35],[-383,346],[10,20],[-17,56],[-25,-46],[-59,53],[-25,-8],[-3,34],[-26,5],[-21,38],[-303,273],[-40,11],[-6,32],[-63,45],[-11,21],[-85,77],[-397,-129],[-15,-42],[-30,13],[-18,37],[-58,-63],[-15,10],[-145,-47],[-70,1],[15,-48],[-8,-20],[16,-33],[-8,-50],[-44,-74],[-23,-27],[-22,-6],[2,55],[-21,-14],[-5,-58],[-60,-5],[-38,29],[-53,54],[0,48],[-43,37],[-42,26],[-83,11],[-48,-10],[-27,-28],[-62,-40],[-26,-44],[-29,-125],[7,-18],[50,-65],[43,-34],[7,-63],[33,-32],[10,45],[33,-34],[21,-55],[75,-117],[50,-37],[97,-37],[73,-42],[20,6],[72,-43],[49,-43],[30,-38],[14,-51],[-3,-23],[16,-25],[1,41],[64,18],[50,-35],[60,-103],[25,-76],[32,-136],[90,-82],[70,7],[32,-9],[45,-33],[46,-83],[15,-61],[29,10],[-11,-36],[20,-24],[31,-82],[27,-5],[30,-86],[-12,-58],[17,-9],[-22,-20],[2,-106],[17,-19],[-16,-69],[-21,32],[-331,-21],[-74,-382],[251,16],[-9,-35],[28,-69],[-291,-19],[-61,-311],[268,17],[2,-61],[-144,-124],[-166,-10],[-26,19],[-2,-38],[-56,-8],[-26,-25],[-11,7],[-45,-34],[-9,-19],[44,-6],[4,-60],[17,12],[5,-80],[-175,-288],[-56,29],[-54,50],[-90,119],[-64,62],[-56,26],[-4,-14],[-83,29],[-52,6],[-97,45],[-29,9],[-47,-4],[-74,4],[-105,-6],[-65,20],[-21,-5],[-170,-109],[-75,-33],[-67,-16],[-68,-41],[-37,-46],[-34,-95],[-36,-77],[-32,-43],[-40,-36],[-37,-47],[-42,-77],[-44,-22],[-133,70],[1,119],[-21,-9],[-26,15],[-2,38],[-24,-2],[-32,-22],[-38,17],[-93,-27],[-31,4],[12,-65],[-5,-38],[7,-58],[-9,-55],[18,25],[16,-34],[-14,-15],[16,-58],[47,-40],[-27,-73],[-11,2],[-25,-63],[-15,11],[-67,-64],[-10,92],[2,-115],[-18,-21],[-18,13],[-51,7],[0,26],[-33,3],[1,120],[114,37],[3,6],[-124,-39],[2,-119],[-5,-17],[-95,-10],[-11,-42],[-31,-60],[-10,-32],[-59,4],[-72,43],[-48,48],[-21,1],[-38,-32],[-28,-10],[-51,0],[-66,15],[-87,41],[-84,57],[-76,76],[-16,-13],[-50,47],[-83,102],[-40,83],[-41,67],[-17,17],[-80,10],[-33,-14],[-10,-59],[-27,-63],[-32,-32],[-54,-5],[-59,27],[-51,1],[-67,-25],[-44,-34],[11,-61],[-9,-91],[-35,-113],[-6,-66],[2,-68],[18,-29],[19,-61],[40,-84],[4,-42],[10,-2],[-16,57],[11,25],[-25,42],[-26,67],[2,19],[86,59],[10,28],[23,-32],[51,-49],[-5,-45],[-17,-44],[1,-45],[19,-33],[-21,-55],[-64,6],[-3,-12],[-44,1],[-48,-141],[-17,1],[-36,-36],[-28,16],[-26,33],[-50,20],[-112,7],[-32,-16],[-28,-34],[-26,-6],[-46,32],[-35,9],[-85,2],[-26,-7],[-47,-30],[10,-14],[-54,-23],[-35,22],[-63,67],[-95,120],[-56,45],[-82,35],[-71,46],[-88,29],[-66,-5],[-6,-11],[42,-44],[52,-65],[32,-82],[-18,-89],[34,127],[18,2],[-8,-45],[22,-27],[-2,-54],[-26,-50],[-11,10],[-15,-90],[1,-92],[-7,-2],[-10,-74],[4,-49],[54,-162],[20,-143],[39,-62],[8,4],[35,-68],[0,-16],[47,-62],[24,17],[-8,43],[-23,-22],[10,37],[29,-13],[22,38],[31,16],[-2,17],[26,13],[53,-10],[52,-47],[54,-74],[69,-54],[23,-10],[52,-2],[12,-11],[65,14],[14,24],[42,7],[69,-14],[25,-44],[13,-46],[1,-59],[-16,-78],[4,-76],[39,-60],[-5,-167],[9,-7],[0,93],[50,2],[1,-107],[9,-15],[-44,7],[-32,-154],[-48,24],[-78,-17],[-23,7],[-59,-59],[-34,-74],[-2,-30],[15,-44],[-13,-34],[-70,-106],[139,-221],[-10,-23],[-16,-106],[46,-80],[23,30],[23,-73],[42,-157],[-1,-254],[17,-10],[0,-121],[-15,4],[-80,-280],[-5,-10],[-38,61],[-91,-117],[-14,26],[-104,-157],[55,-26],[22,-25],[27,28],[35,-61],[5,-48],[49,-51],[4,-42],[34,-8],[28,-43],[38,10],[6,-40],[26,-33],[-3,-37],[44,-24],[32,3],[37,-56],[14,-45],[29,-31],[24,-4],[46,-67],[63,-35],[35,-47],[61,-41],[21,-56],[16,14],[75,-41],[45,-73],[35,-39],[28,-6],[7,-18],[87,-25],[77,1],[74,42],[14,-2],[-7,-34],[-15,-3],[8,-31],[-7,-38],[12,-2],[15,46],[20,-35],[19,71],[13,-45],[31,-51],[5,10],[29,-26],[24,-6],[28,-35],[63,-116],[24,-1],[39,-45],[29,-8],[28,24],[50,-32],[25,30],[30,13],[70,-14],[79,-51],[90,-36],[38,-67],[33,3],[19,-28],[66,-42],[112,-62],[37,-49],[72,-79],[27,-1],[56,31],[9,-2],[42,-80],[16,-4],[51,31],[12,-41],[32,-22],[-1,-92],[53,-165],[24,-20],[63,19],[28,-46],[47,-26],[6,-40],[38,-2],[2,-36],[47,-96],[52,-60],[33,-21],[52,26],[26,45],[-26,15],[-9,56],[20,-3],[48,22],[21,-57],[74,21],[65,95],[31,10],[7,18],[-5,55],[10,29],[50,27],[29,28],[48,18],[34,60],[15,7],[43,65],[-3,43],[40,4],[16,23],[13,64],[31,1],[21,26],[22,91],[26,-22],[45,8],[18,15],[43,-1],[29,27],[3,70],[14,60],[22,22],[56,-9],[30,48],[32,27],[12,-11],[11,-81],[-42,-51],[32,-54],[1,-98],[14,-54],[77,48],[75,14],[50,39],[86,52],[119,64],[41,37],[29,8],[51,-38],[-6,123],[3,52],[-23,57],[68,62],[22,-14],[31,2],[33,-50],[61,-16],[22,39],[82,9],[23,25],[17,-15],[21,22],[23,2],[22,47],[33,41],[47,14],[38,-5],[17,15],[55,-22],[45,-59],[16,-2],[76,32],[80,-24],[38,30],[58,13],[73,51],[43,8],[42,22],[71,129],[5,24],[43,35],[24,73],[19,3],[42,65],[30,6],[34,-21],[7,-58],[28,-63],[27,-22],[27,11],[60,47],[56,-20],[27,-32],[11,-51],[19,-20],[25,16],[112,157],[15,2],[18,-37],[23,-14],[45,-1],[42,26],[23,28],[23,-44],[44,-22],[55,-49],[75,-27],[52,-41],[85,-52],[28,-23],[18,-44],[26,-21],[67,-103],[22,-47],[56,-32],[19,0],[17,-32],[20,-92],[47,-33],[22,-80],[-72,-79],[-30,-16],[-45,-58],[0,-46],[76,18],[19,28],[-38,-98],[-8,-73],[-1,-71],[-8,-42],[3,-63],[-5,-53],[10,-54],[-14,-14],[-35,-77],[-8,-105],[45,-41],[51,-14],[29,5],[32,-42],[71,-8],[76,-62],[22,-50],[24,9],[1,-50],[28,-148],[2,-34],[-15,-65],[-4,-69],[12,-92],[57,-5],[66,18],[32,56],[72,-26],[47,-9],[35,12],[50,31],[104,-19],[13,-7],[148,-35],[3,12],[108,-43],[6,34],[17,-42],[118,-25],[240,-75],[5,-46],[12,-9],[-15,-46],[83,-96],[51,-72],[-12,-96],[-8,-15],[-8,-91],[131,34],[35,36],[31,68],[31,21],[26,-24],[38,-88],[11,18],[-16,37],[24,23],[34,-21],[31,4],[23,-17],[18,11],[31,-23],[113,10],[134,-11],[26,-115],[27,16],[-14,42],[-7,52],[49,-2],[240,-57],[3,78],[-7,105],[4,90],[33,103],[74,209],[15,74],[53,167],[20,12],[14,-13],[13,30],[33,-12],[8,12],[69,-1],[-20,73],[2,150],[34,56],[42,11],[59,88],[6,28],[48,17],[23,54],[60,40],[40,59],[85,182],[-14,33],[-12,94],[15,-2],[34,58],[35,32],[82,60],[7,16],[63,-24],[94,15],[36,-7],[34,-32],[31,-41],[40,8],[26,28],[20,-21],[-20,70],[20,25],[445,19],[126,-3],[82,159],[236,-42],[80,-20],[137,-179],[195,-248],[95,-119],[59,172],[76,85],[172,170],[95,106],[37,47],[15,162],[41,5],[14,35],[-40,136],[-18,45],[48,226],[-16,74],[12,46],[-47,136],[19,45],[48,50],[19,30],[74,-27],[93,74],[106,76],[-121,281],[-24,45],[-41,129],[-25,55],[-90,96],[-9,67],[-16,24],[53,-11],[128,4],[11,13],[-43,89],[-52,70],[-94,147],[-45,92],[-24,93],[-79,124],[-32,23],[-29,42],[-66,70],[-19,31],[-80,51],[-49,47],[-80,48],[-88,32],[-53,-15],[-108,676],[116,153],[66,199],[131,157],[49,53],[20,52],[37,6],[86,-15],[54,-69],[26,-87],[19,-33],[47,-51],[54,-29],[40,-33],[25,-44],[88,-45],[121,-45],[127,1],[63,-39],[64,10],[-93,279],[-39,129],[-1,143],[136,271],[281,-12],[0,-14],[242,-303],[188,-227],[46,-48],[48,-125],[79,-172],[83,-142],[78,-116],[203,-296],[44,-52],[87,5],[95,27],[84,-121],[101,-180],[38,-44],[81,11],[304,-405],[0,-43],[15,-27],[26,-11],[18,-90],[50,-23],[32,-32],[16,9],[21,-17],[174,-27],[97,-43],[255,-108],[60,13],[216,13],[23,26],[112,11],[106,-22],[106,-10],[199,-72],[149,-145],[142,-115],[185,-141],[88,-15],[6,-10],[208,2],[47,72],[174,278],[14,13],[100,50],[172,-49],[43,11],[76,-50],[40,14],[46,-11],[5,10],[32,-24],[26,16],[148,-21],[136,-58],[46,-31],[66,-25],[71,-54],[91,-133],[24,-14],[89,-11],[61,-43],[52,-55],[43,-34],[35,-17],[61,-45],[305,-187],[-33,636],[83,89],[-92,157],[128,476],[54,-36],[-7,29],[12,74],[27,65],[7,49],[25,61],[8,-27],[44,-4],[123,87],[66,217],[38,334],[227,232],[130,57],[75,14],[127,-59],[53,16],[38,-1],[22,16],[19,-127],[15,2],[6,-59],[14,-19],[87,-221],[10,-97],[-3,-19],[43,-25],[46,-41],[31,-43],[48,-88],[60,-192],[16,-70],[11,9],[126,-268],[38,-144],[-17,-32],[10,-20],[31,-17],[16,-81],[106,-38],[92,228],[66,26],[35,58],[20,107],[40,62],[44,1],[54,69],[83,5],[26,-64],[114,62],[143,-373],[274,-202],[190,-120],[330,191],[44,-304],[20,-171],[36,-209],[87,-170],[169,125],[73,95],[52,62],[45,84],[95,114],[55,141],[19,-25],[24,12],[-15,47],[65,43],[21,-28],[28,61],[110,196],[119,104],[326,-104],[5,27],[40,24],[-7,28],[30,1],[4,-43],[411,197],[82,37],[244,376],[41,3],[12,22],[30,7],[36,34],[29,-11],[24,-27],[56,0],[31,59],[43,104],[111,311],[-58,142],[47,6],[59,83],[24,9],[40,38],[39,-8],[15,21],[33,-2],[30,-25],[17,20],[5,55],[24,-12],[38,38],[9,42],[23,20],[31,8],[60,41],[17,30],[-3,22],[26,102],[118,-20],[29,-33],[38,-11],[31,55],[86,-71],[40,-18],[8,-82],[23,-32],[46,57],[77,105],[35,35],[13,-17],[67,-21],[24,35],[-12,46],[29,9],[30,37],[61,183],[36,115],[35,78],[26,26],[66,4],[87,56],[41,53],[38,35],[53,35],[88,19],[22,13],[109,121],[28,80],[44,46],[42,75],[25,15],[34,57],[67,64],[37,64],[19,15],[55,139],[22,25],[20,53],[32,22],[33,81],[66,91],[49,17],[30,-1],[17,23],[43,12],[66,31],[24,26],[10,38],[65,35],[20,23],[54,20],[35,-10],[28,32],[23,45],[13,84],[24,79],[17,13],[21,77],[18,28],[22,66],[19,94],[28,47],[15,113],[31,64],[33,54],[44,24],[17,28],[-1,26],[-47,74],[-34,79],[46,53],[-11,94],[-29,120],[5,34],[-6,43],[19,84],[-27,56],[-11,42],[0,63],[11,98],[13,43],[8,107],[-17,58],[21,20],[28,96],[33,18],[9,109],[-16,64],[3,25],[-15,98],[-11,39],[29,29],[-1,40],[-31,40],[11,44],[-12,37],[-8,84],[20,38],[16,-11],[8,39],[-13,29],[10,36],[42,-19],[5,16],[-19,69],[0,40],[29,13]],[[34979,10867],[-51,32],[-23,1],[-32,22],[-33,2],[-49,28],[-78,143],[-17,15],[-11,61],[-44,20],[-30,34],[-28,-35],[-45,-4],[-45,17],[-37,-38],[-21,-4],[-25,-50],[-60,-25],[-21,-26],[-47,-5],[-36,47],[-26,4],[-15,25],[-37,10],[-45,47],[-9,-23],[-37,4],[-25,-266],[-230,256],[-92,20],[-399,-158],[-56,49],[-44,24],[-116,49],[-77,-93],[-79,-3],[-93,18],[108,90],[-34,255],[-23,191],[349,-100],[10,-35],[7,29],[95,680],[87,110],[-186,59],[-15,76],[2,65],[-8,28],[4,53],[-32,72],[1,34],[-37,28],[-7,54],[-41,30],[4,79],[-46,103],[-62,74],[-51,2],[-60,-18],[-30,41],[-35,18],[-49,-6],[-22,15],[-22,-12],[-23,9],[-13,39],[-36,-27],[-26,31],[-39,-16],[-34,7],[-31,48],[-21,143],[-49,27],[-55,77],[-1,31],[-31,35],[-24,0],[2,22],[-35,53],[35,32],[16,50],[1,36],[19,102],[10,19],[40,3],[38,-28],[54,15],[57,100],[3,25],[-10,47],[15,20],[7,61],[-9,26],[4,40],[-24,88],[0,23],[-26,70],[-49,12],[33,49],[-9,36],[18,18],[21,-8],[18,26],[3,54],[15,22],[8,95],[16,19],[6,79],[15,45],[-11,61],[7,21],[40,50],[-5,52],[-31,29],[-20,35],[12,37],[32,-6],[31,32],[30,-21],[18,11],[-5,76],[4,43],[-47,73],[-5,38],[20,58],[7,46],[-33,31],[-3,37],[-19,3],[36,55],[-2,121],[21,104],[23,35],[26,111],[14,90],[-13,24],[-6,47],[18,-5],[58,31],[41,2],[23,40],[-1,68],[-34,62],[-15,52],[-6,57],[8,67],[16,59],[-19,65],[17,19],[-43,57],[-22,7],[-37,63],[-22,62],[-17,23],[-23,-2],[-13,19],[-78,-18],[-50,45],[-22,-12],[-49,36],[-16,-9],[-13,30],[-56,30],[-17,58],[-296,25],[-151,266],[-73,124],[-86,155],[-44,71],[-9,38],[-237,622],[-93,226],[-177,405],[-98,296],[19,23],[42,-7],[16,14],[40,78],[6,31],[17,-4],[58,77],[82,65],[96,-3],[21,23],[-53,204],[-15,69],[-50,66],[-139,166],[-196,250],[-35,39],[-168,210],[-195,330],[-32,56],[-167,277],[-52,81],[-30,61],[-78,132],[-216,353],[-49,73],[11,92],[-233,-123],[-217,284],[-66,467],[-66,479],[-17,146],[-64,-28],[-142,-6],[-106,-21],[-139,-19],[-134,-25],[-91,-5],[-110,29],[-167,49],[-264,441],[-23,36],[-197,328],[-157,270],[-163,270],[93,112],[28,44],[-18,37],[-2,42],[-20,1],[-20,41],[-147,265],[-226,429],[-223,429],[12,101],[28,14],[36,1],[20,-22],[23,15],[58,-1],[20,10],[57,76],[15,38],[51,36],[60,67],[9,30],[34,50],[9,51],[24,37],[-14,47],[9,38],[-2,57],[26,134],[-15,43],[0,71],[-10,46],[-31,81],[39,80],[27,83],[11,60],[50,60],[28,89],[8,48],[17,22],[6,49],[33,7],[17,-12],[-20,153],[48,73],[19,104],[-38,118],[-10,42],[14,55],[45,51],[5,35],[-9,66],[-3,100],[55,105],[65,3],[17,-40],[22,4],[-18,66],[2,33],[-25,71],[30,20],[-5,73],[3,59],[16,22],[6,60],[33,47],[8,61],[-27,109],[-3,29],[16,28],[27,2],[51,-44],[48,5],[16,62],[-29,55],[-10,46],[-22,58],[-39,26],[-35,10],[-81,94],[-38,71],[5,94],[-6,22],[-97,86],[-26,52],[-12,61],[-27,27],[-48,19],[-22,-40],[-12,-46],[-27,-37],[-24,-1],[-22,40],[-54,47],[-43,23],[-101,-78],[-10,-28],[-33,18],[-7,30],[3,92],[39,41],[49,28],[28,31],[12,55],[-56,49],[-15,-2],[-20,-39],[-29,-28],[-58,-25],[-25,-30],[-14,-36],[-103,-235],[-19,-62],[-42,-57],[-19,12],[-42,130],[28,52],[-1,27],[-26,53],[-59,-10],[-38,-104],[-29,16],[-26,70],[-2,47],[14,57],[0,30],[-29,23],[-36,11],[-60,6],[-24,43],[-4,42],[35,48],[50,-2],[47,-19],[28,24],[20,39],[-11,89],[-30,65],[-22,6],[-45,-18],[-56,-58],[-22,11],[-24,44],[-29,-2],[0,-34],[-50,-36],[-22,54],[-35,32],[-90,-108],[-55,29],[-43,49],[-30,8],[-23,-36],[-79,-31],[-29,-23],[-28,14],[-20,94],[-19,39],[133,155],[-15,43],[-55,58],[-45,75],[-34,75],[-12,64],[-26,10],[-20,41],[-49,51],[-22,10],[-17,35],[-92,8],[-35,-61],[-54,-17],[-23,-38],[-14,45],[-28,13],[-88,99],[-36,29],[-93,194],[-4,53],[-52,1],[-21,31],[-14,48],[-42,-32],[-44,12],[-19,-5],[-4,-25],[-41,15],[-45,95],[12,79],[-19,43],[-15,75],[-223,-146],[-196,-132],[-89,-57],[-403,-133],[-133,5],[-118,153],[-115,158],[-70,-20],[-16,-33],[-97,-42],[-34,-72],[-41,-38],[-27,-4],[-22,-58],[-39,-32],[-25,8],[-35,-18],[-29,27],[-83,38],[-52,-112],[-11,-48],[-55,-101],[-40,162],[-120,457]],[[34979,10867],[18,73],[36,34],[39,82],[7,29],[-7,146],[6,44],[27,58],[7,76],[19,55],[5,77],[-2,247],[-5,104],[-9,17],[-39,163],[-26,165],[-26,123],[-27,158],[-32,121],[-19,183],[30,21],[44,-36],[47,13],[74,-45],[72,5],[51,-18],[20,14],[15,-13],[73,26],[28,32],[12,35],[27,41],[14,54],[47,19],[61,4],[87,39],[27,0],[49,-24],[38,29],[55,64],[14,33],[37,29],[15,23],[114,75],[18,61],[-8,12],[130,265],[59,102],[70,139],[53,131],[-13,50],[99,192],[-3,69],[11,39],[14,150],[25,45],[6,53],[20,-1],[41,128],[-4,28],[60,75],[16,38],[18,108],[19,25],[23,5],[55,95],[21,74],[-8,30],[24,40],[21,74],[-9,49],[29,102],[18,39],[68,67],[-3,89],[20,66],[34,64],[-4,56],[39,68],[18,78],[14,127],[-19,16],[43,104],[-10,48],[-5,69],[11,0],[22,92],[-18,17],[5,27],[-16,23],[5,47],[18,21],[-33,46],[25,28],[2,58],[-7,33],[7,47],[14,22],[-13,36],[-1,103],[6,35],[31,-35],[-11,69],[0,67],[10,74],[-12,32],[15,31],[5,69],[15,46]],[[37082,17299],[0,15],[-34,24],[-24,33],[-42,23],[-17,-22],[-28,15],[-16,-23],[-21,14],[-4,37],[-32,6],[1,-33],[-23,10],[-13,31],[-27,-10],[-26,146],[22,369],[-9,75],[-28,662],[-40,190],[-10,-19],[-7,44],[10,4],[-18,76],[-33,76],[-50,153],[-20,168],[-8,96],[-46,267],[-6,68],[-22,136],[-95,286],[-20,70],[-49,135],[-97,319],[-7,53],[-24,81],[-24,166],[-107,754],[-14,80],[176,213],[51,33],[62,9],[33,44],[108,-232],[5,7],[85,-192],[41,-83],[-15,-22],[13,-82],[25,-32],[34,3],[-5,-33],[23,-8],[5,44],[31,-11],[-7,-42],[55,-28],[47,42],[60,-42],[18,43],[26,99],[32,25],[12,-21],[42,58],[23,-1],[19,-25],[41,59],[51,11],[63,-29],[16,42],[29,-42],[-6,-36],[25,-2],[2,-24],[27,63],[16,-10],[22,28],[2,37],[-48,-1],[-4,-17],[-31,38],[11,84],[2,74],[-15,10],[-2,34],[-36,17],[-14,32],[-33,36],[-5,23],[15,39],[-45,11],[2,28],[-32,53],[-9,49],[10,32],[2,67],[-12,-31],[-21,8],[16,91],[-11,35],[-6,-84],[-40,58],[18,57],[18,-23],[10,19],[-38,82],[7,22],[-22,40],[5,65],[-32,21],[-18,26],[-40,-8],[2,24],[-20,39],[7,105],[-15,32],[29,101],[-9,43],[13,6],[18,50],[15,12],[-5,30],[-22,-13],[3,73],[-18,64],[26,37],[17,51],[54,44],[46,107],[-10,50],[15,58],[-12,36],[26,65],[-11,47],[13,53],[-51,95],[-1,77],[9,33],[-14,59],[8,47],[-29,41],[-4,43],[21,85],[2,50],[11,98],[-46,102],[-126,26],[-46,5],[-44,-31],[-47,31],[-167,-35],[-17,85],[-77,90],[1,16],[-58,95],[-14,36],[-31,26],[-13,41],[-27,18],[-27,42],[12,50],[31,178],[60,13],[48,-92],[59,22],[26,60],[19,20],[60,-29],[54,-1],[28,-10],[35,11],[47,-1],[24,17],[18,-6],[31,27],[29,104],[7,73],[35,65],[34,211],[34,8],[77,-56],[444,-72],[206,-16],[96,8],[-7,144],[25,28],[8,74],[-31,87],[6,53],[-8,48],[1,56],[32,37],[16,3],[16,-27],[23,-11],[48,-72],[111,-17],[14,44],[52,-25],[54,14],[-1,30],[15,36],[32,37],[48,14],[28,45],[32,27],[32,13],[41,34],[81,10],[93,-57],[41,-51],[40,1],[12,-41],[89,50],[32,4],[60,-55],[7,-69],[15,0],[64,32],[20,0],[-9,-51],[-19,-45],[11,-21],[33,29],[55,69],[-19,45],[-5,56],[7,18],[68,70],[39,17],[72,-42],[-8,-39],[5,-30],[38,-53],[54,3],[82,59],[31,11],[27,-5],[63,-50],[37,38],[36,79],[34,15],[66,60],[9,27],[44,17],[-1,69],[43,21],[43,-10],[41,-33],[0,58],[12,31],[2,83],[31,74],[63,-22],[6,5],[85,-76],[7,17],[-10,71],[43,99],[17,58],[24,46],[11,64],[48,38],[8,29],[65,112],[85,89],[14,54],[-14,13],[-9,44],[20,48],[-4,65],[32,42],[39,9],[57,-33],[63,13],[41,1],[104,-78],[48,-31],[26,258],[-151,340],[-66,153],[-4,38],[-59,-50],[-106,210],[-87,183],[-63,147],[-45,114],[-128,18],[-53,62],[-64,61],[-21,14],[-45,72],[-57,130],[-57,106],[-25,15],[-301,281],[-13,-29],[-22,-84],[-7,-157],[-21,-43],[-20,-105],[-58,-28],[-53,94],[-31,36],[4,20],[-90,93],[-19,30],[-12,229],[-12,77],[-5,92],[-22,35],[13,51],[5,80],[14,37],[47,37],[25,31],[33,84],[-1,37],[19,38],[46,36],[16,-29],[14,6],[16,104],[14,40],[-10,63],[0,176],[4,65],[-20,62],[0,41],[23,118],[-5,76],[-22,56],[-1,66],[-8,62],[-11,15],[-18,87],[1,95],[-15,17],[-15,51],[-13,-29],[-84,-64],[-50,-45],[-76,107],[-1,55],[-34,184],[-69,92],[-8,22],[28,47],[3,26],[-8,74],[20,14],[6,48],[-62,1],[-26,-18],[-7,24],[6,55],[-74,176],[23,134],[61,1],[8,154],[-69,96],[-6,61],[-14,11],[12,38],[-3,40],[-70,59],[-29,45],[14,29],[-15,49],[-34,20],[28,-102],[-17,-22],[-17,24],[-4,39],[-30,4],[-2,32],[-27,11],[-8,-33],[-432,598],[-11,27],[-2,45],[-15,21],[-38,-23],[-3,56],[10,15],[-41,32],[-23,65],[-49,-21],[19,101],[-36,19],[-31,-5],[-28,55],[6,38],[-11,81],[2,49],[-26,68],[10,42],[-12,16],[6,31],[-27,77],[-14,61],[1,56],[-9,40],[-25,37],[1,84],[-16,28],[-20,81],[-42,61],[-8,60],[-16,63],[-21,48],[7,97],[-16,81],[21,156],[12,62],[57,91],[14,78],[34,23],[-8,29],[50,8],[-11,96],[-24,160],[-24,50],[23,43],[11,63],[26,42],[-12,46],[-3,95],[-15,51],[2,31],[21,16],[10,109],[-8,68],[52,151],[-17,44],[-31,35],[-54,20],[28,73],[23,43],[15,8],[29,64],[10,146],[-4,54],[-20,53],[-5,67],[-16,62],[-51,46],[-8,49],[10,16],[53,27],[33,68],[26,30],[22,8],[-10,44],[-30,53],[-20,-18],[-31,-5],[-41,-49],[-61,-5],[-24,-17],[-41,61],[-4,40],[8,38],[48,119],[-7,21],[-25,-3],[-7,39],[-14,2],[11,67],[-17,34],[3,64],[-6,17],[30,78],[23,24],[-8,23],[-10,92],[-27,12],[-23,95],[-36,19],[-25,79],[13,5],[-15,82],[-48,62],[12,100],[-28,44],[0,76],[34,18],[26,32],[46,8],[35,42],[53,32],[11,-6],[45,26],[17,-4],[38,33],[105,0],[23,42],[44,32],[39,-15],[5,34],[25,27],[-25,78],[-22,0],[33,62],[38,50],[21,53],[49,17],[-6,-98],[17,-59],[24,13],[11,-22],[37,2],[40,50],[12,-17],[13,44],[32,-47],[58,1],[41,15],[-3,66],[8,133],[-3,105],[-19,46],[22,58],[30,15],[0,-41],[20,-21],[26,20],[28,72],[11,79],[-30,46],[-38,16],[-24,58],[-22,0],[-24,105],[1,21],[-31,21],[-41,-40],[-22,8],[-34,-10],[-19,-24],[-16,35],[-12,-5],[-28,30],[-30,82],[-65,50],[-47,46],[-18,1],[-48,34],[-10,37],[-30,31],[-32,57],[-8,65],[18,44],[-22,21],[-40,-15],[-50,-44],[-35,39],[-32,-28],[-45,14],[-26,40],[-84,173],[48,62],[-21,38],[1,55],[-35,45],[-45,100],[10,13],[9,70],[-23,-8],[-50,15],[-47,51],[25,89],[-78,-21],[-27,13],[-71,-8],[-10,-15],[-79,-26],[-14,73],[-33,-4],[-5,-36],[10,-29],[-32,-73],[19,-33],[-33,-26],[-64,23],[-39,2],[-41,39],[-32,8],[-33,24],[-51,8],[-13,22],[-50,-4],[-15,41],[-28,39],[-18,60],[-55,102],[-18,19],[-34,3],[-20,-11],[10,36],[-17,81],[-25,44],[-40,154],[-7,49],[43,74],[20,62],[-23,93],[-33,40],[-58,49],[-33,0],[-34,44],[-18,2],[-38,-20],[-30,11],[-35,-11],[-16,24],[7,34],[-36,49],[-52,-26],[-55,8],[-15,20],[-31,11],[-41,-4],[-30,25],[-17,34],[-13,104],[3,66],[-25,111],[-5,54],[-30,101],[8,88],[-8,18],[-86,70],[5,68],[37,111],[5,84],[-39,-23],[-35,7],[-25,-24],[-13,67],[-21,22],[-80,-48],[22,64],[0,23],[31,60],[72,114],[11,37],[6,83],[-18,103],[-20,66],[-29,59],[-51,85],[-55,43],[-28,6],[-66,-5],[-32,9],[0,34],[-13,25],[0,37],[-412,-8],[-8,-54],[-58,-2],[-43,9],[-56,54],[-6,87],[43,59],[14,57],[-50,108],[-20,20],[-24,68],[-4,118],[51,360],[6,91],[30,210],[5,16],[87,602],[-4,2],[15,103],[-10,-16],[-64,14],[0,-8],[-78,8],[5,45],[-51,-3],[-69,-16],[-48,-63],[-129,105],[-81,88],[-41,86],[-31,47],[-34,111],[-32,143],[-51,143],[-22,71],[43,-30],[35,113],[-44,12],[-3,38],[25,89],[-29,36],[-61,21],[-71,12],[-42,24],[-35,75],[75,29],[12,105],[17,-4],[17,51],[-63,136],[2,15],[43,7],[62,-43],[27,-12],[55,16],[75,116],[9,6],[-138,400],[138,38],[40,6],[60,-2],[62,-24],[105,-67],[92,-78],[115,-104],[197,-171],[59,-84],[24,14],[59,-3],[52,23],[6,17],[52,36],[14,25],[-2,31],[-19,21],[-43,2],[-17,28],[24,78],[54,115],[10,49],[-42,49],[-26,3],[-29,35],[42,42],[35,0],[51,53],[30,45],[23,68],[7,75],[-5,79],[15,64],[11,73],[-9,32],[4,49],[12,43],[35,72],[-45,46],[-17,62],[-7,114],[-17,89],[-15,20],[13,93],[8,13],[2,76],[-61,114],[-64,35],[-28,52],[-25,16],[-25,71],[-24,41],[26,49],[41,113],[-15,36],[-18,83],[-13,82],[51,29],[63,-10],[16,34],[46,29],[46,2],[42,43],[-9,18],[4,87],[-15,41],[-22,114],[39,70],[-14,29],[47,68],[-9,25],[15,70],[24,37],[22,95],[1,51],[33,-11],[8,34],[32,-21],[3,19],[37,-43],[32,51],[25,22],[23,-15],[18,35],[-2,25],[57,49],[20,37],[63,12],[81,55],[53,17],[31,33],[-18,63],[9,41],[-5,39],[-48,46],[8,21],[-61,55],[-16,45],[-26,21],[-6,64],[-12,3],[54,85],[33,40],[-33,97],[15,45],[-9,41],[5,36],[-9,49]],[[37082,17299],[33,-9],[17,-45],[69,26],[12,-41],[28,8],[4,-34],[-14,-2],[10,-47],[14,5],[7,-80],[17,-28],[10,-73],[22,-3],[10,117],[11,27],[31,-80],[-17,-13],[-12,-66],[5,-59],[31,-7],[18,-65],[-30,-22],[-22,6],[8,-40],[38,22],[66,-14],[28,-43],[21,-10],[11,26],[23,4],[49,99],[23,-16],[20,8],[8,-21],[104,27],[8,53],[38,41],[1,-29],[60,7],[78,84],[-9,38],[12,15],[16,-45],[21,-13],[23,-105],[-1,-57],[10,13],[24,-26],[18,5],[-15,37],[5,25],[21,11],[1,-44],[18,2],[54,-43],[28,12],[16,-57],[-14,-32],[15,-32],[39,-16],[8,45],[-14,41],[6,25],[20,-46],[19,-4],[21,-65],[-48,-102],[-17,-3],[21,-65],[20,0],[4,-26],[-27,-29],[10,-75],[13,-39],[27,60],[16,-73],[35,-27],[-26,-49],[-24,-12],[-17,-165],[-82,-608],[-73,-122],[-36,-70],[-8,-193],[33,-82],[-10,-382],[-20,-61],[-25,6],[-17,-33],[-8,-57],[-13,-32],[14,-62],[-29,-81],[-23,30],[-70,-143],[1,-52],[24,-28],[17,13],[40,-39],[31,-46],[13,-51],[28,-17],[80,-119],[41,-29],[5,-37],[42,-13],[16,14],[15,-31],[38,-12],[0,-40],[33,-116],[68,-117],[60,-50],[42,12],[53,-16],[20,18],[25,-45],[35,12],[30,-57],[-1,-18],[31,-18],[31,-88],[35,-27],[29,38],[26,-48],[55,43],[18,32],[-6,-80],[11,-40],[4,-60],[-10,-38],[17,-46],[-2,-35],[37,-61],[9,-2],[24,-64],[-17,-60],[26,-105],[24,-15],[-12,-55],[59,-99],[32,-25],[102,48],[-10,32],[13,16],[43,5],[29,-24],[9,-26],[-11,-60],[16,-12],[46,19],[5,-37],[-28,-44],[-9,-47],[27,-27],[35,-5],[30,15],[21,-73],[27,-50],[10,-66],[20,-19],[35,-57],[38,-38],[12,-101],[51,-80],[24,-66],[7,-65],[30,-20],[58,7],[40,-21],[58,21],[38,-74],[19,5],[49,-10],[59,-3],[48,-66],[25,-12],[63,30],[19,31],[31,-64],[22,-10],[39,22],[42,38],[33,-4],[21,-33],[117,-24],[38,-15],[45,-29],[30,-56],[3,-113],[28,-33],[43,8],[17,-16],[10,-45],[-32,-63],[16,-66],[74,-59],[21,-10],[49,10],[15,-55],[45,-41],[5,-40],[-15,-46],[1,-46],[14,-29],[52,-34],[22,-30],[24,-145],[13,-147],[-14,-86],[28,-93],[48,-5],[21,-18],[8,-40],[39,-101],[-28,-104],[27,-61],[10,-117],[43,-51],[8,-36],[-47,-39],[-20,-111],[5,-44],[-8,-61],[-17,-65],[-29,-54],[-28,-4],[9,-39],[-13,-38],[-39,-24],[-53,10],[-30,-7],[-30,-28],[-43,-103],[-15,-60],[-1,-43],[59,-86],[3,-91],[10,-70],[-13,-60],[-26,-56],[-45,-27],[-34,-50],[3,-50],[40,-81],[1,-55],[-29,-35],[-14,-82],[3,-36],[37,-88],[1,-14],[-42,-84],[1,-49],[-14,-57],[-48,-90],[-3,-55],[37,-121],[-7,-81],[9,-69],[11,11],[41,-66],[-14,-34],[34,-22],[21,-72],[38,-105],[77,83],[49,-33],[26,-75],[26,4],[91,-41],[25,-33],[19,5],[33,40],[23,54],[11,45],[10,161],[-20,116],[-24,64],[-1,24],[20,63],[31,62],[18,-1],[27,26],[35,14],[51,-15],[49,-80],[64,-48],[32,20],[9,47],[17,37],[22,17],[31,-70],[30,-32],[33,38],[56,2],[72,21],[58,-51],[14,-24],[45,-34],[18,-25],[15,-89],[30,-35],[48,-19],[82,-94],[33,-15],[37,48],[64,37],[46,-120],[30,-140],[20,-121],[20,-34],[68,-31],[50,-90],[63,-83],[63,-111],[33,-38],[37,14],[55,-78],[19,-43],[44,-62],[80,-77],[26,-36],[17,-49],[29,-140],[41,-80],[43,-37],[12,4],[24,57],[27,31],[71,38],[84,28],[26,1],[21,-19],[-1,-65],[-18,-41],[-44,-64],[-16,-80],[8,-66],[31,-76],[19,-25],[51,0],[81,113],[76,-30],[21,6],[65,-8],[97,6],[29,-17],[62,-5],[82,-19],[45,-119],[31,-61],[2,-54],[-19,-31],[-38,-30],[-28,-37],[3,-34],[29,-43],[54,-37],[56,-10],[35,40],[20,71],[69,110],[22,3],[25,-38],[14,-69],[56,-96],[19,-22],[21,-50],[6,-103],[21,-41],[48,-15],[20,-23],[19,-49],[-32,-117],[-45,-29],[-46,-52],[-22,-49],[2,-42],[26,-79],[-1,-31],[27,-76],[29,-5],[76,-75],[16,-25],[23,-90],[8,-52],[-4,-37],[7,-94],[13,-94],[2,-57],[-23,-60],[-15,-86],[5,-18],[52,-65],[27,-13],[28,-47],[-4,-31],[12,-36],[68,-101],[24,-29],[44,-73],[76,-77],[14,-34],[5,-143],[-6,-62],[-15,-75],[6,-21],[2,-82],[9,-123],[16,-135],[-4,-59],[9,-69],[36,-71],[25,-14],[19,9],[40,53],[36,18],[107,32],[63,5],[120,-9],[41,-20],[33,0],[55,36],[104,40],[72,10],[120,29],[46,27],[60,13],[144,73],[26,7],[94,51],[34,33],[40,63],[35,34],[35,14],[151,-54],[28,-6],[70,12],[71,66],[0,18],[46,116],[32,109],[18,83],[20,34],[83,-2],[81,7],[49,43],[42,50],[58,39],[61,60],[44,35],[100,40],[53,12],[77,-12],[124,-45],[48,-14],[22,5],[79,44],[66,47],[65,80],[30,52],[57,198],[7,41],[-9,142],[-11,93],[-27,56],[-2,103],[29,99],[30,49],[49,126],[36,64],[20,55],[17,78],[-33,89],[-2,38],[-49,36],[-40,96],[-7,37],[6,36],[-11,97],[5,37],[19,36],[98,84],[25,36],[4,76],[-21,63],[-34,136],[-13,34],[-31,122],[-9,63],[5,164],[14,100],[1,51],[-9,122],[4,93],[17,61],[29,65],[41,13],[59,56],[32,68],[13,49],[2,144],[6,58],[14,60],[18,36],[22,16],[85,7],[97,25],[80,61],[38,-3],[18,-14],[66,-82],[71,-105],[50,-30],[37,-45],[72,-64],[62,-65],[31,-48],[46,-92],[11,-33],[40,-44],[50,-46],[86,-89],[27,-33],[77,-146],[33,-48],[108,-168],[35,-34],[57,-69],[44,-25],[67,-13],[23,-19],[37,-68],[37,-133],[25,-65],[66,-127],[55,-84],[52,-104],[91,-151],[52,-58],[61,-33],[148,-122],[52,-25],[105,24],[145,-1],[27,-6],[51,4],[89,51],[67,22],[62,6],[83,16],[50,2],[44,-20],[35,-30],[17,-35],[16,-131],[21,-59],[40,-56],[100,-53],[77,-73],[27,-58],[18,-134],[23,-104],[21,-31],[55,-42],[40,0],[107,43],[58,0],[128,25],[63,41],[98,54],[55,53],[37,72],[28,71],[40,145],[5,36],[119,38],[39,18],[32,-10],[46,-37],[30,-74],[9,-52]],[[52206,4835],[28,21],[132,164],[10,18],[-45,135],[-6,35],[2,88],[15,45],[-4,47],[30,25],[26,114],[59,13],[30,50],[47,17],[54,6],[52,68],[-3,20],[52,34],[14,22],[-14,28],[42,67],[4,17],[70,103],[16,66],[29,35],[29,-101],[192,248],[30,27],[139,100],[39,41],[65,25],[56,-25],[58,-62],[44,9],[15,-26],[13,11],[55,-15],[64,13],[11,-15],[49,23],[22,34],[21,6],[-1,31],[20,60],[76,81],[25,71],[0,50],[21,82],[-5,29],[24,74],[-4,40],[48,-17],[-36,118],[-3,46],[-23,14],[-72,19],[-244,444],[-204,-96],[1,-18],[-45,38],[-22,-37],[-14,-42],[-58,29],[0,-19],[-49,-4],[-115,-192],[-27,-70],[-94,-93],[-114,-103],[-55,-47],[-103,-95],[-173,-101],[-29,31],[-17,-37],[-27,-14],[-42,33],[-25,49],[-25,15],[-40,-23],[-55,5],[-35,38],[5,30],[-30,89],[-20,47],[-86,105],[71,129],[9,338],[-34,100],[-17,16],[-4,48],[33,20],[-11,57],[16,33],[37,14],[12,25],[-16,50],[37,81],[-9,50],[2,46],[19,17],[31,7],[17,46],[-4,45],[38,51],[3,51],[-29,-22],[-6,-28],[-29,27],[4,46],[-16,40],[-12,-15],[-7,32],[14,33],[-6,28],[51,54],[15,30],[12,-14],[37,72],[12,-2],[34,-47],[0,-104],[21,24],[20,-19],[49,-22],[30,15],[8,54],[16,35],[3,55],[27,62],[4,45],[32,16],[-5,-49],[34,5],[10,64],[29,31],[50,3],[29,-17],[63,37],[23,99],[-7,44],[11,21],[-9,86],[20,96],[28,-4],[12,-22],[18,3],[75,-29],[-16,-80],[1,-44],[25,-35],[8,-57],[20,-58],[23,-5],[-24,-27],[-5,-52],[26,44],[104,-22],[82,-9],[8,48],[25,87],[16,150],[39,-3],[2,114],[13,89],[17,20],[22,83],[-3,104],[-59,64],[-10,-8],[-32,54],[-59,47],[-21,39],[-118,55],[-13,-16],[-39,40],[-25,5],[-17,38],[-66,25],[-7,-13],[-35,-4],[-60,-45],[-74,-35],[-80,120],[-16,31],[-54,-5],[10,33],[-14,66],[18,94],[24,59],[-21,6],[6,25],[-25,52],[4,96],[15,39],[-13,23],[26,39],[-34,19],[8,48],[46,64],[-16,40],[-6,74],[-38,39],[2,95],[21,63],[12,1],[23,100],[19,14],[8,51],[31,54],[-14,17],[48,24],[26,71],[31,44],[-43,45],[-43,135],[-24,35],[-23,91],[-23,23],[-32,82],[-31,31],[-30,14],[-79,116],[13,33],[34,17],[42,85],[1,73],[34,41],[29,1],[12,27],[-8,60],[2,94],[-19,24],[24,23],[3,61],[-3,150],[-24,-12],[-110,51],[-87,59],[-60,86],[73,207],[-294,141],[-154,136],[-86,79],[-42,126],[-12,78],[-136,160],[1,20],[30,106],[17,25],[-9,50],[-24,72],[-241,726],[-151,204],[-26,62],[-14,1],[-96,146],[-104,129],[-75,100],[-15,101],[-76,440],[-109,620],[3,65],[1,195],[3,193],[11,417],[17,530],[-106,6],[-113,115],[-74,24],[-66,164],[-139,120],[-41,6],[9,31],[-84,92],[-49,48],[-70,77],[-28,47],[-220,413],[-9,255],[-78,-13],[-38,3],[-27,118],[26,63],[-45,49],[-32,50],[-35,37],[-87,42],[-16,17],[-129,74],[-42,3],[-19,18],[-25,-14],[-10,33],[-31,37],[2,41],[-22,46],[14,19],[11,-23],[67,2],[47,37],[-5,149],[-12,181],[-2,72],[-11,156],[-2,71],[-23,400],[-4,36],[67,-71],[24,2],[9,82],[-7,38],[11,51],[-20,159],[-6,0],[-12,88],[6,8],[-25,188],[75,305],[22,45],[14,-66],[28,-27],[12,42],[10,-42],[56,29],[17,0],[10,-28],[23,17],[42,-16],[6,-38],[23,14],[-8,63],[25,25],[11,57],[29,3],[-18,37],[23,31],[-9,22],[6,36],[-51,20],[-13,41],[-42,4],[-12,56],[-23,-15],[23,34],[11,43],[1,47],[37,114],[28,15],[-3,32],[15,54],[26,-4],[41,-43],[3,41],[29,35],[65,156],[24,51],[6,40],[-7,75],[6,41],[-86,25],[-29,21],[-33,3],[-41,34],[37,157],[31,111],[44,90],[-13,9],[15,67],[-11,13],[1,39],[-27,27],[-10,30],[-12,91],[-26,36],[16,36],[-5,28],[14,52],[38,82],[-15,47],[14,38],[-25,24],[-272,82],[-93,25],[-24,-8],[-188,-33],[-67,10],[-184,65],[-62,43],[-47,23],[-31,-6],[-88,67],[-347,324],[-18,22],[-23,3],[-29,32],[-44,4],[-84,-4],[-35,-15],[-20,36],[-19,-30],[14,-105],[1,-90],[-49,-30],[-5,-43],[-19,-14],[1,-45],[-43,-38],[-28,21],[-44,-4],[-17,30],[-31,24],[-38,-24],[-71,23],[-19,-41],[-14,10],[-39,-85],[13,-31],[-13,-15],[7,-75],[-16,-3],[-23,-52],[2,-45],[-19,-32],[-16,-56],[-38,-22],[-52,26],[-36,-57],[-74,-153],[5,-29],[-18,-46],[39,-56],[38,-26],[13,-53],[7,-81],[28,-94],[-12,-128],[15,-89],[-11,-53],[-40,-32],[-25,23],[-30,-10],[-39,-64],[-16,-11],[-29,-65],[-11,-54],[-36,-58],[-3,-43],[-49,-45],[-24,-52],[-20,-102],[-30,-43],[8,-13],[-27,-32],[-20,-52],[-18,-8],[-30,30],[-33,-33],[-33,14],[-75,66],[-38,17],[-10,55],[19,34],[-6,16],[-60,63],[-40,-5],[-97,-40],[-4,-48],[-73,-75],[-30,-20],[-69,13],[-26,25],[-6,-13],[-53,54],[-20,48],[-9,82],[4,210],[16,54],[16,20],[14,59],[-56,64],[-59,153],[-73,101],[-55,-15],[-64,68],[-44,30],[-15,33],[-41,31],[-38,-47],[-81,-41],[-52,0],[-71,-54],[-44,58],[-65,17],[-60,34],[-24,-52],[-93,-125],[-17,0],[-84,40],[-83,128],[25,128],[18,49],[-18,27],[25,87],[24,-17],[8,37],[-22,47],[-101,118],[-31,-55],[-5,-33],[-42,-120],[-21,-2],[-14,-48],[21,-29],[-21,-46],[-15,-99],[-16,6],[-30,39],[-33,-88],[36,-33],[-38,-79],[-39,5],[-27,-34],[-22,-8],[-23,52],[-56,25],[-182,92],[-207,110],[-63,37],[-3,23],[-84,359],[-49,202],[-47,202],[-10,62],[-32,134],[-13,83],[-52,22],[9,25],[24,5],[43,67],[3,29],[-28,20],[2,23],[-17,56],[-25,43],[-2,61],[13,19],[-26,87],[18,53],[-28,46],[24,13],[13,52],[-7,27],[37,43],[-4,42],[-31,-8],[-8,-29],[-26,32],[11,86],[13,17],[50,19],[-3,13],[35,25],[9,27],[-13,39],[21,52],[-14,0],[10,45],[23,18],[22,45],[33,-38],[31,33],[-54,106],[-22,76],[-18,34],[-13,-5],[-11,67],[37,17],[22,49],[8,83],[146,13],[63,39],[9,13],[13,-31],[9,-61],[22,-28],[116,155],[34,64],[16,0],[35,-46],[20,9],[19,-39],[40,-28],[25,4],[28,22],[37,-3],[50,-47],[21,-8],[60,-86],[2,-19],[29,-31],[36,-7],[32,16],[41,-54],[14,-52],[36,-9],[24,19],[29,-21],[74,22],[54,-22],[22,-17],[29,13],[114,7],[62,17],[39,3],[63,-11],[20,59],[32,45],[127,257],[27,81],[4,76],[-21,80],[-19,113],[-29,63],[0,29],[18,83],[-1,77],[-17,22],[21,186],[2,112],[16,91],[9,14],[19,110],[-19,87],[9,90],[-3,57],[-12,-10],[0,200],[3,198],[-5,190],[12,-6],[-12,106],[17,258],[-36,30],[-65,-23],[-42,-70],[-61,70],[-35,80],[-14,223],[1,30],[-49,-6],[7,21],[51,76],[50,107],[34,135],[-62,27],[-84,-23],[-77,24],[-65,381],[-15,-2],[12,50],[-3,29],[12,38],[-4,119],[-17,34],[-5,75],[8,49],[34,7],[34,49],[40,31],[39,20],[37,-37],[-2,-33],[19,-29],[35,37],[41,20],[67,1],[50,17],[29,-19],[43,-48],[32,-10],[44,-43],[23,-3],[47,52],[117,23],[56,-48],[72,-5],[135,-31],[62,26],[47,-20],[31,-33],[18,95],[-6,0],[4,101],[-26,36],[22,31],[28,18],[-31,25],[-40,10],[-16,-10],[-33,23],[16,51],[28,29],[52,4],[57,-20],[20,136],[-17,78],[-8,65],[5,51],[-6,28],[-23,0],[-25,27],[-52,-3],[-19,18],[-26,53],[-32,41],[-27,88],[1,47],[14,16],[-10,111],[-150,126],[8,79],[11,33],[7,87],[34,58],[-17,25],[-31,12],[-41,35],[-18,28],[-48,108],[-16,56],[2,27],[-57,54],[-38,44],[-23,71],[-27,38],[-26,11],[-48,72],[69,51],[108,136],[41,131],[18,33],[8,100],[34,135],[45,48],[17,30],[66,24],[58,80],[0,152],[12,38],[20,22],[-18,54],[-6,47],[36,111],[29,57],[65,65],[36,-10],[28,-31],[11,18],[1,58],[18,114],[-1,71],[-25,111],[-8,65],[-12,24],[-12,68],[5,33],[-31,94],[-20,24],[-9,64],[-22,33],[-18,76],[15,169],[-15,22],[31,114],[0,63],[26,78],[20,35],[-41,41],[-52,109],[7,35],[-14,15],[37,102],[12,19],[-16,43],[42,43],[25,10],[-1,23],[26,27],[34,13],[7,65],[65,28],[-33,112],[-5,59],[72,36],[-10,23],[6,61],[22,7],[-31,49],[-18,42],[-51,66],[-16,47],[2,68],[25,95],[0,50],[-24,53],[31,3],[5,18],[-11,135],[3,39],[101,-5],[41,-8],[62,-32],[42,-10],[44,59],[62,49],[53,53],[50,40],[25,-2],[37,-52],[19,30],[29,0],[31,-19],[23,-40],[-52,-44],[-32,-80],[40,4],[58,-25],[18,63],[0,39],[14,12],[-10,39],[28,15],[-6,-35],[33,-41],[15,-64],[21,32],[15,-10],[23,15],[-7,37],[12,15],[27,-9],[14,29],[-4,39],[-15,28],[20,4],[-8,53],[5,75],[-25,58],[15,-5],[13,25],[8,-19],[12,37],[-16,26],[3,58],[12,70],[23,7],[10,-22],[9,33],[21,-6],[17,19],[32,4],[29,33],[8,47],[19,32],[52,24],[8,45],[-39,38],[26,104],[29,80],[38,2],[20,23],[6,42],[30,68],[40,40],[34,12],[24,40],[-24,13],[-91,11],[-29,-2],[-25,-24],[-66,94],[-19,7],[-86,-3],[-78,-8],[-10,38],[2,36],[-12,-1],[-15,121],[-11,20],[-48,5],[-49,69],[-9,41],[-44,57],[-41,24],[11,105],[-45,46],[2,18],[-20,91],[-69,99],[4,60],[-12,70],[-16,38],[-24,-6],[-22,106],[-26,14],[-29,-2],[-20,23],[-37,103],[-34,125],[-18,34],[-6,73],[-25,28],[6,-67],[-17,-69],[-80,-126],[-25,-63],[-7,-135],[16,-81],[33,-99],[13,-79],[-85,-44],[-72,-96],[-37,-42],[-23,17],[-35,140],[-16,122],[-87,-36],[-20,41],[-13,94],[2,64],[-33,63],[-40,42],[-10,38],[16,81],[-3,53],[-58,7],[-65,-63],[-55,42],[-31,35],[-23,7],[-48,70],[-25,23],[-33,51],[-16,66],[-2,90],[8,38],[41,87],[-31,113],[-4,35],[5,67],[-24,20],[-2,25],[-39,43],[-16,81],[7,15],[-48,25],[-28,65],[-11,-6],[-13,-131],[-8,-12],[-69,40],[-45,55],[-62,-31],[-56,-1],[-55,19],[-25,37],[-36,-11],[-36,48],[-5,24],[13,67],[-22,20],[-21,-24],[-32,5],[-5,31],[-27,2],[-9,-29],[-26,20],[-30,3],[-22,53],[-65,8],[-9,22],[-71,-19],[-7,-67],[-46,-34],[-22,5],[-49,-19],[-10,18],[-33,7],[-27,51],[-42,27],[-28,1],[-25,34],[-11,79],[-51,8],[-36,-24],[-52,18],[-10,-51],[-27,-3],[-11,42],[-21,13],[22,81],[-7,57],[-41,7],[-7,13],[8,95],[-31,27],[-50,-30],[-75,36],[-18,-12],[-30,-107],[-4,-47],[20,-33],[-13,-30],[-55,25],[-8,61],[-27,100],[-22,7],[-30,31],[-32,-2],[-6,59],[44,87],[-30,23],[-5,24],[-27,-9],[-10,-27],[2,-69],[-15,-52],[-29,6],[-21,33],[-59,57],[-56,19],[-5,53],[52,39],[-7,59],[-21,42],[-20,8],[-19,67],[-19,22],[-34,91],[-7,44],[-16,-4],[-45,-42],[-31,-69],[-75,-88],[-17,-7],[-54,-59],[-8,-35],[-32,-81],[-33,-15],[-34,45],[-60,1],[-19,-13],[-43,0],[-42,31],[-44,-32],[-28,22],[-36,67],[-15,-67],[-2,-109],[-41,-99],[19,-60],[24,-34],[-1,-52],[-31,-64],[-21,-28],[-46,-15],[-71,-59],[-3,-43],[-27,-27],[-29,43],[-76,4],[-69,-80],[-12,-48],[-60,4],[-17,-14],[-75,-15],[-38,68],[-28,9],[-24,51],[-42,22],[-24,32],[-35,-5],[-43,24],[-17,20],[-7,103],[-14,-21],[-51,-15],[-32,59],[8,89],[56,25],[47,127],[27,40],[6,33],[-34,0],[-73,26],[-23,42],[-37,-24],[-29,-74],[-29,60],[26,75],[0,41],[26,89],[29,55],[14,61],[18,5],[-36,102],[-50,-24],[-4,-29],[-19,0],[-37,45],[-25,15],[-26,38],[1,23],[74,-2],[44,14],[-71,102],[-53,-13],[-36,35],[2,56],[19,-2],[17,24],[-25,130],[-27,20],[6,21],[68,22],[-13,41],[-18,12],[4,23],[51,75],[30,12],[38,-3],[22,-23],[24,34],[63,26],[60,-12],[11,21],[26,3],[35,-19],[40,-6],[10,45],[-14,58],[6,59],[-31,21],[-37,-59],[-19,3],[1,53],[11,69],[22,31],[36,77],[6,-6],[31,58],[-44,7],[-52,62],[-34,-4],[-24,33],[-6,31],[-31,53],[3,26],[-25,21],[-6,34],[-26,5],[-17,62],[-30,82],[-7,5],[-7,98],[-22,4],[-12,59],[-56,90],[-23,-6],[-44,26],[-14,22],[-72,12],[-33,29],[-7,25],[-1,110],[-11,66],[-38,73],[-59,37],[-64,31],[-30,56],[-30,78],[-61,128],[-5,40],[-24,37],[-28,102],[22,10],[52,-34],[27,48],[48,-37],[53,-12],[-4,41],[31,-2],[9,29],[-20,43],[35,63],[28,28],[43,21],[29,29],[40,-4],[20,14],[22,51],[61,32],[-13,50],[18,-7],[33,23],[72,37],[23,46],[47,35],[-34,63],[33,69],[11,50],[4,97],[-20,58],[-14,134],[2,53],[-10,23],[12,23],[-9,31],[-18,5],[-16,-27],[-50,-10],[-29,26],[-16,-24],[-36,6],[-11,16],[-58,-13],[-56,-40],[-19,0],[-15,-43],[-46,25],[-17,-37],[-69,-27],[-35,5],[-26,-37],[-49,13],[-13,27],[-59,-19],[-17,5],[-33,-23],[-59,75],[-13,45],[-38,35],[-36,8],[56,60],[19,-24],[45,81],[1,89],[8,38],[-3,56],[-42,60],[-68,52],[-30,48],[-15,46],[-25,30],[-23,-11],[-33,16],[-57,-6],[-62,59],[5,40],[-4,79],[30,49],[41,53],[23,68],[22,159],[13,12],[10,106],[29,-28],[52,-31],[54,-13],[95,59],[121,62],[88,19],[84,34],[41,27],[85,43],[50,15],[195,34],[62,31],[36,35],[23,34],[36,75],[17,55],[48,77],[46,47],[-37,161],[-21,153],[85,86],[19,-32],[23,34],[20,3],[121,51],[-12,38],[-26,40],[-9,40],[12,14],[21,-19],[17,38],[30,24],[60,15],[-48,35],[-47,50],[3,46],[-24,9],[85,38],[54,35],[-14,76],[32,31],[6,-54],[18,-44],[23,-29],[-4,-35],[27,-39],[40,14],[3,44],[-40,133],[34,29],[23,1],[20,-48],[39,-37],[-8,-24],[2,-69],[10,-43],[61,48],[35,59],[-14,46],[8,32],[-47,76],[21,-15],[88,-16],[37,-69],[17,32],[-15,78],[-49,52],[32,33],[29,-61],[83,35],[41,-84],[32,37],[18,48],[12,1],[-8,-98],[111,24],[51,41],[10,41],[9,-97],[42,-32],[24,12],[32,-56],[10,-40],[16,15],[34,63],[2,73],[-15,65],[-6,79],[-48,98],[-36,36],[21,27],[13,37],[30,21],[32,-7],[14,65],[24,69],[75,-29],[82,-91],[57,-13],[61,-29],[-29,177],[-4,55],[-18,40],[-3,121],[-32,54],[-12,62],[-84,56],[-22,32],[-3,61],[35,-2],[23,72],[70,74],[30,-1],[5,38],[32,4],[20,31],[78,-13],[8,40],[16,8],[17,59],[19,33],[58,1],[80,36],[19,29],[43,-34],[23,-41],[51,-65],[30,3],[36,51],[-11,39],[24,19],[3,-15],[28,16],[-8,22],[24,76],[37,36],[42,55],[37,19],[36,43],[9,84],[-7,19],[31,-2],[44,87],[-1,24],[21,-2],[23,41],[31,20],[52,9],[20,14],[30,-72],[33,-23],[43,18],[31,44],[-23,79],[18,28],[0,42],[31,28],[0,99],[-55,33],[-37,-1],[-57,-43],[-36,6],[-66,25],[-32,21],[0,42],[-13,27],[41,3],[1,12],[98,-2],[92,-47],[52,-11],[32,3],[3,44],[41,54],[14,96],[27,75],[15,26],[6,89],[-41,82],[-11,-31],[-24,-22],[-33,-8],[-31,52],[9,13],[-18,76],[-31,-1],[-42,21],[-24,-2],[-1,39],[-14,108],[-53,99],[-47,57],[-26,51],[23,67],[11,80],[-15,35],[-40,34],[-38,17],[-8,34],[-26,30],[-8,-6],[-41,55],[1,48],[-14,27],[47,73],[29,78],[-22,13],[-17,56],[3,44],[-17,43],[-33,28],[-41,22],[-24,32],[-65,17],[-24,-26],[-44,-2],[-37,16],[-27,-10],[-26,100],[-62,45],[-48,66],[-14,69],[-3,45],[19,16],[38,-26],[69,-16],[28,8],[17,36],[51,18],[26,-8],[20,-44],[87,-36],[10,11],[47,-21],[1,-18],[52,-10],[41,5],[36,32],[38,12],[88,-7],[59,4],[47,-10],[45,6],[109,-10],[41,-19],[44,0],[96,35],[40,37],[70,5],[11,7],[57,-1],[38,7],[67,59],[69,9],[36,35],[19,145],[19,39],[64,19],[87,14],[32,63],[53,49],[31,37],[35,10],[178,-77],[43,65],[109,-57],[31,-32],[94,-69],[42,-76],[21,-25],[42,-13],[34,17],[15,54],[21,142],[-18,27],[-31,149],[-46,25],[46,102],[16,21],[39,3],[30,24],[31,5],[64,-16],[24,12],[-16,55],[20,30],[30,89],[60,60],[43,64],[19,62],[44,54],[-18,71],[-29,51],[-16,105],[-2,146],[17,63],[15,22],[36,119],[-16,23],[-42,-30],[12,57],[-3,21],[31,13],[-13,63],[0,48],[-10,77],[-23,42],[10,36],[-20,103],[-5,62],[-15,19],[-2,33],[-19,40],[-29,29]],[[62912,84671],[-38,-17],[-40,6],[-43,-8],[-54,-29],[-49,-41],[-15,-25],[-17,11],[-85,9],[-64,50],[-15,2],[-28,-29],[-59,-34],[-37,-12],[-33,-24],[-28,11],[-30,35],[-31,7],[-52,-28],[-93,1],[-30,-45],[-1,-32],[-17,-21],[-37,-13],[-27,-37],[-68,11],[-37,49],[-24,47],[-38,5],[-61,-26],[-28,10],[-46,-1],[-84,15],[-128,8],[-11,150],[-20,59],[-31,34],[-27,-19],[-60,-5],[-70,-54],[-47,-30],[-21,-61],[-36,-28],[-35,-52],[0,-36],[-50,14],[-45,-12],[-20,9],[-2,38],[-30,17],[-6,31],[-46,63],[-37,-18],[-27,21],[-58,-4],[-38,-40],[-42,-14],[-44,39],[-45,21],[-29,-14],[-27,-54],[-89,-127],[19,-37],[-61,-43],[-24,-41],[9,-29],[-39,-23],[-62,-2],[-97,84],[-27,80],[-43,66],[-61,64],[-56,25],[-47,-4],[-64,36],[-70,3],[-65,17],[-45,-10],[-22,-17],[-30,2],[-68,-23],[-46,6],[-42,-30],[-32,-54],[-29,-65],[-91,-101],[-33,-2],[-51,-30],[-54,-41],[-43,-124],[-15,-63],[-80,-38],[-41,-48],[-47,-28],[-40,29],[-80,13],[-49,-20],[-31,2],[-42,39],[-36,17],[-123,-17],[-42,16],[-87,-46],[-24,-4],[-44,-31],[-63,-54],[-54,-31],[-10,-14],[-140,-2],[-48,-24],[-106,3],[-48,-81],[-34,-35],[-117,-23],[-52,-24],[-70,71],[-131,103],[-68,36],[-43,39],[-49,29],[-78,-30],[-52,-37],[-63,-17],[-55,68],[-34,9],[-46,32],[-30,-13],[-78,21],[-37,2],[-72,63],[-18,24],[-24,-1],[-55,15],[-50,-32],[-86,50],[-58,4],[-69,70],[-8,28],[-35,46],[-46,40],[-14,26],[-12,68],[7,65],[-26,27],[-45,114],[-28,5],[-64,52],[-29,44],[-61,78],[-26,44],[-47,17],[-51,-28],[-20,-30],[-9,17],[-35,-27],[-61,-4],[-25,22],[-45,-91],[-48,7],[-29,-24],[-11,8],[-31,-17],[-83,23],[-31,62],[-4,42],[-32,111],[-68,32],[-23,-21],[-51,-28],[-44,-51],[-31,4],[-50,-49],[-36,20],[-16,49],[-51,108],[-42,11],[-30,-5],[-67,64],[-70,22],[-15,16],[-69,-27],[-31,-154],[-62,-54],[-42,59],[-28,1],[-3,35],[-50,-25],[-22,-25],[-33,-16],[-21,-38],[-18,-163],[-30,-34],[-8,-27],[9,-38],[-6,-54],[-29,-76],[-22,-17],[-58,-20],[-24,42],[-26,-6],[-20,31],[7,46],[-14,45],[11,47],[-22,13],[-30,56],[-42,20],[-57,3],[-8,13],[0,56],[16,32],[-9,12],[-22,-22],[-31,-73],[-11,-50],[-25,-6],[-3,43],[-70,27],[-18,18],[-33,62],[9,24],[45,28],[-14,24],[-47,44],[-37,27],[-21,40],[-28,22],[-33,45],[-54,-15],[-16,27],[-34,-15],[-26,-77],[-92,-87],[-22,-33],[-57,-32],[-19,-22],[-5,-80],[-19,-28],[-22,-66],[-38,-19],[-5,-18],[-51,-1],[-35,11],[-66,-7],[-30,-24],[-18,4],[-65,-24],[-31,-21],[28,-18],[7,-23],[-33,-60],[-33,-47],[-56,-105],[-9,-40],[-28,-82],[-47,-95],[-54,54],[-3,27],[-131,176],[-50,46],[2,14],[-36,4],[-32,21],[-61,-16],[-113,105],[-44,16],[-15,27],[-9,-16],[-27,7],[-54,-4],[-97,20],[-49,-8],[-27,-17],[-70,-16],[-119,5],[-64,16],[-87,-16],[-17,20],[-35,13],[-44,-17],[-48,-6],[-37,-85],[-90,-77],[-34,0],[-57,-33],[-88,-144],[-35,-115],[-25,-26],[-161,-110],[-78,-58],[-29,-8],[-139,-96],[-26,-70],[-4,-60],[-15,-26],[-24,-5],[-28,-73],[1,-31],[-16,-26],[-21,-67],[-6,-64],[-48,-59],[-70,-28],[-7,-32],[-39,-60],[1,-86],[-38,-60],[-27,-77],[-36,-32],[-38,-54],[-12,-40],[-35,-27],[-1,-24],[-45,-104],[-8,-46],[-18,-29],[-27,-17],[-33,-70],[-26,-31],[-17,-59],[6,-80],[-14,-101],[-3,-50],[9,-5],[21,-67],[24,-41],[-5,-51],[-33,-102],[-25,-7],[-9,-29],[-28,-31],[-18,-65],[-16,-8],[-42,-84],[-29,-36],[-23,1],[-7,-36],[-23,-12],[-16,-46],[-20,-16],[-9,-34],[1,-53],[16,-60],[-22,-36],[4,-23],[-12,-37],[-19,0],[-21,-36],[-4,-53],[-54,-47],[-3,-23],[-63,-38],[-42,-46],[-13,62],[-65,139],[-58,255],[-11,61],[-7,102],[-9,243],[1,94],[-4,85],[-19,141],[-33,146],[-25,166],[-24,79],[-49,118],[-65,123],[-58,61],[-124,110],[-172,168],[-46,-122],[-53,-89],[-21,22],[-37,-63],[19,-28],[-74,-125],[-40,-61],[8,-14],[-114,-165],[-25,-11],[13,-17],[-70,-105],[19,-12],[-11,-33],[-57,-81],[-63,50],[-29,-9],[-18,-28],[-40,-106],[-38,-68],[-10,-62],[-31,-10],[-23,-22],[-18,-37],[-19,31],[-16,53],[-43,115],[-14,66],[-39,16],[-30,42],[-44,25],[-15,-2],[-40,35],[3,-47],[-56,-120],[-18,-74],[-5,-77],[21,-37],[16,-113],[0,-106],[32,-104],[-6,-47],[1,-72],[-8,-34],[-6,-81],[-9,-57],[25,-71],[14,-59],[20,-9],[-18,-103],[-77,-58],[-52,-34],[-34,108],[-23,53],[-14,57],[-32,55],[-60,33],[6,-92],[-10,-52],[-26,5],[-40,-21],[-17,10],[-40,56],[-31,9],[-46,-2],[-32,10],[-49,-25],[10,70],[-21,86],[-19,45],[-18,-10],[-27,21],[-22,71],[-36,36],[4,45],[22,39],[-4,78],[-12,7],[-34,-18],[-77,-103],[-23,-3],[-62,39],[-61,55],[-53,29],[-22,48],[-8,-10],[-91,15],[-45,-16],[-20,-24],[-4,-27],[-55,-11],[-54,-23],[-38,-1],[21,-26],[3,-45],[-16,-68],[-22,-18],[-17,-46],[-30,-10],[-23,15],[-32,-9],[-56,11],[-18,-12],[-17,-48],[-24,14],[-55,-32],[-22,-54],[-44,-69],[-39,-74],[0,-36],[-16,-39],[10,-46],[-13,-29],[5,-71],[-3,-37],[9,-36],[24,-48],[-5,-49],[-23,-77],[-4,-60],[-21,-66],[-32,-67],[-6,-73],[4,-27],[-18,14],[-76,17],[-8,9],[-109,-57],[-45,-63],[17,-36],[-11,-86],[-3,-77],[-23,-96],[-1,-73],[10,-4],[-51,-140],[-21,-23],[-53,-126],[-10,-55],[6,-75],[-76,-18],[-44,-38],[-65,-89],[-31,-50],[-39,-48],[-4,-54],[6,-33],[-26,-35],[-10,-34],[-42,-93],[-34,-49],[-6,-46],[-15,-27],[8,-29],[-25,-55],[-32,-96],[-3,-75],[29,-20],[34,-69],[7,-55],[-18,-10],[-35,40],[-19,2],[-48,-43],[-25,-47],[-31,-126],[4,-21],[56,-100],[24,-19],[19,-102],[-11,-13],[20,-59],[-3,-39],[-17,-34],[-2,-31],[-24,-94],[-11,-14],[-36,-93],[-22,-35],[-5,-27],[11,-72],[-31,-15],[-16,-43],[-34,-16],[10,-172],[-31,-51],[-37,11],[10,28],[-42,7],[-14,-26],[-35,-27],[-45,15],[0,-47],[-25,-47],[9,-64],[-78,11],[4,-60],[-9,-31],[5,-93],[36,-26],[57,0],[79,-71],[19,-65],[15,-16],[21,-55],[47,-37],[-26,-53],[-36,1],[-54,-54],[-49,-71],[-14,-38],[-52,-19],[-30,31],[-21,-80],[6,-87],[-10,-48],[0,-51],[18,-73],[20,-58],[40,-38],[-24,-69],[-20,-14],[-37,-107],[-7,-46],[3,-70],[-20,-84],[-53,-73],[-71,-70],[-6,-21],[4,-93],[10,-27],[39,-49],[-22,-45],[-15,-104],[14,-86],[-10,-48],[16,-91],[12,-45],[-5,-67],[8,-94],[-19,-114],[-40,-21],[-84,-64],[-27,0],[-29,16],[-29,-14],[-22,-30],[-23,9],[-23,-11],[-37,5],[-61,-6],[-38,-41],[-95,-82],[-24,-40],[-65,-54],[-18,-28],[-52,-20],[-80,-21],[-27,-23],[-47,-61],[-28,-18],[-15,-35],[-22,-10],[-35,-45],[-38,-16],[-53,-39],[-17,-32],[-34,0],[-30,53],[-11,54],[-46,-2],[-20,29],[-36,-70],[-21,71],[-53,111],[-17,105],[-51,-9],[-69,-39],[-46,23],[-81,24],[-109,-16],[-63,-18],[-60,-5],[-11,25],[-32,11],[-29,-6],[-8,-24],[-78,-109],[-26,-43],[-76,-79],[-73,-96],[-73,-119],[-38,115],[6,103],[-36,20],[-2,53],[-29,96],[-44,17],[-66,96],[-10,22],[-39,-34],[-31,-57],[-42,-53],[-3,-28],[-23,-64],[3,-57],[-20,-127],[-35,-109],[-34,-88],[-30,-38],[-19,-46],[-46,-75],[-13,-49],[9,-27],[-35,-77],[-35,-46],[-6,-47],[-17,57],[8,66],[-13,45],[-23,34],[-43,44],[-19,38],[-52,161],[-45,98],[-44,9],[-27,31],[-37,-2],[-20,28],[-92,52],[-13,-79],[-33,-266],[-18,-26],[-39,-104],[-27,-26],[30,-50],[7,-41],[-2,-134],[-13,-146],[-29,-165],[-17,-55],[-10,-140],[-10,-73],[-10,-18],[-32,-5],[-57,-22],[-46,-10],[-74,18],[-5,-77],[-18,-79],[-25,-52],[-27,-80],[-23,-28],[-43,-92],[12,-39],[51,-116],[37,-14],[22,-66],[-16,-87],[7,-67],[36,-103],[-4,-25],[-32,-35],[-10,-33],[5,-31],[-37,-70],[-23,-62],[-30,51],[-18,11],[-46,-4],[-45,-39],[-51,-4],[-61,27],[-52,15],[-86,70],[-74,101],[-31,68],[-63,-121],[-22,-51],[-47,-158],[-21,-41],[-48,-15],[-32,-48],[19,-77],[26,-43],[65,-127],[-17,-48],[-30,-62],[-1,-46],[-32,-49],[-16,-52],[5,-39],[-38,-126],[-9,-80],[-88,9],[-29,18],[-12,-30],[-21,1],[-45,-42],[-37,-12],[-22,6],[-60,-88],[-40,-154],[-14,-25],[-28,-19],[-32,-53],[-42,-36],[-28,-6],[-6,15],[-57,-9],[-44,-19],[-57,43],[-34,10],[-101,-46],[-43,-9],[-37,-35],[-68,-21],[-12,-37],[-30,-2],[-67,14],[-82,-83],[-35,-46],[-110,-65],[-64,-48],[-65,-1],[-51,-15],[-29,13],[-66,-11],[-34,-24],[-43,-17],[-100,19],[-36,-2],[0,15],[-39,7],[-36,47],[-88,-18],[-101,-16],[-54,-22],[-54,-53],[-29,-51],[-6,-46],[-54,-10],[-21,8],[-83,0],[-11,-12],[-32,11],[-17,-10],[-53,5],[11,-102],[-1,-91],[-27,-55],[-40,-33],[-20,-34],[-51,-64],[-97,-68],[-45,-2],[-29,-49],[10,-111],[-23,-81],[-22,-112],[-25,-75],[-6,-70],[3,-125],[-22,-183],[-33,-29],[6,-101],[17,-55],[19,-5],[29,-35],[77,-36],[21,3],[21,-29],[-5,-33],[-2,-174],[14,-56],[16,-19],[0,-47],[-14,-15],[-15,-87],[-5,-169],[-54,-99],[10,-105],[-3,-83],[13,-51],[-8,-44],[5,-125],[-13,-23],[20,-64],[-7,-19],[15,-22],[-6,-73],[-14,-18],[-40,-152],[15,-42],[-9,-35],[-39,-84],[2,-18],[-22,-50],[3,-35],[-19,-70],[-17,-17],[-15,-57],[-68,-68],[-24,-52],[-25,-75],[-5,-50],[31,-47],[8,3],[57,-37],[3,-39],[-33,-90],[-8,-58],[-43,-42],[-7,-85],[-18,-40],[-38,-25],[-20,-34],[-53,-26],[-8,15],[-45,-37],[-39,19],[-42,-17],[-16,21],[-22,-1],[-53,-46],[-37,-7],[-24,-24],[-10,-68],[4,-84]],[[47597,54047],[-5,-72],[18,-94],[-9,-164],[0,-131],[8,-42],[15,-13],[1,-43],[-20,32],[-14,-41],[21,-23],[12,-61],[90,-1],[45,-40],[42,-7],[29,-29],[81,-59],[22,-34],[27,-14],[31,-36],[23,-78],[4,-45],[32,-39],[27,-51],[34,-173],[-8,-45],[106,-142],[80,-68],[30,24],[76,33],[33,23],[54,-2],[54,-17],[22,2],[29,24],[3,-34],[42,-3],[35,-18],[38,9],[14,-9],[235,168],[57,31],[211,165],[101,75],[133,93],[68,-25],[25,15],[85,11],[6,30],[47,88],[47,55],[55,16],[25,18],[23,-12],[42,26],[7,-29],[19,-13],[67,-105],[11,34],[25,3],[20,-63],[71,-19],[45,68],[53,31],[95,-56],[24,38],[21,4],[19,28],[19,-8],[35,27],[36,49],[3,-12],[46,-12],[31,41],[30,14],[42,-15],[-41,-51],[25,-51],[27,50],[24,16],[28,-12],[-1,-31],[25,-18],[31,17],[26,37],[11,-32],[-32,-103],[15,1],[77,77],[24,-7],[-5,-33],[-35,-108],[-59,-107],[-24,-72],[14,-8],[50,24],[37,-28],[0,44],[19,-12],[41,22],[3,-43],[14,-27],[1,45],[27,24],[17,-18],[18,8],[66,88],[16,-14],[24,6],[18,24],[40,5],[8,-33],[59,2],[17,17],[38,10],[70,-31],[80,40],[40,83],[57,29],[60,43],[22,8],[19,-21],[34,3],[63,70],[-12,-22],[-63,-60],[-41,25],[-24,-9],[-59,-42],[-54,-27],[-42,-83],[-66,-27],[-17,-16],[-77,34],[-35,-23],[52,0],[13,-29],[57,-75],[-4,-20],[72,6],[57,50],[47,10],[18,14],[43,1],[34,13],[80,74],[76,131],[53,154],[35,-64],[35,-40],[1,-48],[-40,-67],[-4,-41],[21,-46],[2,-32],[-13,-48],[14,-24],[7,-46],[57,-41],[22,21],[6,-56],[66,-54],[59,-28],[39,0],[79,-50],[66,-16],[71,-50],[67,-87],[56,-14],[67,9],[72,-9],[59,-15],[55,-26],[7,-28],[81,-64],[62,41],[31,32],[45,16],[58,42],[27,4],[41,26],[23,-3],[48,27],[35,9],[26,18],[167,160],[72,47],[75,94],[38,-44],[22,-9],[64,-47],[85,-75],[63,-62],[-41,-32],[-4,-46],[5,-71],[-4,-30],[13,-30],[9,-56],[19,-24],[47,43],[39,-67],[29,-73],[31,7],[58,-10],[26,-13],[59,-5],[0,16],[31,4],[16,-13],[80,25],[42,53],[61,6],[49,47],[58,19],[70,53],[82,42],[39,6],[82,-20],[97,10],[150,32],[17,-1],[58,31],[95,171],[46,102],[62,-35],[57,-50],[40,62],[7,38],[55,78],[64,77],[18,27],[50,39],[-6,-98],[20,-81],[52,-48],[29,-12],[80,11],[12,-28],[-23,-17],[-26,-42],[-44,-34],[15,-12],[-18,-34],[-28,-21],[-4,-30],[-49,-34],[12,-20],[63,-59],[31,-36],[41,-88],[82,23],[22,-43],[35,-14],[36,22],[71,28],[36,116],[4,26],[30,20],[47,5],[66,25],[19,-66],[10,16],[55,-13],[34,-26],[-3,116],[20,59],[32,-56],[23,-6],[48,35],[5,-63],[32,-30],[-4,-15],[34,-31],[21,39],[41,24],[55,-20],[58,12],[45,-11],[18,-32],[32,31],[71,48],[12,185],[15,17],[-14,86],[-5,71],[35,14],[-7,26],[-22,11],[17,28],[41,28],[40,58],[9,28],[94,119],[20,51],[33,32],[80,-37],[27,-5],[-25,-81],[-42,-66],[-47,-108],[-10,-43],[-30,-62],[3,-49],[62,22],[26,38],[42,30],[10,23],[46,35],[66,21],[80,-7],[44,-18],[-6,-36],[-25,-4],[-12,-44],[-2,-47],[35,-55],[-7,-90],[35,-20],[6,12],[59,50],[19,32],[47,32],[44,45],[-6,-113],[5,-44],[65,65],[17,7],[43,96],[-13,15],[-34,109],[7,41],[45,55],[28,8],[103,6],[50,24],[47,55],[22,39],[11,84],[12,14],[68,10],[23,-11],[9,41],[25,20],[58,72],[23,61],[36,-6],[10,-22],[33,-7],[21,-31],[41,-30],[-7,-116],[20,-159],[30,-130],[28,-75],[-5,-47],[56,6],[35,27],[61,-20],[87,-17],[72,-20],[87,-43],[93,6],[21,16],[105,39],[68,-6],[108,16],[34,-20],[47,-11],[39,3],[32,-12],[48,-39],[53,-21],[19,-43],[65,-65],[43,-22],[74,55],[30,-95],[-37,-13],[12,-61],[79,10],[-2,-62],[69,-216],[-108,-5],[-46,-42],[39,-112],[32,-54],[-54,4],[-26,24],[-25,3],[-4,-36],[23,-25],[19,-51],[3,-59],[36,-11],[12,-127],[-16,-58],[-110,117],[-14,-176],[-69,-9],[-50,15],[-29,-11],[-47,-1],[-25,11],[-46,1],[-44,-71],[-65,-49],[4,-11],[-10,-102],[15,-97],[52,-29],[5,-156],[36,-33],[107,-42],[34,-18],[28,-44],[34,31],[11,-55],[44,14],[53,42],[68,27],[39,-32],[30,15],[5,-141],[36,-6],[66,18],[7,28],[38,38],[89,59],[73,23],[42,30],[17,-12],[121,32],[121,0],[45,14],[61,6],[2,56],[51,288],[40,-4],[10,33],[85,-15],[24,26],[41,0],[3,78],[-23,77],[-2,56],[-9,26],[15,171],[17,54],[40,50],[38,-189],[-2,-36],[35,-20],[41,26],[33,2],[12,-20],[25,-5],[42,28],[28,46],[53,16],[44,-10],[41,149],[83,4],[18,-17],[131,19],[44,-2],[25,38],[21,9],[20,40],[59,16],[23,48],[-18,56],[-1,37],[17,22],[25,-3],[16,-28],[40,6],[34,39],[24,-31],[17,7],[16,-22],[28,3],[17,-28],[13,-67],[27,-36],[18,-128],[48,-132],[39,-129],[94,-167],[-4,-23],[40,-41],[-30,-48],[-35,-34],[-31,-47],[-26,-64],[15,-85],[30,-68],[-3,-53],[8,-56],[-11,-24],[11,-61],[-20,-29],[-4,-61],[16,-200],[1,-77],[-84,-61],[-13,7],[-46,-38],[-62,-23],[-17,-38],[-66,-9],[-26,-23],[-72,13],[-50,-41],[-2,-46],[-13,-64],[-1,-56],[-18,-79],[-33,-43],[-18,-7],[-30,-40],[-16,-139],[16,-21],[22,2],[41,-85],[46,-39],[25,-89],[22,-19],[27,-58],[2,-35],[-18,-63],[2,-37],[31,-49],[14,-42],[18,-3],[21,-46],[19,-3],[19,-34],[25,8],[28,-83],[19,-143],[-2,-47],[40,-72],[-6,-19],[17,-48],[24,-21],[-10,-94],[15,-78],[-1,-48],[11,-45],[-25,-21],[-1,-70],[-12,-69],[17,-3],[32,-42],[7,-33],[-24,-16],[8,-57],[18,5],[7,-49],[20,-52],[4,-35],[21,-25],[19,-60],[4,-44],[12,-8],[6,-59],[11,-5],[3,-63],[15,-18],[-4,-36],[34,-61],[7,-46],[-13,-33],[14,-14],[-5,-37],[24,-20],[18,-73],[29,-6],[-17,34],[2,39],[62,-9],[-26,-58],[23,-26],[5,-43],[-12,-34],[3,-38],[-28,4],[-2,-32],[-27,-18],[19,-72],[-50,-54],[-63,20],[-39,-36],[-20,-4],[-12,-153],[-23,-69],[30,-26],[-2,-26],[-29,-72],[4,-75],[-8,-30],[11,-27],[25,2],[31,-33],[48,-18],[28,9],[18,-29],[61,-13],[5,-22],[34,-34],[1,-107],[-16,-89],[13,-51],[-12,-37],[-7,-76],[-14,-40],[10,-63],[-19,-51],[-8,-54],[-19,-77],[5,-63],[23,-19],[-10,-41],[36,-69],[-14,-49],[1,-43],[-26,11],[8,43],[-47,2],[-12,-108],[-52,-13],[-52,-26],[-38,-31],[-54,-61],[-52,-119],[9,-5],[26,-71],[27,-138],[-125,-72],[31,-101],[0,-61],[-16,-44],[-38,-62],[-47,-8],[-32,-38],[50,-28],[100,-159],[56,-21],[37,-50],[82,-35],[26,-34],[20,-8],[23,72],[14,20],[25,-4],[34,69],[35,56],[38,-13],[16,25],[58,10],[26,-6],[27,72],[66,8],[14,-29],[48,-7],[41,-28],[-7,-47],[70,-145],[42,-44],[20,-77],[25,-10],[40,6],[17,19],[42,-66],[47,2],[12,-33],[44,-29],[56,-27],[59,-15],[39,6],[33,15],[48,42],[31,17],[70,-25],[17,-29],[57,22],[54,8],[23,44],[31,6],[47,-17],[31,12],[62,-1],[31,-17],[27,18],[42,-2],[35,-60],[73,-19],[24,-34],[30,-19],[74,52],[87,105],[44,103],[64,23],[18,16],[100,0],[90,22],[36,-7],[21,9],[44,-20],[39,7],[62,-91],[28,-23],[25,-74],[59,-21],[16,9],[108,30],[40,47],[28,-8],[49,17],[72,34],[121,22],[44,3],[42,24],[55,74],[62,53],[59,-23],[143,-75]],[[65304,44582],[89,159],[6,237],[14,25],[29,165],[-9,146],[-13,64],[-53,140],[-12,71],[-27,-9],[-22,-35],[-20,9],[-21,-20],[-28,9],[-19,27],[-24,8],[-10,34],[-62,0],[-27,11],[-30,-14],[-19,7],[-12,51],[-24,16],[-25,45],[-6,36],[-38,-15],[-44,41],[-15,60],[-13,4],[-34,76],[-6,39],[-36,114],[-9,100],[-34,100],[-20,9],[-5,74],[-9,12],[5,55],[-19,27],[-6,37],[42,103],[-5,33],[17,24],[5,54],[-10,66],[6,62],[26,36],[-1,39],[15,11],[-1,44],[-16,30],[9,42],[34,62],[-71,-22],[-32,13],[-22,75],[-42,38],[-25,45],[-4,25],[22,107],[-28,25],[-34,4],[-46,25],[-2,84],[26,33],[-3,53],[31,-35],[31,-4],[28,-65],[18,-17],[40,17],[96,-60],[19,-54],[30,-26],[59,-33],[14,31],[22,131],[15,69],[23,49],[23,25],[17,53],[53,21],[9,79],[32,33],[21,-32],[-1,-19],[40,-31],[45,16],[15,-49],[28,46],[14,-34],[42,-23],[-10,-44],[1,-39],[-21,-79],[55,-9],[23,-27],[-9,-30],[27,-101],[-9,-18],[53,-20],[20,5],[12,-40],[-13,-31],[58,-19],[-6,-33],[21,-9],[51,-71],[59,26],[37,44],[24,63],[60,16],[26,49],[42,4],[32,-20],[48,7],[59,64],[48,-1],[-1,27],[-17,29],[-9,48],[-1,94],[-23,32],[12,31],[-15,33],[5,28],[-16,10],[1,31],[27,84],[56,138],[24,23],[22,85],[-14,16],[3,35],[37,31],[26,10],[41,-9],[12,14],[64,-22],[17,34],[39,37],[-9,73],[-16,39],[-13,62],[-17,15],[-31,107],[-21,23],[-3,34],[93,85],[-24,127],[26,10],[163,41],[63,7],[28,19],[33,-5],[31,14],[48,-10],[52,72],[44,14],[3,191],[-23,75],[12,100],[15,24],[7,50],[19,-11],[28,88],[7,41],[3,92],[-17,39],[14,87],[36,57],[47,39],[26,48],[15,75],[-3,49],[77,92],[31,29],[18,-1],[-24,81],[-39,51],[16,43],[-13,52],[0,97],[14,38],[47,172],[-39,46],[-56,24],[-58,4],[-53,-14],[-12,44],[-28,50],[-38,31],[-34,54],[12,83],[-14,11],[-26,-32],[-11,7],[11,43],[-32,36],[-21,-10],[-2,48],[22,56],[-38,34],[-16,-91],[-9,-24],[-57,-38],[-13,36],[-23,-11],[-21,26],[-33,-21],[-25,-50],[-44,-12],[-27,48],[-31,-3],[-11,-48],[-31,11],[-55,0],[-20,-11],[-69,-168],[15,-10],[-26,-33],[6,-52],[-7,-59],[-36,-43],[-53,7],[-64,-31],[-49,33],[-18,-103],[-30,-11],[-21,-36],[7,-117],[-25,17],[-61,12],[-58,62],[-45,35],[-39,-1],[-31,32],[-20,55],[-6,41],[-40,34],[-18,30],[-3,78],[-88,52],[-9,18],[-49,28],[-64,-7],[-51,-18],[-22,18],[-28,47],[-16,51],[2,99],[19,60],[-7,34],[25,12],[-3,75],[6,35],[-10,30],[-16,3],[-57,-24],[-30,-2],[-23,27],[-32,14],[-43,-34],[3,35],[-24,66],[20,149],[-21,99],[-1,73],[-11,41],[-13,9],[-8,75],[21,26],[-18,37],[18,13],[-5,41],[23,29],[4,46],[-23,29],[20,37],[24,-11],[-2,30],[19,49],[-23,17],[-7,31],[17,0],[-14,48],[2,59],[-16,0],[-10,42],[8,27],[-24,49],[-33,37],[-19,-18],[-55,54],[-14,70],[-33,33],[-24,-10],[-12,16],[0,36],[-44,16],[-28,29],[39,146],[-2,64],[-10,19],[21,31],[2,27],[28,38],[15,47],[-29,66],[-63,10],[-20,-39],[-10,9],[-43,-9],[-104,34],[-20,-5],[-55,93],[10,57],[-4,29],[-19,26],[3,77],[17,53],[-8,14],[-83,53],[-14,-20],[-43,26],[-20,0],[-1,75],[12,60],[18,33],[1,41],[-12,1],[-47,54],[-17,92],[-29,67],[-4,55],[-14,25],[-12,70],[-17,24],[-21,70],[-41,54],[-16,52],[8,51],[-22,49],[2,58],[-20,9],[23,54],[20,67],[11,104],[15,21],[2,43],[-20,2],[-41,46],[-10,29],[7,25],[-34,90],[-7,41],[13,12],[-6,73],[-25,2],[-36,57],[41,31],[-16,43],[-43,0],[8,32],[-9,26],[-49,23],[16,23],[5,40],[55,39],[43,55],[22,-11],[17,-31],[59,-3],[1,68],[26,79],[28,51],[35,-21],[3,54],[26,1],[11,35],[-17,3],[28,85],[36,11],[13,67],[-26,-1],[12,51],[40,38],[-11,15],[19,109],[1,30],[51,8],[-5,-92],[5,-47],[15,-19],[41,42],[35,67],[46,-6],[7,25],[-3,47],[34,48],[9,-16],[19,47],[54,-31],[17,35],[-1,99],[18,2],[6,29],[18,9],[69,-21],[0,33],[86,5],[13,100],[-13,-3],[-16,94],[-34,61],[66,52],[-4,10],[71,33],[66,-4],[22,16],[61,86],[32,11],[61,-23],[75,25],[56,28],[54,41],[54,19],[-14,125],[27,24],[21,48],[20,24],[38,4],[40,-12],[41,25],[-8,10],[30,66],[20,11],[47,-19],[20,50],[69,43],[24,0],[23,54],[-14,106],[12,80],[6,114],[30,0],[5,-27],[27,-14],[42,-3],[27,11],[51,122],[13,14],[36,105],[69,90],[51,-9],[-21,129],[-33,65],[-15,67],[3,33],[39,47],[49,33],[38,0],[22,-19],[49,2],[32,17],[5,27],[56,40],[10,25],[10,93],[21,138],[45,43],[14,59],[83,126],[37,17],[0,19],[-85,4],[-11,-11],[-31,24],[-34,53],[2,10],[-43,50],[-10,40],[-101,96],[-64,65],[-32,19],[-37,44],[-11,33],[-34,41],[-20,9],[-35,46],[-57,42],[-14,-74],[4,-44],[-21,-44],[-12,8],[-37,-23],[-7,70],[-36,33],[-51,-31],[-25,-38],[-59,-6],[-15,-33],[4,-28],[-17,-42],[-23,-111],[64,29],[16,-29],[-14,-55],[-31,-54],[-34,-24],[-45,84],[-6,-49],[-27,-66],[-33,-20],[-23,26],[-30,56],[-3,54],[14,45],[0,33],[27,51],[-6,43],[-43,-9],[-23,24],[-34,6],[-8,15],[-32,-3],[-53,-21],[1,-30],[-48,18],[-18,-50],[-23,50],[-34,22],[-19,-16],[-34,23],[-42,14],[-39,-37],[-12,-25],[-12,69],[14,67],[-18,122],[-21,39],[-98,96],[-7,27],[-68,42],[-50,-2],[-36,-19],[-29,2],[-42,67],[-56,28],[-27,-8],[-35,17],[-48,-11],[-70,-30],[-39,3],[-14,69],[-4,69],[-16,31],[-53,42],[-42,11],[-19,55],[-25,52],[-8,35],[-69,-3],[-80,-20],[-30,-18],[1,-47],[-48,1],[-36,95],[-36,-36],[-23,108],[-53,2],[-60,-12],[-26,3],[-77,-60],[-45,31],[-44,57],[-27,15],[28,115],[-36,-16],[-102,12],[-43,13],[-17,26],[-41,18],[-36,-5],[-31,-25],[-7,-27],[-18,4],[-31,88],[-26,33],[-1,65],[-47,24],[-48,-12],[0,-43],[-69,43],[-53,3],[-16,16],[-62,31],[-27,-1],[-43,54],[-38,25],[-28,0],[-36,21],[-29,-16],[-31,28],[-67,-54],[-28,5],[-36,-29],[-39,5],[-44,-6],[-35,-49],[-41,-26],[-29,3],[-33,46],[-31,8],[-92,-14],[-89,6],[-28,17],[-5,27],[3,81],[30,58],[0,100],[-72,61],[-43,12],[-24,23],[-36,80],[-4,25],[-42,49],[-12,56],[-41,57],[-19,-6],[-45,76],[-17,39],[-13,90],[-17,57],[-98,8],[-29,11],[-39,57],[-16,64],[-1,50],[11,36],[-64,103],[-47,44],[-17,45],[-52,37],[11,48],[-12,6],[48,77],[-32,24],[-22,35],[12,69],[46,73],[79,57],[32,52],[54,119],[43,158],[10,100],[-88,-53],[-49,12],[-63,56],[-21,3],[-47,41],[-55,67],[-51,104],[-66,51],[-45,15],[-88,53],[-269,309],[-16,36],[-65,-25],[-53,-54],[-20,-3],[-17,19],[40,77],[29,28],[5,82],[51,111],[-2,42],[15,40],[-5,51],[5,38],[-20,66],[-53,69],[-39,25],[32,197],[-14,2],[-6,124],[-11,54],[16,41],[9,52],[-9,105],[-15,62],[-1,75],[-44,38],[-27,2],[-48,63],[-28,11],[-25,-21],[-44,-20],[-23,34],[-37,36],[-84,38],[-38,-9],[-49,9],[-26,-10],[-36,24],[-48,12],[-47,-1],[-17,25],[-66,38],[-56,0],[-89,16],[-66,-5],[-83,29],[-41,7],[-48,-19],[-48,8],[-81,-228],[-24,-140],[-38,9],[-12,38],[-24,18],[-36,54],[-49,43],[-38,19],[-67,50],[-81,12],[-43,43],[-9,-47],[-49,-80],[-6,-82],[-29,-48],[-9,-51],[-12,44],[37,76],[-2,25],[-59,30],[-37,45],[-90,22],[-38,-6],[-29,12],[-34,-17],[-24,-36],[-105,-11],[-34,71],[-15,16],[-33,66],[-51,22],[-19,-5],[-58,8],[-46,-1],[-70,-18],[-29,9],[6,75],[-22,56],[0,67],[-13,6],[-35,87],[-36,29],[2,59],[-46,93],[-16,48],[-2,65],[-15,68],[-3,132],[-32,121],[-66,151],[-111,183],[-100,71],[-55,90],[-24,30],[-52,49],[-44,17],[-43,32],[-54,21],[-56,59],[76,2],[51,16],[71,5],[-26,214],[-59,21],[-6,90],[11,52],[-7,40],[10,49],[24,-1],[60,-24],[49,-7],[16,16],[28,139],[35,4],[35,43],[55,110],[30,87],[26,30],[14,62],[27,33],[35,23],[13,102],[21,81],[34,28],[-16,101],[25,109],[63,-27],[25,56],[34,31],[36,49],[28,-2],[28,138],[-16,75],[-28,69],[7,37],[-29,69],[40,83],[13,7],[16,62],[32,29],[23,55],[-29,206],[2,53],[-11,50],[-2,80],[41,105],[38,40],[34,84],[12,86],[-7,121],[54,61],[31,111],[25,10],[50,42],[7,58],[19,46],[38,66],[11,5],[-7,105],[-15,48],[4,71],[9,-20],[39,1],[-9,24],[15,39],[21,25],[21,47],[70,56],[64,-16],[45,-21],[38,-29],[184,43],[73,40],[217,135],[76,123],[209,-56],[10,8],[75,2],[293,-5],[87,0],[87,12],[13,-13],[74,100],[64,48],[19,42],[25,32],[15,53],[71,130],[21,60],[-8,70],[-42,131],[-41,32],[-17,1],[-45,38],[-58,96],[-8,30],[-27,33],[-22,58],[-70,33],[-101,244],[-58,186],[-57,320],[-2,82],[15,81],[-29,171],[9,50],[-1,73],[77,-26],[42,-25],[37,131],[20,142],[-29,111],[-58,144],[-57,211],[6,112],[16,129],[9,46],[-6,37],[6,111],[24,107],[-3,72],[13,41],[31,62],[17,68],[47,117],[87,157],[41,103],[26,30],[21,88],[40,61],[42,47],[65,158],[6,31],[-14,201],[-70,-7],[-18,117],[34,60],[-9,20],[94,-5],[29,19],[80,162],[39,15],[58,-9],[53,-17],[34,306],[36,82],[28,14],[-5,41],[17,38],[26,23],[29,-6],[18,43],[-26,43],[-11,35],[-28,24],[-39,-48],[-6,54],[14,57],[-1,48],[21,31],[44,5],[-11,36],[0,152],[6,45],[27,23],[-7,71],[-18,44],[-17,13],[-34,61],[23,23],[33,-50],[32,50],[0,32],[35,43],[-12,30],[39,33],[-17,14],[45,49],[-8,39],[31,36],[-2,42],[29,108],[-13,29],[11,48],[-20,15],[-4,45],[-43,44],[2,147],[10,71],[-18,54],[7,21],[42,42],[16,82],[16,-7],[34,-44],[40,-16],[22,-57],[21,-102],[54,-27],[64,-19],[-10,87],[5,71],[-1,70],[9,46],[-12,61],[38,68],[-13,82],[14,27],[-3,38],[10,49],[46,60],[25,74],[10,109],[16,-14],[39,-4],[26,-72],[15,-22],[23,-76],[23,24],[19,42],[56,-19],[40,8],[-11,73],[-3,96],[10,2],[33,-39],[69,-27],[17,32],[-1,75],[7,35],[-11,46],[-24,46],[40,57],[-17,46],[-62,67],[30,70],[42,11],[26,25],[0,61],[-41,72],[-3,56],[20,56],[29,0],[18,56],[22,35],[-23,58],[-12,-11],[-32,-87],[-29,-44],[-12,1],[-28,112],[-47,142],[-57,97],[-29,111],[45,21],[63,89],[57,95],[33,27],[67,79],[49,22],[43,-7],[82,-46],[42,-40],[58,-42],[30,-9],[52,2],[141,-15],[98,0],[140,10],[38,-14],[52,-47],[85,-38],[33,-29],[41,-60],[-1,-46],[11,-12],[3,-95],[14,-18],[38,-92],[48,-71],[30,-31],[99,-127],[82,-139],[61,-116],[65,-143],[66,-103],[94,-109],[46,-38],[59,-15],[61,-1],[50,16],[81,41],[88,58],[87,94],[37,90],[0,109],[5,73],[-13,90],[-34,117],[-8,100],[13,130],[-5,109],[29,139],[26,66],[28,44],[40,40],[33,-9],[30,30],[29,49],[-10,40],[19,31],[19,56],[-33,69],[-6,31],[-44,71],[-4,46],[-50,-69],[16,-33],[-11,-84],[-69,-20],[-165,-79],[-18,55],[-22,25],[-20,97],[-23,9],[-54,56],[-22,84],[21,24],[38,69],[32,7],[16,58],[19,39],[-12,48],[-31,8],[15,144],[-1,115],[-20,77],[21,19],[23,54],[22,8],[77,-18],[9,25],[-3,48],[-11,9],[24,50],[-75,32],[32,69],[49,47],[54,68],[50,47],[6,18],[-3,98],[11,16],[36,-26],[50,56],[-62,25],[-7,103],[21,20],[46,-16],[-16,48],[-46,81],[-11,54],[0,38],[59,93],[45,42],[14,-16],[-1,-70],[46,22],[-64,175],[31,65],[46,-27],[27,54],[-10,54],[-44,-20],[-44,25],[-72,14],[-15,-8],[-41,22],[-69,-19],[-68,28],[-26,-11],[-21,26],[-12,-4],[-24,41],[14,56],[-31,89],[-6,55],[10,66],[-17,63],[-5,52],[48,58],[-19,30],[-21,2],[45,69],[5,48],[-39,59],[-8,84],[-11,40],[29,71],[-5,32],[-40,28],[8,81],[-17,39],[-31,6],[-1,88],[-21,6],[-6,30],[-21,21],[-25,70],[-55,21],[-23,18],[-38,-2],[-20,20],[-10,40],[-29,4],[-26,64],[-16,8],[-25,48],[-5,28],[-34,3],[-27,19],[-11,32],[-89,-11],[-33,-23],[-45,-15],[-30,67],[-19,16],[3,23],[-25,46],[30,73],[-16,31],[14,31],[3,40],[-6,75],[-30,-7],[-29,29],[-32,81],[-18,13],[-18,121],[-23,61],[-24,2],[-9,23],[-77,79],[-25,78]],[[52206,4835],[17,-100],[19,-82],[25,-48],[70,-52],[96,-1],[97,24],[74,-23],[50,-22],[44,-76],[32,-84],[38,-63],[21,-54],[30,-44],[43,-38],[69,26],[132,40],[38,-25],[2,-72],[-44,-136],[-18,-76],[-15,-99],[0,-62],[14,-94],[5,-130],[-15,-177],[3,-60],[15,-94],[36,-78],[53,-73],[38,-33],[87,-63],[40,-38],[57,-39],[55,-2],[48,-9],[63,-4],[38,5],[34,-8],[67,-57],[25,-34],[30,-70],[19,-65],[20,-39],[65,-88],[27,-56],[53,-130],[23,-25],[169,-227],[66,-123],[58,-141],[30,-49],[30,-35],[38,-25],[168,-60],[13,-15],[58,6],[49,-4],[64,-20],[73,-67],[16,-56],[21,-134],[29,-92],[44,-95],[66,-119],[22,-79],[14,-183],[22,-97],[35,-60],[59,-76],[62,-122],[32,-51],[45,-54],[70,-68],[39,-28],[72,-12],[54,-38],[58,-54],[45,-53],[49,-35],[23,-1],[91,66],[49,19],[31,-10],[100,-104],[61,-10],[98,80],[79,89],[16,41],[50,97],[45,39],[65,80],[49,84],[4,42],[-37,123],[-8,51],[9,69],[-7,66],[17,54],[64,78],[31,24],[31,8],[35,-35],[31,-112],[31,-94],[39,-106],[24,-79],[39,-169],[46,-92],[42,-13],[142,-76],[84,4],[144,22],[72,-2],[53,-8],[61,3],[83,31],[57,47],[28,34],[38,123],[15,73],[16,127],[-8,230],[10,127],[46,113],[29,27],[11,39],[64,136],[18,52],[18,102],[53,140],[82,177],[55,88],[58,159],[45,93],[46,44],[44,54],[80,86],[43,38],[237,154],[103,105],[78,62],[39,25],[74,95],[58,114],[52,58],[45,23],[58,10],[38,-6],[82,-38],[137,-112],[37,-39],[38,-23],[42,-9],[68,-52],[81,-48],[142,-141],[77,-39],[47,2],[91,-13],[93,-44],[46,-4],[66,-24],[71,-40],[141,-62],[79,4],[34,-29],[60,-71],[60,-83],[29,-21],[73,-28],[30,3],[28,18],[81,76],[100,109],[67,56],[52,29],[74,12],[86,-40],[37,-7],[28,38],[13,57],[37,135],[22,58],[12,145],[13,97],[26,82],[31,51],[69,78],[51,85],[35,134],[0,154],[7,39],[34,95],[81,191],[39,53],[120,60],[80,88],[85,75],[49,51],[83,117],[23,25],[71,55],[48,27],[160,37],[22,21],[27,67],[3,106],[-16,55],[-56,61],[-52,3],[-59,23],[-20,34],[-7,33],[-42,72],[-50,41],[-98,67],[-31,43],[-10,67],[-4,68],[-25,81],[-19,21],[-33,5],[-36,-20],[-54,-66],[-32,-71],[-28,-43],[-31,-9],[-65,41],[-53,105],[-28,75],[-58,109],[-43,57],[-66,76],[-24,35],[-117,110],[-34,21],[-65,72],[-53,41],[-127,125],[-83,72],[-75,58],[-63,69],[-47,67],[-94,171],[-25,70],[-7,39],[-2,129],[-16,137],[-15,47],[-29,46],[-78,67],[-51,9],[-120,8],[-54,43],[-38,105],[-12,56],[-9,84],[5,105],[17,71],[3,114],[-11,105],[-27,38],[-18,6],[-75,-8],[-62,-14],[-49,6],[-38,42],[-21,76],[-28,24],[-40,70],[-36,91],[-11,93],[14,136],[7,161],[-14,67],[-46,144],[-15,63],[-8,106],[5,148],[13,219],[13,302],[-15,55],[-2,116],[-13,59],[-13,139],[-5,124],[8,139],[13,130],[12,60],[6,203],[25,274],[-7,73],[-17,95],[-14,322],[-16,86],[-43,58],[-94,187],[-49,135],[-87,84],[-43,56],[-81,122],[-11,33],[-57,84],[-52,118],[-30,106],[-21,-8],[-36,120],[-73,160],[-9,34],[1,44],[76,143],[63,92],[130,121],[7,-17],[71,57],[138,124],[44,17],[67,-17],[56,9],[49,-1],[92,-14],[96,23],[48,39],[39,78],[8,47],[-7,57],[-21,52],[-17,66],[-4,68],[-21,68],[-32,65],[-65,89],[-25,64],[-18,83],[13,87],[25,123],[-12,75],[-29,57],[12,83],[72,99],[35,34],[44,26],[37,7],[103,30],[100,46],[69,19],[73,1],[107,22],[35,3],[61,30],[67,-1],[36,22],[23,-4],[74,-60],[43,-15],[105,-23],[75,-30],[30,4],[50,38],[42,1],[84,70],[54,32],[83,89],[33,49],[28,75],[-2,88],[-21,77],[-25,41],[-27,24],[-33,8],[-133,-10],[-29,22],[-52,118],[5,63],[29,83],[16,15],[28,-11],[174,62],[41,1],[119,-48],[28,-32],[60,-32],[42,-8],[132,-65],[42,-2],[31,25],[28,54],[57,41],[38,10],[34,-23],[10,-48],[-15,-106],[11,-50],[51,-60],[44,-38],[30,-7],[161,-11],[59,-20],[62,-140],[84,-56],[54,-19],[30,-2],[59,30],[26,23],[121,131],[64,83],[45,70],[36,133],[11,60],[20,56],[38,56],[94,60],[-21,67],[18,45],[-13,43],[-1,42],[-45,6],[-50,-22],[-39,35],[-19,-9],[-23,22],[-41,12],[-17,43],[-31,5],[-21,76],[-28,34],[-28,67],[-7,89],[22,43],[-30,54],[-4,22],[19,16],[2,43],[-21,33],[8,36],[0,85],[-15,31],[14,24],[-7,18],[-49,41],[-18,0],[6,38],[-30,3],[-10,46],[5,72],[-11,12],[13,36],[-5,34],[21,41],[1,37],[-13,52],[-40,-21],[-23,15],[-1,58],[-49,31],[-16,64],[-10,10],[-3,47],[-21,26],[-27,-10],[-18,16],[-18,41],[7,49],[-7,20],[14,74],[-38,95],[-46,31],[-23,-19],[-37,29],[-23,-5],[-44,73],[-35,33],[-34,179],[-9,91],[-70,75],[-48,94],[-12,10],[-17,53],[-3,45],[-58,39],[17,47],[-2,34],[11,80],[18,79],[5,53],[-8,48],[10,23],[52,48],[-21,39],[-13,-17],[-31,50],[2,23],[-20,33],[-38,-54],[-8,-93],[3,-51],[27,-20],[-39,-93],[-20,10],[-13,-22],[-12,-54],[17,-59],[-17,-27],[-27,5],[-8,-24],[8,-38],[-24,-37],[-10,-53],[-28,-59],[5,-13],[-8,-68],[-12,-44],[-3,-66],[9,-56],[-3,-131],[-70,-86],[-24,-78],[-5,69],[5,54],[-25,2],[-4,-25],[-49,-14],[42,-106],[-19,-7],[-25,32],[-18,48],[-22,-20],[-15,35],[-37,8],[-14,-16],[10,-34],[-4,-46],[40,-104],[3,-30],[-130,-158],[2,-130],[-22,-16],[-33,31],[-15,71],[-29,43],[28,185],[17,144],[-14,96],[-33,42],[64,52],[-11,51],[-5,83],[48,65],[-11,34],[21,52],[-26,13],[-9,-23],[-9,45],[53,49],[-6,37],[34,42],[62,47],[6,-24],[18,9],[-3,23],[-22,13],[28,19],[5,-62],[13,-5],[7,37],[53,-40],[2,-28],[17,-15],[26,16],[22,-12],[35,114],[-21,67],[14,120],[23,47],[32,32],[15,51],[21,31],[14,103],[-21,100],[25,68],[5,118],[-23,9],[10,22],[-20,59],[-41,48],[-19,-12],[-32,-57],[-45,-62],[-28,8],[-32,90],[-1,88],[6,40],[37,54],[-9,26],[-35,49],[24,61],[17,123],[17,59],[-11,56],[34,68],[0,60],[-24,95],[19,37],[-24,65],[0,29],[-24,85],[-34,46],[-79,32],[-22,1],[-16,-20],[-48,-28],[-53,40],[-48,-22],[-18,2],[-66,-98],[-24,-13],[-35,73],[-1,33],[-17,46],[-27,21],[-15,-10],[-13,-41],[-28,26],[-26,3],[-33,-87],[0,-59],[-45,-49],[-33,-99],[27,-49],[6,-43],[-48,14],[-24,-53],[-9,-74],[3,-49],[18,-94],[-30,-93],[-39,-50],[-18,-86],[-22,-21],[-48,-67],[-24,-47],[-48,-65],[-81,-63],[-72,-19],[-46,-37],[-63,-73],[-40,-97],[19,-38],[-4,-173],[39,-89],[16,-121],[-19,-67],[8,-68],[15,-46],[60,-75],[7,-65],[25,-53],[16,-110],[16,-58],[2,-61],[21,-128],[17,-74],[7,-91],[-14,-26],[-93,-96],[-30,19],[-69,6],[-44,15],[-7,129],[-12,139],[-12,-9],[-40,121],[-35,66],[-73,152],[-3,53],[-39,15],[9,53],[-15,90],[-74,-25],[2,45],[-7,52],[-22,39],[-9,-13],[-51,79],[17,37],[20,-4],[36,28],[7,28],[20,14],[-8,42],[27,132],[-21,16],[11,95],[15,19],[-8,45],[36,31],[-6,29],[9,38],[20,13],[-11,42],[-17,3],[-39,39],[-16,30],[-22,-22],[2,-54],[-14,-26],[-51,0],[-23,12],[-16,38],[12,30],[-2,39],[-83,7],[7,-37],[-29,-74],[-78,-13],[7,-39],[-5,-54],[10,-97],[28,-65],[-6,-26],[-40,81],[-7,-4],[41,-96],[-8,-17],[-42,107],[-21,-31],[16,-70],[28,-50],[31,17],[4,23],[36,50],[16,96],[30,55],[-10,-97],[17,-21],[37,78],[1,31],[-36,19],[26,64],[48,-102],[-17,-46],[18,-85],[43,17],[20,-25],[-29,-20],[17,-61],[-44,-80],[-78,-103],[-44,-14],[-10,56],[28,-8],[28,15],[74,65],[46,69],[-17,61],[29,20],[-20,25],[-43,-17],[-27,37],[-34,-10],[-12,-40],[-26,-13],[-25,10],[-25,-19],[11,-34],[-31,18],[9,-42],[-18,-56],[-15,12],[-20,-47],[-35,-11],[-8,93],[27,4],[-25,96],[-18,-6],[-7,-96],[0,-60],[13,-30],[-20,-37],[61,-34],[11,-40],[20,-12],[8,-48],[29,-56],[32,37],[-7,17],[44,12],[-58,-89],[-34,-45],[-50,73],[-32,59],[-51,61],[2,42],[-63,66],[-21,72],[-61,10],[-70,38],[-18,32],[0,72],[-18,89],[9,63],[-19,41],[1,110],[22,71],[40,41],[2,70],[-14,49],[-8,128],[-15,67],[1,55],[-8,40],[-48,81],[-34,87],[-31,102],[-26,47],[-70,37],[-105,-177],[-17,-24],[-92,-70],[-1,-35],[-25,-3],[-44,43],[-67,23],[-10,14],[6,66],[-28,54],[-4,50],[-23,132],[10,29],[-30,68],[0,46],[-14,72],[10,35],[-4,28],[17,68],[-19,13],[-35,-7],[-69,56],[-20,67],[-26,43],[-34,-7],[-51,-23],[-18,-32],[-32,-12],[-28,30],[15,35],[6,79],[15,50],[17,21],[-17,33],[10,18],[28,113],[2,23],[-52,1],[-4,23],[58,53],[8,53],[39,12],[20,32],[36,31],[34,93],[15,-12],[21,33],[13,59],[30,71],[39,40],[32,84],[21,12],[44,68],[14,74],[22,28],[63,50],[22,46],[30,30],[-3,50],[-12,24],[-5,55],[4,44],[-8,35],[10,13],[31,-1],[30,-17],[44,-41],[3,63],[-3,119],[8,29],[43,58],[36,25],[40,-35],[63,42],[10,44],[21,26],[4,30],[16,9],[62,-9],[53,27],[38,44],[9,23],[99,87],[13,61],[-7,31],[27,39],[-5,48],[-16,40],[30,67],[76,92],[-3,12],[42,68],[62,15],[41,25],[50,-4],[22,21],[37,-36],[20,5],[91,91],[52,31],[27,33],[119,176],[46,23],[86,-10],[34,5],[40,28],[23,-8],[26,19],[90,93],[52,32],[24,26],[42,9],[87,85],[197,242],[43,57],[81,79],[52,1],[38,41],[19,36],[38,34],[40,24],[17,65],[18,27],[57,26],[48,12],[45,-8],[35,27],[62,0],[22,71],[-1,38],[23,71],[16,31],[20,8],[15,-17],[35,-3],[46,-34],[45,19],[30,-5],[18,-18],[46,39],[25,71],[33,-18],[17,47],[23,108],[44,75],[40,-21],[90,-79],[83,-25],[20,13],[31,58],[23,21],[47,65],[10,123],[27,67],[108,127],[16,82],[37,33],[18,50],[51,35],[51,19],[39,61],[35,31],[-10,44],[33,46],[29,24],[60,11],[27,30],[42,-7],[24,12],[60,-38],[31,-52],[20,-12],[35,52],[24,68],[42,24],[16,90],[28,35],[20,4],[58,-30],[97,-8],[14,34],[45,65],[62,17],[86,-14],[30,-58],[39,-30],[30,44],[18,11],[128,-35],[18,18],[38,-16],[39,-69],[42,-15],[24,6],[32,43],[14,49],[47,-2],[33,21],[50,-22],[43,37],[82,-53],[29,15],[31,-35],[55,7],[34,31],[31,2],[96,-55],[41,30],[53,-21],[94,-79],[65,36],[52,49],[42,23],[51,2],[58,51],[34,46],[75,62],[35,41],[-37,67],[-22,80],[-42,69],[-51,180],[-10,68],[-2,52],[-17,68],[-5,109],[25,110],[2,79],[-8,59],[-14,41],[-26,41],[-15,5],[-24,42],[-2,47],[-20,39],[-12,53],[7,10],[-29,118],[-8,60],[33,-11],[34,3],[59,-29],[32,-37],[32,24],[50,23],[54,-5],[2,61],[9,15],[25,-16],[57,44],[14,35],[-19,103],[-18,56],[-6,57],[9,27],[-7,35],[12,62],[-5,44],[9,64],[28,69],[15,1],[33,33],[66,25],[65,58],[47,0],[32,34],[51,32],[36,52],[30,14],[24,47],[30,16],[41,-37],[24,-96],[44,-56],[32,-13],[34,3],[19,-29],[44,-27],[19,0],[44,24],[15,-8],[4,-72],[-2,-64],[-25,-37],[2,-48],[-8,-112],[-26,-60],[1,-54],[53,-16],[25,11],[55,-3],[62,15],[43,-26],[56,-64],[45,65],[34,80],[45,3],[54,-39],[80,-75],[38,-15],[19,8],[9,48],[23,23],[16,53],[80,30],[50,2],[45,20],[42,50],[39,136],[34,61],[52,76],[53,47],[33,7],[6,30],[-29,159],[25,84],[22,48],[28,35],[30,54],[14,62],[-19,143],[3,36],[-22,109],[3,84],[-24,156],[14,80],[-6,47],[24,62],[5,71],[140,-95],[197,3],[48,-55],[-5,-43],[7,-92],[17,-92],[-1,-35],[19,-37],[0,-50],[68,-126],[54,-63],[39,-23],[15,-25],[33,-88],[8,-76],[22,-6],[25,46],[-3,41],[21,58],[28,110],[9,118],[-13,85],[9,117],[19,73],[59,60],[27,49],[11,43],[62,94],[24,49],[44,68],[7,74],[31,95],[14,93],[-11,48],[29,-15],[41,-70],[70,-60],[19,-34],[10,-58],[60,-69],[22,-48],[19,-7],[42,-58],[52,-37],[56,-23],[18,9],[43,-5],[8,9],[74,-57],[32,4],[28,33],[17,-41],[25,-3],[-1,-41],[31,-36],[90,-12],[42,-38],[12,-52],[95,-30],[29,-26],[35,-6],[48,-66],[19,-6],[59,-45],[36,-7],[28,-108],[6,4],[48,-79],[28,-6],[50,-40],[0,-26],[-43,-98],[5,-29],[21,-14],[45,7],[38,49],[35,-18],[15,-64],[-4,-33],[22,-14],[47,7],[30,-14],[21,-58],[80,-7],[12,-45],[31,-37],[35,-8],[16,24],[7,46],[26,25],[24,1],[33,-60],[3,-37],[34,-38],[68,-45],[13,-29],[-24,-77],[24,-64],[-10,-46],[22,-61],[4,-83],[37,-30],[48,3],[71,-121],[7,-83],[71,-91],[17,10],[39,63],[5,39],[24,78],[32,21],[28,42],[7,38],[35,68],[1,41],[25,39],[-2,21],[37,102],[12,49],[8,82],[15,38],[35,-2],[15,49],[51,105],[23,16],[17,-8],[19,73],[29,44],[16,10],[62,96],[59,55],[28,57],[20,23],[-2,31],[27,71],[18,12],[26,76],[73,24],[38,-79],[50,14],[17,-9],[47,6],[28,19],[10,-24],[55,39],[84,13],[30,38],[3,43],[31,31],[27,-39],[60,39],[12,-35],[42,49],[19,-42],[28,-13],[2,31],[24,9],[90,-52],[20,21],[1,41],[34,-12],[69,28],[29,66],[-25,235],[11,38],[54,77],[37,-56],[41,38],[12,-12],[18,-58],[9,-63],[-7,-29],[11,-35],[57,-27],[49,-68],[63,27],[17,-10],[88,89],[-53,210],[-25,77],[-33,69],[-46,73],[-43,82],[-80,170],[-42,125],[-20,39],[-44,54],[-72,73],[-52,40],[-37,17],[-144,42],[-44,31],[-64,88],[-26,55],[-50,130],[-30,65],[-59,88],[25,47],[40,-33],[12,51],[46,6],[29,30],[0,26],[-38,49],[-43,21],[1,35],[42,66],[17,41],[25,9],[-20,61],[-65,36],[-6,60],[-16,74],[12,44],[22,-8],[-10,-45],[9,-22],[36,-23],[14,33],[-18,49],[12,29],[24,-3],[27,-61],[17,-1],[18,63],[-15,58],[-26,24],[-20,-18],[-16,22],[-32,149],[1,72],[12,9],[25,-46],[24,-22],[14,-34],[65,52],[28,-31],[-34,-26],[-8,-56],[23,-20],[11,12],[4,43],[30,9],[40,-50],[26,7],[11,67],[-22,37],[-22,124],[39,-32],[27,21],[9,56],[36,70],[0,34],[-30,8],[-94,-48],[-12,27],[15,32],[-1,59],[-14,50],[-23,19],[-25,-28],[-1,-53],[28,-55],[-13,-21],[-20,19],[-56,106],[-9,29],[4,48],[-69,96],[-43,39],[-6,24],[12,44],[45,-41],[31,-63],[27,11],[8,61],[2,85],[-10,26],[-42,28],[1,54],[21,68],[5,57],[-11,76],[-41,-22],[-30,15],[38,168],[-7,113],[15,50],[-6,31],[-18,11],[-11,-18],[-3,-61],[-19,12],[-10,45],[12,52],[-18,56],[-19,89],[39,35],[23,58],[20,-3],[66,28],[5,94],[30,62],[32,-13],[25,14],[28,57],[59,71],[41,31],[37,78],[-22,41],[-36,0],[-16,19],[7,32],[41,5],[18,-28],[39,12],[14,88],[21,16],[42,-27],[76,24],[25,20],[12,44],[33,8],[13,87],[-8,17],[-44,4],[-1,37],[16,22],[-7,79],[13,38],[52,46],[27,37],[14,3],[49,-54],[33,-47],[12,15],[21,107],[23,26],[-4,28],[-21,17],[23,17],[14,41],[-16,26],[-39,22],[15,43],[22,27],[7,50],[-12,16],[-20,-22],[-15,8],[3,34],[-15,24],[-32,8],[-31,26],[43,43],[20,-19],[7,-40],[19,-7],[14,34],[-20,80],[40,-7],[7,27],[-10,50],[-44,-23],[-5,35],[-21,57],[35,-12],[38,61],[9,27],[4,-40],[37,-9],[9,48],[-17,38],[7,38],[37,13],[-1,33],[-31,22],[-36,-21],[-11,17],[20,34],[-11,81],[37,-18],[15,29],[-43,53],[28,19],[5,28],[-24,24],[-14,43],[1,57],[-8,13],[21,26],[35,-7],[6,-62],[13,-8],[36,73],[22,18],[-6,32],[-16,0],[-4,34],[13,35],[-9,19],[-43,-1],[-27,50],[27,14],[-16,59],[-12,-6],[-20,38],[8,73],[23,20],[-13,93],[-22,73],[4,19],[27,11],[-11,61],[-31,3],[22,55],[32,-11],[26,29],[-36,87],[-5,47],[5,50],[9,259],[-6,148],[8,91],[-9,77],[20,92],[-5,62],[-25,97],[-4,63],[-19,73],[-15,85],[-5,72],[-15,104],[-11,250],[-13,111],[6,37],[-27,45],[-8,43],[8,67],[-17,53],[-30,34],[43,26],[10,81],[-23,-13],[6,-39],[-33,31],[9,50],[-22,67],[4,28],[23,10],[8,27],[-11,90],[17,33],[-26,16],[-15,-71],[-29,65],[6,43],[32,35],[-2,83],[-10,15],[-55,-8],[-35,21],[-11,74],[24,47],[71,8],[16,-31],[31,9],[41,-18],[10,16],[-8,79],[-9,24],[-21,2],[-31,-29],[-16,11],[-9,71],[-23,43],[-35,28],[-35,104],[4,56],[38,42],[10,-8],[11,-74],[68,-70],[25,12],[9,39],[-22,46],[-28,28],[-24,65],[-17,6],[-30,-28],[-5,55],[-37,-36],[-30,15],[-7,38],[47,0],[19,21],[12,42],[-15,36],[-34,23],[-3,39],[48,95],[25,-1],[9,-24],[-7,-37],[46,-70],[23,-2],[5,23],[-23,91],[21,5],[14,-52],[26,0],[16,80],[-26,20],[-6,25],[37,58],[24,72],[23,20],[82,-9],[20,11],[26,163],[13,52],[-5,45],[-20,39],[-29,30],[1,49],[12,4],[23,-28],[32,-7],[44,19],[15,39],[-9,39],[-39,49],[-72,1],[-36,31],[-15,43],[17,21],[37,16],[15,22],[4,78],[-19,33],[-37,3],[-19,-71],[-38,-22],[-29,21],[-49,12],[-15,67],[5,52],[36,31],[25,74],[17,-36],[23,16],[16,39],[39,9],[20,-30],[35,-2],[15,20],[-11,44],[-24,-17],[-28,0],[9,49],[-2,39],[15,29],[23,-20],[8,-36],[27,-14],[31,30],[5,38],[17,19],[12,52],[-29,23],[-52,-48],[5,61],[38,-8],[7,55],[-38,70],[-31,23],[1,27],[44,111],[-4,21],[39,145],[52,-29],[18,53],[25,-30],[45,15],[10,16],[-5,65],[-21,33],[-23,16],[-22,-12],[-27,-41],[-4,61],[17,75],[-21,99],[33,29],[8,47],[-53,75],[-7,74],[42,54],[6,41],[24,80],[6,-39],[20,-16],[82,24],[13,69],[-3,25],[22,-16],[20,11],[-4,24],[-23,-14],[29,65],[-18,71],[3,26],[32,65],[80,-53],[33,-1],[15,-20],[30,7],[9,-17],[-7,-51],[16,-33],[18,17],[0,61],[17,50],[-20,19],[17,74],[19,28],[-19,21],[36,1],[14,62],[-35,49],[-46,16],[-8,30],[-23,16],[36,38],[-2,29],[-27,21],[-53,69],[-50,35],[-21,4],[-15,-25],[-1,-30],[-17,-13],[-29,9],[-6,24],[43,34],[-6,34],[27,44],[-16,30],[-29,-35],[-10,18],[-7,73],[20,56],[-1,22],[-113,170]],[[72786,43543],[-12,-14],[13,-33],[43,-76],[14,-64],[-12,-34],[-83,64],[-13,-49],[-34,-72],[-1,-19],[-50,-93],[-52,-29],[-22,17],[-95,8],[79,53],[-44,15],[-42,26],[-19,51],[-26,15],[-92,15],[-12,11],[-39,-26],[-63,-11],[-68,-41],[-10,-16],[-24,-94],[-50,-44],[-9,-28],[-38,-34],[-31,-50],[-21,-65],[-13,-18],[-42,-19],[-25,-42],[-28,-22],[-19,-39],[-16,14],[-13,71],[-21,-7],[-35,-35],[-32,4],[-88,94],[-23,9],[-17,37],[-40,26],[-36,6],[-54,36],[-46,-15],[-38,2],[-39,-16],[-70,-42],[-27,2],[-22,25],[-42,-4],[-61,-35],[-24,-36],[-31,-21],[-27,-38],[26,-46],[-5,-44],[-15,-30],[-26,-11],[-30,-101],[-30,-80],[-40,-77],[-22,-71],[-23,-30],[3,-44],[-20,-115],[3,-49],[-21,-40],[-35,-38],[3,-40],[-10,-61],[23,-17],[28,-60],[1,-26],[-48,10],[-19,-20],[-30,16],[-20,-8],[-28,-31],[-51,23],[-20,-16],[-39,-8],[-42,4],[-18,-26],[-17,4],[-38,-23],[-31,-44],[-64,-60],[-31,-70],[-29,-31],[-57,-36],[-20,-44],[-32,-19],[-42,-42],[-24,-59],[-15,-13],[-26,-97],[-33,-64],[-55,-29],[-48,-16],[-36,-28],[-25,-76],[-2,-29],[-30,-79],[-28,-33],[-6,-46],[-28,-71],[-72,-36],[-16,1],[-81,-35],[-13,-27],[-30,-7],[-67,-47],[-29,-1],[-18,-17],[-37,-71],[-9,-49],[-65,-65],[-66,-48],[-11,-44],[-27,-46],[-14,-45],[-29,-48],[-4,-31],[-33,-97],[-29,-34],[-64,-29],[-5,-20],[-47,-64],[-37,-19],[-81,-16],[-77,21],[-29,1],[-30,-51],[-13,-48],[-49,-56],[-57,0],[-68,-18],[-58,-28],[-58,-57],[-74,-36],[-36,-42],[-7,-106],[-34,-5],[-58,18],[-43,40],[-16,26],[-35,12],[-46,48],[32,72],[12,61],[49,107],[1,53],[53,89],[61,65],[24,37],[11,46],[22,-11],[31,-68],[41,-48],[18,31],[15,51],[18,32],[-63,38],[-12,36],[51,32],[78,0],[11,41],[-41,29],[17,41],[74,119],[15,69],[-25,10],[22,51],[38,18],[10,-21],[26,35],[-16,84],[45,42],[15,44],[-64,38],[-37,4],[29,100],[35,93],[44,76],[8,102],[11,39],[30,46],[18,45],[45,54],[-3,36],[-28,23],[29,56],[2,34],[-73,-23],[-21,11],[-40,79],[-16,-19],[-31,-78],[-28,-24],[-18,1],[-17,46],[-31,-17],[-24,-66],[-41,31],[-47,-43],[-61,-2],[-26,-19],[-21,18],[-32,-27],[-41,-12],[-50,52],[-21,47],[-32,16],[-8,-11],[-44,33],[-22,-6],[-32,-86],[-50,-81],[-41,-45],[-45,-19],[-14,-47],[-24,-22],[-56,-25],[-19,12],[-34,-19],[-47,38],[-26,-1],[26,27],[37,-3],[15,35],[-29,29],[-104,-6],[-96,-71],[-40,-39],[-2,-36],[-70,-84],[-50,16],[-72,13],[6,46],[-6,53],[22,58],[16,9],[-19,61],[8,40],[-16,59],[12,50],[-37,84],[-7,55],[7,6],[-16,72],[6,23],[-13,53],[-5,67],[-21,125],[-55,60],[-20,67],[13,71],[-6,23],[33,23],[19,67],[-1,234],[-25,93],[10,65],[-33,73],[-6,76],[-43,133],[8,77],[-72,47],[-57,-6],[-72,36],[-56,7],[-54,-45],[1,21],[-34,150],[7,41],[-10,24],[6,45],[-13,67],[-9,95],[-22,34],[-26,15],[-45,-8],[-19,38],[-22,20],[-22,42],[-17,58],[-3,81],[21,124],[-19,48],[-60,60],[-64,51],[-77,35],[-29,38],[-49,15],[-41,39],[-74,-23],[-12,-27],[-54,-69],[-20,-47],[-7,-102],[-29,-46],[-23,-63],[-51,-24],[-13,-22],[-56,-32],[-96,-21],[-26,-22],[16,46],[21,104],[-12,44],[-41,70],[-40,34],[-23,32],[-69,39],[-15,24],[-5,62],[4,35],[-28,25],[-100,28],[-64,60],[-14,2],[7,34],[-18,45],[-50,31],[-18,-1],[-29,55],[-115,66]],[[75002,57585],[-37,-8],[-30,-36],[-37,0],[-79,-55],[-26,12],[-50,-5],[-61,-69],[-39,-24],[-75,-79],[-34,-18],[-43,-1],[-37,10],[-38,-39],[-83,-25],[-26,2],[-84,56],[-42,19],[-26,-17],[-51,-64],[-55,33],[-21,25],[-10,49],[13,60],[-25,49],[-30,40],[20,27],[-7,30],[-31,16],[-8,21],[-60,10],[-38,30],[51,112],[-61,92],[-31,38],[-2,50],[14,33],[-16,89],[-19,-25],[-75,-80],[-13,-26],[-34,-16],[-19,-31],[-42,5],[-32,-11],[-93,-50],[-82,-56],[-94,206],[-15,97],[1,98],[-24,10],[-111,5],[-28,28],[-42,61],[-62,46],[-30,13],[-26,-17],[-93,42],[-20,46],[-17,8],[-17,-85],[-41,-3],[-63,-56],[-12,1],[-68,-49],[-41,-11],[-23,-45],[-43,-6],[-29,17],[-62,-25],[-31,31],[-46,30],[-106,-37],[-20,0],[-51,29],[-9,25],[-37,-60],[-41,-38],[-45,-26],[-15,-36],[-59,-30],[-40,-28],[-39,88],[-39,64],[-12,90],[40,36],[22,40],[-4,124],[20,23],[56,30],[3,51],[15,38],[1,48],[-29,1],[-38,-17],[-20,-22],[-43,3],[-39,-17],[-12,13],[-26,-28],[-35,-5],[-35,24],[-49,0],[-86,-65],[-24,53],[-43,48],[-23,-31],[-31,-6],[-25,47],[-15,8],[-29,-29],[-56,47],[17,60],[37,-11],[8,-46],[22,12],[42,65],[42,21],[53,48],[8,75],[35,1],[55,48],[5,39],[35,50],[80,-24],[16,12],[96,236],[21,67],[22,48],[59,49],[15,67],[-7,116],[37,80],[12,73],[36,77],[4,88],[34,80],[19,18],[28,49],[32,8],[45,56],[4,96],[25,58],[2,40],[14,18],[40,19],[14,28],[6,68],[-13,44],[3,96],[38,41],[12,31],[-1,90],[-16,45],[-2,76],[-13,51],[13,86],[-3,45],[17,70],[-11,72],[19,54],[28,12],[27,-13],[45,56],[-9,192],[-11,126],[-14,25],[-11,58],[3,44],[16,17],[38,104],[-22,116],[-6,94],[3,54],[-13,97],[3,34],[-14,22],[21,97],[24,25],[-1,50],[-9,31],[1,64],[18,56],[0,46],[-60,42],[-15,-2],[-31,38],[-6,41],[23,33],[40,34],[29,39],[15,60],[39,13],[22,-17],[-1,-47],[26,-3],[40,36],[35,19],[-9,89],[-10,40],[1,54],[19,102],[-64,36],[-51,66],[-32,81],[-48,151],[-14,26],[-36,169],[-9,28],[-89,20],[-54,-31],[-33,27],[-83,-24],[-30,-91],[-32,-30],[-25,11],[-23,-41],[-22,14],[-32,-12],[-35,17],[-32,31],[-18,-69],[-14,-12],[-59,29],[-22,-73],[-27,-57],[-17,2],[-30,-24],[-26,32],[-44,-8],[-23,-82],[-21,-23],[-29,39],[-68,38],[-49,42],[-67,16],[-19,24],[-56,15],[-18,-5],[-106,79],[-7,56],[4,54],[-23,77],[-27,133],[-3,49],[2,186],[-8,86],[-9,168],[15,78],[0,30],[-41,-11],[9,44],[21,180],[17,73],[-14,1],[17,75],[-7,0],[8,109],[77,-1],[16,-7],[47,85],[-20,40],[5,15],[33,-5],[-245,337],[154,359],[-66,143],[82,109],[99,-186],[34,-98],[54,-96],[44,96],[-20,34],[96,233],[26,99],[-36,71],[52,133],[-5,6],[90,187],[-64,58],[-114,74],[-84,68],[-127,75],[-16,31],[-7,57],[-25,63],[165,110],[53,81],[35,-54],[21,-89],[13,-34],[41,-15],[74,-45],[52,-8],[48,91],[-21,55],[-7,79],[9,156],[-143,1],[-6,26],[-37,0],[-14,-29],[-300,4],[-62,-25],[-41,5],[-40,45],[-16,58],[2,35],[76,59],[342,251],[30,15],[12,-30],[18,-5],[17,23],[-22,69],[35,41],[121,68],[35,34],[99,113],[59,40],[57,19],[33,45],[106,63],[-3,18],[63,40],[-5,18],[41,23],[10,49],[5,-25],[82,58],[69,41],[136,132],[102,125],[98,138],[26,-33],[106,136],[18,-24],[179,284],[64,64],[97,155],[67,70],[55,109],[104,-40],[78,-36],[121,-70],[84,-38],[31,-165],[25,-94],[29,-74],[13,31],[46,232],[120,-50],[65,-35],[57,-41],[56,-27],[107,-59],[15,-4],[17,56],[46,111],[49,81],[-9,70],[36,39],[64,90],[56,55],[34,62],[82,187],[49,-62],[46,-35],[60,-32],[92,-80],[47,-30],[61,-84],[35,-66],[50,-57],[-5,-9],[59,-76],[51,76],[48,33],[58,97],[37,-66],[54,77],[-63,80],[-52,47],[-45,20],[-23,33],[-21,10],[-46,94],[-39,47],[-29,80],[-21,100],[64,79],[75,132],[16,40],[-38,26],[-47,63],[-56,129],[32,5],[7,54],[24,71],[44,66],[9,23],[66,-4],[41,8],[80,4],[19,-12],[20,40],[71,-7],[49,13],[61,44],[61,76],[105,142],[29,54],[-66,44],[-35,30],[-39,-4],[-131,90],[-30,28],[-7,27],[-53,69],[-43,27],[-25,32],[-24,56],[-14,51],[-1,106],[8,79],[67,84],[11,48],[-2,72],[-22,75],[-47,111],[-74,160],[-41,7],[-63,-128],[-60,-92],[-68,-60],[-41,-51],[-67,-22],[-126,-17],[-76,6],[-47,-17],[-31,6],[-63,-1],[-63,15],[67,300],[20,113],[49,90],[75,120],[41,8],[44,-47],[85,129],[14,41],[29,50],[-3,10],[63,104],[64,-68],[29,23],[41,6],[30,32],[10,42],[58,140],[19,3],[8,41],[39,130],[67,2],[43,-6],[35,15],[26,27],[12,-24],[35,2],[30,-17],[40,18],[32,35],[-19,39],[-14,64],[22,52],[47,43],[-35,98],[-22,31],[-93,72],[-13,-7],[-49,37],[-44,74],[2,42],[45,-75],[23,58],[16,-25],[16,39],[25,100],[67,-47],[45,1],[-21,102],[-11,19],[14,47],[-9,49],[11,41],[-13,47],[-40,-1],[-47,32],[-44,-30],[-21,-27],[-39,79],[-25,-54],[-23,47],[25,155],[-1,53],[63,56],[-12,24],[-24,5],[-9,42],[8,25],[-11,87],[71,39],[24,-2],[28,37],[5,27],[24,39],[-5,41],[14,43],[18,9],[37,-8],[68,25],[46,-32],[60,10],[40,-20],[3,51],[-9,84],[-28,97],[3,40],[-25,74],[-38,45],[-10,-10],[-16,70],[-4,61],[14,20],[-8,45],[-23,-5],[-20,34],[-64,71],[-57,111],[-42,96],[-7,38],[-22,13],[-22,59],[-29,18],[7,20],[-45,28],[-36,-11],[-93,95],[-11,-1],[-32,-46],[-29,10],[6,26],[-10,37],[-27,-7],[-4,30],[-16,-33],[-14,43],[-48,73],[15,41],[20,-9],[1,45],[-21,21],[-47,24],[-19,28],[-65,-10],[-61,2],[-78,70],[-31,88],[-25,49],[-3,31],[10,35],[22,24],[10,56],[-9,77],[-11,9],[2,75],[35,62],[8,-8],[34,33],[-12,66],[-15,48],[-29,0],[-43,40],[-92,109],[-6,77],[-24,3],[16,93],[-43,15],[-47,3],[-13,-16],[-43,0],[-33,67],[4,42],[16,28],[-23,50],[-37,-16],[-18,-21],[-29,0],[-55,-86],[-38,-80],[-34,-46],[-28,-70],[-21,-31],[-50,-46],[-36,39],[-28,-3],[-162,-103],[-75,-33],[-26,-17],[-22,12],[-28,67],[2,59],[-15,35],[-10,76],[-15,49],[0,110],[38,78],[29,-24],[35,2],[55,19],[24,-12],[48,16],[18,53],[24,106],[44,99],[49,-13],[71,27],[23,1],[77,31],[47,57],[10,126],[31,-5],[33,75],[-50,22],[64,226],[-30,-22],[-47,-14],[-33,3],[-90,-17],[-39,24],[-35,9],[-37,-6],[-9,67],[-9,17],[-52,-3],[10,38],[-33,101],[16,17],[3,40],[-26,27],[-27,-7],[-17,64],[-26,-4],[-43,91],[36,30],[1,27],[-16,55],[-28,43],[-15,-2],[-25,27],[-30,6],[2,52],[-35,16],[-24,-2],[-40,19],[3,-22],[-34,-44],[-23,-92],[-32,-80],[-56,89],[-87,-25],[-27,-14],[-9,-21],[-72,-3],[-67,-117],[-58,-70],[-10,29],[-27,-24],[-7,-25],[-35,-47],[-8,-70],[-17,-48],[-51,-58],[-22,-50],[-14,9],[-67,-8],[-35,-34],[1,-77],[-54,39],[-81,98],[-8,59],[-18,34],[-9,42],[-35,8],[-66,141],[-55,104],[-120,166],[-39,39],[-52,8],[-21,17],[-31,0],[-15,16],[-38,4],[-45,-37],[-32,3],[-6,93],[-62,2],[-66,51],[-31,14],[-44,82],[-32,92],[-26,32],[8,44],[-10,39],[-82,3],[-15,27],[-25,16],[-33,-57],[-36,13],[-63,37],[-63,77],[-53,83],[27,-11],[25,9],[36,66],[31,39],[-2,87],[-12,55],[-15,101],[-13,39],[15,75],[62,53],[15,44],[-23,102],[-40,99],[-6,76],[5,72],[-86,-53],[-28,62],[-54,49],[-32,20],[-11,24],[-40,40],[-36,10],[-23,24],[-87,-35],[-2,-21],[-21,-7],[-25,-45],[-27,-21],[-41,2],[10,22],[-54,22],[-20,43],[-15,-12],[-24,25],[-26,-42],[-92,14],[-13,-5],[-34,-53],[-40,-4],[-21,-23],[-52,-94],[-86,40],[-20,30],[-21,4],[-61,-53],[-17,0],[-42,-30],[-23,13],[-62,10],[-58,57],[-31,56],[-98,37],[-28,29],[-37,52],[-57,31],[-25,58],[-27,24],[-35,-1],[-72,53],[-75,-30],[-28,9],[27,184],[-2,70],[12,8],[9,64],[-4,25],[27,74],[7,74],[-20,49],[11,52],[18,11],[32,53],[25,84],[-50,-7],[-33,9],[-44,51],[-42,66],[-11,32],[1,34],[-35,13],[-18,-12],[-57,18],[-44,68],[-30,9],[-62,90],[-38,83],[-56,27],[-34,6],[4,16],[-40,94],[-10,81],[-13,11],[-16,57],[-28,57],[-19,0],[-33,-29],[-38,-55],[-22,-17],[-67,-17],[-15,-39],[-61,-24],[-18,32],[-11,78],[-7,95],[10,27],[6,71],[9,27],[39,31],[-49,64],[-29,5],[-7,54],[24,42],[-39,90],[-83,88],[-28,101],[-47,-77],[-3,-31],[-75,-3],[-39,44],[-15,85],[-54,-38],[-58,0],[-26,92],[-38,-37],[-15,-28],[-17,-90],[-24,-33],[-22,-61],[-14,-16],[0,-33],[-20,-16],[-77,-33],[-56,0],[-52,9],[-18,53],[-37,32],[-25,-5],[-46,-37],[-33,13],[-27,-7],[-7,-24],[-89,-51],[-15,141],[-41,22],[-25,-57],[-54,6],[-41,-9],[-15,72],[-15,18],[-10,62],[-27,58],[-37,49],[-30,-77],[-6,-39],[-35,-25],[-14,9],[-8,-26],[-33,-38],[-55,43],[-22,1],[-32,-42],[-39,10],[-13,40],[-34,2],[-5,16],[-45,39],[-14,-14],[-26,7],[-19,26],[-34,20]],[[67271,83048],[-20,85],[-5,91],[-14,9],[3,31],[-19,51],[-14,-3],[-44,35],[-63,-53],[-20,-8],[-29,-65],[-20,-22],[-16,8],[-2,-50],[-14,-24],[-39,-5],[-23,-21],[-17,-35],[-17,-7],[-12,-34],[7,-51],[-22,-45],[-34,-14],[-20,-37],[-22,-13],[-28,-47],[-21,-11],[-5,-26],[-28,-38],[-22,-80],[-11,3],[-5,-49],[-19,-62],[-42,-38],[-36,-52],[-40,-13],[-57,94],[-24,6],[-23,39],[-42,-50],[-16,-30],[-37,-2],[-43,-105],[-30,-37],[42,-64],[7,-28],[-13,-65],[19,-36],[-1,-48],[-35,-26],[-7,-25],[-15,19],[-57,-1],[-46,-32],[-41,26],[-28,-5],[-25,-54],[13,-61],[-55,-27],[-23,31],[-36,24],[-3,84],[-12,33],[22,84],[-31,38],[-43,32],[-46,-1],[-5,14],[-30,-12],[-8,21],[-32,18],[-8,27],[-36,46],[-58,12],[-33,-7],[-55,24],[-10,-33],[-23,-32],[-18,2],[-21,-29],[-22,11],[-46,-52],[-15,-56],[-6,-74],[-35,-84],[-63,-84],[-10,-46],[-34,-42],[-84,-61],[-31,-15],[-16,24],[-43,-28],[-46,41],[-22,45],[-18,7],[-29,-34],[-45,74],[-38,30],[-79,15],[-28,44],[-28,2],[12,27],[-10,152],[20,77],[32,41],[-5,96],[11,77],[-28,131],[-26,72],[-5,61],[-34,15],[-35,-5],[-15,26],[11,13],[-29,75],[-39,30],[-13,73],[-34,19],[-32,41],[26,80],[-23,108],[11,109],[17,36],[-2,65],[10,43],[-16,78],[18,29],[15,61],[-29,12],[-14,43],[-70,25],[-49,60],[-29,50],[-33,41],[-48,-24],[-15,-24],[-77,-48],[-80,-38],[-23,-34],[-39,9],[-37,-11],[-23,39],[-33,18],[-55,82],[-66,37],[-4,24],[-36,75],[-21,94],[-34,79],[-13,18],[-56,32],[-17,-6],[-127,32],[-27,-27],[-6,17],[-30,-8],[-8,70],[13,87],[-4,31],[30,22],[14,39],[-9,56],[14,70],[-50,39],[-19,88],[-36,30],[-71,-5],[-24,-9],[-87,53],[-33,-11],[-26,-35],[-76,-6],[-31,-22],[-30,9],[-65,-9],[-43,-33],[-31,-5],[-39,-24]],[[72786,43543],[-45,42],[-20,36],[-54,64],[-32,60],[-5,104],[-19,32],[-48,-29],[-43,-64],[-48,-14],[-62,34],[-31,7],[-6,16],[-47,20],[-76,56],[-13,52],[-16,20],[-49,2],[-39,41],[-53,26],[-25,-8],[-5,-35],[-11,40],[-41,22],[-17,-5],[-38,25],[-22,-26],[-55,13],[-20,62],[39,-12],[12,44],[-12,45],[-39,8],[-28,23],[-50,-58],[-10,47],[27,37],[-2,45],[-53,36],[6,53],[55,-1],[57,-15],[18,20],[7,33],[-5,38],[-15,-1],[-12,-31],[-30,-15],[-24,19],[-20,113],[-23,3],[8,-35],[-17,-58],[-45,15],[-11,31],[-24,3],[-22,68],[-41,-2],[-29,32],[-13,58],[-22,14],[-27,-8],[4,-31],[-23,9],[-42,-14],[-22,30],[-12,-39],[-27,1],[-31,20],[-49,63],[-20,39],[15,20],[35,14],[2,14],[-37,29],[-57,6],[-48,26],[-45,-24],[-24,-47],[-27,-69],[-26,-41],[-22,-13],[-34,-53],[-27,-20],[-29,8],[-47,45],[-37,11],[-22,26],[-11,76],[2,88],[20,231],[31,142],[0,59],[-20,28],[-54,2],[-16,39],[-7,135],[-34,82],[-19,-13],[-38,-66],[-12,-55],[-26,-4],[-33,35],[-32,-23],[-31,21],[-9,29],[22,-11],[23,29],[20,64],[-8,14],[-37,-18],[-13,28],[-4,81],[3,73],[-29,0],[-23,31],[-38,-36],[-29,16],[-17,47],[-37,6],[-31,-35],[31,-24],[-31,-31],[8,-74],[-40,-107],[-29,-6],[-32,15],[-19,-9],[-35,-45],[-26,2],[-20,-15],[-19,17],[-8,51],[6,52],[-25,19],[1,-45],[-23,-47],[-2,-31],[-36,12],[-6,40],[-17,31],[-31,30],[-3,42],[-18,14],[-26,-10],[-60,14],[-16,75],[-46,88],[-34,-14],[-60,86],[-32,-7],[19,78],[-12,34],[-23,-41],[10,57],[-4,25],[-31,4],[-14,-18],[-16,19],[56,40],[61,74],[6,15],[21,151],[21,-1],[-4,66],[8,89],[23,14],[16,44],[-7,66],[-16,8],[-32,-15],[-42,-47],[-23,32],[-49,22],[-32,-8],[-41,-29],[-56,-9],[-15,9],[-9,51],[6,34],[24,23],[-5,18],[-33,19],[-22,-30],[-10,-38],[-35,162],[11,63],[20,51],[-22,43],[23,43],[19,92],[-51,39],[-64,-82],[-23,19],[20,17],[11,32],[-13,35],[-19,3],[-40,34],[-20,43],[-16,105],[-18,12],[-12,65],[-34,10],[-27,25],[14,22],[35,18],[13,35],[-12,88],[8,26],[-27,13],[-12,54],[30,35],[62,51],[14,0],[20,43],[-17,27],[-8,73],[39,32],[-7,61],[21,43],[-2,62],[-28,-15],[-36,23],[-28,65],[15,23],[23,-1],[4,-46],[25,-39],[10,59],[34,8],[-18,79],[39,38],[10,26],[-10,108],[-57,-38],[-4,41],[31,21],[51,119],[10,56],[-12,27],[-17,-6],[-3,45],[49,70],[26,-24],[11,27],[-29,45],[24,47],[-10,15],[-67,9],[-6,20],[18,54],[-18,75],[13,49],[-25,62],[-16,24],[-28,-14],[-40,33],[-13,-4],[-9,-41],[-22,22],[-7,60],[19,17],[26,-3],[27,-42],[15,37],[-19,17],[-2,48],[-27,1],[-10,-20],[-50,-10],[-18,35],[-44,-11],[-8,78],[21,19],[-7,18],[-31,3],[-29,71],[-63,30],[-14,20],[-15,-12],[-48,44],[-12,44],[29,38],[-27,27],[-1,34],[-34,50],[6,70],[14,24],[40,37],[35,19],[30,66],[29,18],[46,3],[71,35],[17,50],[35,-19],[45,15],[20,37],[3,49],[39,-25],[39,31],[38,15],[50,37],[7,51],[-31,29],[-6,48],[-39,75],[-22,127],[-56,97],[-37,37],[-48,35],[-33,12],[-38,39],[-29,1],[-3,52],[34,-6],[-6,68],[43,56],[35,74],[13,14],[37,6],[32,53],[-25,38],[-21,12],[-15,38],[26,38],[27,13],[50,59],[57,48],[25,30],[-1,36],[37,42],[-6,47],[15,-13],[27,24],[-1,-33],[25,-16],[21,10],[-20,41],[21,22],[10,-40],[55,14],[9,22],[12,-23],[40,13],[7,53],[17,-16],[21,29],[42,12],[8,35],[25,-14],[65,16],[8,17],[-18,20],[7,52],[37,34],[64,-4],[17,32],[1,34],[49,23],[32,27],[-6,49],[-49,28],[21,49],[19,0],[9,-37],[30,-16],[13,33],[-3,65],[16,-26],[3,33],[21,2],[12,39],[-7,40],[57,82],[7,40],[-11,14],[16,34],[-2,28],[-37,8],[-20,62],[-12,83],[44,-7],[73,27],[17,26],[0,42],[11,-35],[-1,-44],[45,10],[41,0],[-3,22],[-22,-1],[4,30],[71,-5],[10,57],[24,9],[-1,28],[-24,21],[30,57],[-12,19],[8,23],[19,2],[10,30],[32,9],[1,61],[25,-9],[5,48],[-23,29],[3,42],[12,23],[-14,64],[-21,28],[42,24],[-2,39],[-57,90],[-21,109],[-2,66],[21,21],[-5,58],[20,75],[-16,11],[-19,49],[23,-6],[28,19],[15,50],[-17,20],[8,61],[-31,26],[-1,49],[-45,-34],[-11,19],[14,68],[-18,-13],[-17,25],[8,31],[-51,28],[-11,-11],[12,-37],[-6,-40],[-47,44],[-16,41],[26,94],[29,57],[-33,10],[-5,21],[10,69],[24,71],[28,-20],[18,35],[19,9],[10,28],[15,-23],[9,80],[-7,37],[36,54],[-15,17],[0,51],[24,80],[6,-27],[45,2],[28,-37],[4,43],[15,-2],[-1,45],[15,-46],[19,39],[14,-29],[29,17],[13,47],[-12,33],[24,6],[-6,25],[58,21],[39,-25],[27,31],[8,-30],[30,21],[8,-43],[24,9],[-7,24],[21,39],[-1,55],[24,8],[3,-27],[20,20],[40,-48],[24,8],[7,38],[-32,-12],[-10,17],[15,40],[32,-4],[17,67],[35,13],[2,33],[43,27],[13,-42],[12,13],[27,-10],[-6,30],[14,13],[27,-23],[0,29],[47,36],[-24,37],[40,7],[12,67],[-2,56],[40,26],[5,26],[71,1],[14,23],[49,-6],[15,19],[20,-21],[48,1],[9,18],[40,-28],[8,-17],[43,-28],[54,-71],[58,-47],[91,-52],[12,15],[51,-18],[34,14],[48,-26],[6,-28],[48,-8],[36,11],[46,-14],[66,-46],[43,11],[69,-12],[17,5],[106,61],[54,-23],[30,-1],[65,-39],[21,-23],[40,26],[11,-33],[39,18],[1,24],[39,-9],[25,20],[19,-14],[8,19],[34,-2],[11,-63],[19,4],[21,26],[22,-13],[7,38],[-12,31],[30,8],[2,-24],[37,4],[36,-15],[30,12],[14,-21],[14,-70],[-6,-35],[-43,-68],[-40,-11],[-10,-46],[30,-25],[-14,-44],[18,4],[35,-60],[18,-13],[37,-70],[64,10],[26,54],[52,65],[45,31],[-4,54],[22,79],[31,-7],[19,18],[58,21],[29,57],[58,-13],[18,-16],[48,-8],[17,18],[24,-26],[8,-42],[18,21],[41,-33],[63,-7],[42,-30],[30,12],[31,-31],[11,-32],[11,6],[-11,-94],[15,-11],[-3,-65],[-26,-51],[1,-21],[-22,-63],[-46,-31],[-6,-23],[-6,-100],[-25,-14],[-3,-68],[8,-28],[43,-44],[-24,-37],[-10,-43],[13,-17],[22,16],[-7,-25],[22,-37],[10,34],[42,-31],[42,-60],[33,-13],[72,16],[15,-5],[35,37],[52,2],[69,19],[29,33],[82,14],[-4,25],[26,37],[-3,16],[34,3],[24,36],[40,-16],[11,26],[15,-21],[16,28],[63,41],[13,38],[28,5],[41,33],[36,5],[-5,37],[20,-6],[38,25],[41,114],[-2,28],[34,28],[40,7],[4,30],[42,3],[39,99],[17,64],[33,22],[13,55],[-9,14],[23,54],[-3,110],[-16,14],[41,93],[-7,47],[15,30],[42,25],[49,62],[30,102],[-13,43],[-9,78],[0,53],[23,58],[0,39],[-20,45],[18,35],[5,56],[-8,29],[-22,26],[-2,59],[17,83],[60,51],[15,-15],[52,-15],[32,17],[25,92],[-22,93],[12,54],[21,24],[23,74],[18,31],[-42,80],[-25,76],[0,35],[-28,75],[-12,58],[-17,38],[-9,74],[8,69],[-2,56],[-9,34],[-24,13],[-86,139],[-38,125],[-2,44],[-13,49],[-13,128],[-2,58]],[[75002,57585],[36,-6],[62,23],[49,35],[48,-15],[25,10],[75,-23],[102,44],[46,33],[94,56],[70,25],[28,-9],[78,9],[33,-4],[18,11],[111,-5],[17,-13],[37,0],[31,-29],[55,18],[50,26],[64,19],[37,-11],[104,53],[23,31],[9,40],[30,19],[28,40],[58,7],[42,25],[39,36],[29,-7],[60,11],[40,19],[46,-12],[48,-49],[40,0],[44,34],[22,-6],[32,31],[93,14],[24,15],[33,-13],[38,16],[20,31],[34,28],[16,-13],[76,35],[37,-7],[23,28],[34,84],[66,96],[12,9],[-8,41],[5,56],[14,41],[10,68],[-21,25],[0,35],[-36,57],[5,30],[22,4],[40,42],[3,26],[16,-24],[36,51],[11,41],[36,18],[-4,29],[56,27],[-5,30],[100,32],[24,38],[15,3],[23,-34],[27,-10],[26,23],[54,-17],[17,8],[42,-17],[48,43],[53,18],[17,30],[43,-4],[47,51],[34,18],[47,55],[52,8],[18,32],[58,23],[31,117],[15,5],[3,52],[13,36],[-1,33],[-20,22],[2,46],[71,64],[24,-26],[34,-55],[20,-78],[22,3],[45,68],[37,3],[50,30],[50,6],[39,50],[42,22],[33,-68],[23,-10],[20,-65],[5,-132],[51,-19],[19,28],[17,-10],[31,12],[8,27],[45,12],[14,15],[18,48],[73,-51],[47,39],[28,39],[37,31],[20,38],[32,-20],[31,-6],[48,22],[43,38],[14,63],[61,-1],[12,-24],[44,-18],[103,37],[41,3],[54,39],[9,24],[42,37],[10,44],[21,41],[41,31],[7,57],[103,40],[58,-45],[39,13],[34,69],[24,88],[23,16],[20,-10],[69,16],[39,-10],[35,45],[37,5],[22,17],[17,62],[22,37],[38,19],[-1,32],[32,168],[15,41],[42,146],[-7,39],[30,71],[50,60],[4,35],[26,62],[43,19],[18,-13],[29,4],[6,48],[14,40],[10,147],[34,-27],[32,-9],[25,-54],[49,33],[42,-26],[-8,-64],[13,-58],[23,-37],[14,40],[28,22],[30,47],[17,9],[30,-21],[35,8],[24,68],[-26,53],[-6,36],[21,57],[-8,70],[34,14],[34,-38],[25,-42],[9,-45],[43,-27],[23,-31],[15,-42],[27,-25],[41,-16],[37,-1],[-6,-105],[30,-55],[28,-12],[55,-66],[67,14],[75,78],[40,1],[81,85],[43,-7],[23,-38],[43,-38],[15,5],[32,39],[14,58],[32,54],[16,60],[33,25],[14,28],[26,12],[31,66],[43,38],[-9,91],[11,63],[22,45],[-57,89],[-2,49],[8,29],[-19,33],[1,54],[-16,24],[-60,-12],[35,51],[24,73],[38,56],[26,53],[38,23],[37,-26],[15,13],[5,38],[34,49],[34,31],[35,-11],[14,80],[-7,22],[-30,17],[-24,68],[19,105],[-2,39],[17,56],[47,59],[38,-10],[25,69],[51,77],[44,19],[5,41],[17,53],[31,52],[47,-3],[24,21],[60,-8],[66,26],[15,-10],[41,-79],[20,-26],[30,-17],[32,2],[41,-48],[22,5],[35,-14],[55,26],[37,-11],[72,100],[27,114],[60,65],[87,123],[14,61],[49,26],[27,2],[85,-27],[20,-30],[23,-102],[18,-14],[40,39],[52,19],[20,29],[15,42],[14,115],[43,37],[31,7],[26,25],[18,76],[15,37],[3,60],[-7,85],[-12,41],[-15,82],[-20,73],[3,54],[-31,99],[1,27],[-20,98],[2,39],[21,66],[0,32],[-16,27],[-40,153],[-24,120],[-5,51],[16,93],[-5,77],[-14,38],[-36,30],[-15,28],[-14,55],[-59,107],[-10,97],[-50,80],[-39,47],[-12,25],[-25,100],[-49,53],[-37,8],[6,36],[-13,92],[-49,60],[-53,44],[-22,32],[-35,20],[-6,24],[4,73],[-8,24],[-21,-6],[-20,17],[-32,-14],[-21,10],[-35,60],[-11,49],[-17,17],[49,77],[19,14],[7,143],[27,16],[59,66],[-43,78],[-11,35],[25,33],[40,82],[9,-11],[41,129],[18,125],[254,-95],[461,-157],[225,-92],[61,37],[130,95],[251,173],[547,380],[-1,3],[317,221],[73,79],[129,-2],[65,93],[40,32],[34,14],[155,-10],[85,-28],[78,-52],[45,-46],[33,-57],[33,-21],[17,-26],[61,-68],[123,-153],[0,-19],[94,-117],[24,-42],[66,-150],[100,-88],[96,-109],[-4,-200],[54,-148],[56,-35],[91,0],[80,43],[113,101],[66,1],[44,-58],[13,-118],[-12,-83],[-44,-94],[-25,-101],[0,-81],[21,-79],[15,-25],[128,59],[110,65],[110,30],[81,28],[94,73],[114,198],[68,43],[86,20],[28,-9],[49,-96],[30,-245],[59,-106],[72,83],[61,114],[9,80],[-8,142],[39,130],[80,71],[65,4],[52,-28],[89,-87],[54,-137],[13,-252],[62,-115],[148,100],[143,-7],[204,-119],[88,-41],[59,-53],[183,-59],[212,153],[1,-3],[648,-3],[263,0],[41,203],[21,118],[46,231],[-35,32],[9,103],[-31,13],[-2,32],[15,25],[4,39],[15,24],[10,92],[-3,47],[-17,45],[11,92],[41,40],[42,-15],[17,45],[3,69],[11,10],[-11,76],[-17,31],[-73,82],[0,36],[-36,32],[-56,69],[3,23],[-19,6],[-24,134],[-20,15],[-6,96],[-20,51],[-40,44],[-33,53],[-60,18],[-40,53],[-67,-7],[-21,37],[-71,185],[-51,83],[-67,69],[-46,66],[-21,20],[-37,-31],[-25,-2],[-50,15],[-59,4],[-72,-16],[-37,14],[-27,43],[37,30],[-14,46],[10,27],[-30,28],[32,8],[4,24],[21,-5],[1,34],[17,-6],[0,61],[20,5],[-5,52],[-17,35],[19,36],[-15,81],[19,13],[-34,16],[-5,49],[-14,-12],[-9,31],[13,13],[-13,24],[12,12],[-9,27],[12,161],[-9,20],[3,59],[-12,10],[-13,66],[34,25],[-6,31],[-32,4],[-13,41],[-19,15],[-10,43],[9,40],[-45,39],[-15,39],[11,25],[-18,10],[-21,47],[5,37],[-8,42],[-20,-3],[-6,21],[18,12],[-29,44],[-23,-1],[6,21],[-22,44],[15,21],[-21,54],[-15,18],[21,46],[-7,110],[-10,36],[-22,-10],[-12,94],[-15,70],[20,61],[-41,129],[14,73],[-14,20],[11,57],[36,73],[8,37],[-4,47],[11,11],[-15,100],[4,21],[-21,66],[7,30],[-19,63],[1,38],[-16,6],[-18,33],[3,23],[-20,30],[-17,61],[1,57],[-24,0],[-40,39],[8,20],[-19,18],[-15,57],[2,59],[17,21],[0,153],[-10,24],[13,24],[5,85],[-15,16],[13,38],[-19,43],[16,26],[-17,40],[13,14],[-25,62],[1,42],[-12,78],[-14,24],[0,59],[-28,26],[-55,29],[7,12],[-11,71],[-4,90],[-60,96],[2,13],[-40,121],[-15,151],[-23,10],[-52,67],[-29,26],[-52,0],[-49,16],[-56,59],[-7,40],[-68,11],[18,79],[-7,35],[30,90],[-7,101],[8,26],[-5,56],[-21,54],[14,72],[-7,115],[-14,137],[12,17],[1,104],[5,56],[46,6],[21,-25],[74,-27],[6,52],[22,27],[45,20],[63,47],[32,6],[19,26],[108,-124],[0,22],[-48,70],[25,64],[58,-10],[-1,21],[43,-8],[65,1],[34,67],[31,42],[9,52],[19,25],[3,81],[28,-42],[28,8],[54,35],[3,82],[-9,25],[14,29],[1,127],[15,51],[-19,65],[7,28],[-7,32],[-1,76],[-13,15],[-9,95],[-14,57],[2,37],[65,-22],[7,25],[75,-4],[13,68],[28,101],[53,23],[-49,-55],[-10,-40],[24,-13],[18,-35],[5,34],[38,6],[23,-75],[-20,-33],[10,-62],[27,7],[4,41],[42,13],[-16,28],[49,24],[-2,-40],[18,-2],[67,33],[25,-4],[7,-20],[17,39],[32,35],[8,-58],[-5,-31],[33,-46],[30,87],[10,-28],[37,-11],[23,7],[6,-35],[12,20],[27,-14],[11,56],[-6,25],[36,7],[51,-20],[-17,-62],[42,-36],[-28,-56],[45,-49],[18,66],[34,65],[7,-37],[-18,-27],[-6,-53],[81,-64],[25,17],[28,-16],[17,-26],[10,15],[47,5],[15,17],[0,54],[34,13],[7,-31],[56,11],[-2,45],[21,-6],[14,42],[19,-9],[-8,-36],[31,21],[5,86],[-19,46],[19,61],[-6,38],[17,53],[28,61],[9,-12],[41,117],[67,-18],[51,-6],[8,235],[-23,-16],[-24,3],[-7,62],[16,3],[113,58],[38,33],[-32,61],[138,115],[23,15],[16,42],[25,17],[59,8],[49,-38],[38,33],[112,54],[25,3],[32,-122],[47,-66],[19,-8],[87,42],[110,168],[-1,74],[-10,104],[-25,73],[4,57],[13,46],[41,68],[18,13],[36,53],[10,93],[-1,63],[-37,103],[27,68],[38,46],[76,-4],[2,-15],[34,35],[44,23],[39,36],[49,-20],[37,-43],[16,-50],[0,-94],[-19,-92],[3,-71],[111,0],[8,9],[0,80],[-21,83],[20,78],[-8,40],[-30,24],[-28,62],[-41,14],[-12,-20],[-42,24],[-37,41],[-7,38],[-27,36],[3,66],[32,141],[17,13],[49,-30],[19,-51],[2,-26],[-18,-56],[13,-70],[32,-45],[63,-24],[35,22],[45,100],[34,3],[67,-19],[41,12],[30,34],[17,42],[8,80],[-7,67],[-34,126],[-9,90],[32,103],[27,29],[51,6],[62,-63],[59,-67],[50,-26],[47,-10],[127,-4],[25,-24],[19,-64],[7,-77],[-24,-65],[-36,-50],[-38,-32],[-97,-38],[-24,-1],[-92,30],[-64,-25],[-26,-56],[-5,-74],[21,-72],[25,-48],[23,-21],[81,-102],[63,-53],[54,-9],[52,-22],[7,17],[35,-13],[10,18],[-2,58],[39,52],[33,-2],[43,-29],[38,-59],[12,-56],[25,-298],[95,-30],[88,35],[31,-9],[27,7],[51,-6],[22,101],[43,52],[57,55],[12,33],[62,-12],[38,-67],[8,-63],[-11,-45],[-12,-120],[12,-6],[-67,-190],[46,-77],[30,-64],[39,-22],[19,-23],[25,-88],[4,-95],[21,-19],[44,-2],[42,22],[31,37],[26,131],[-6,24],[14,36],[-60,54],[-4,72],[-15,48],[-55,47],[17,32],[41,10],[32,-18],[16,-22],[107,-89],[39,-78],[59,-147],[50,-18],[103,-51],[74,-5],[-8,67],[-30,71],[12,132],[16,42],[30,21],[44,3],[29,-10],[52,-71],[19,-63],[12,-92],[3,-69],[19,-20],[-7,-50],[106,-26],[13,57],[30,54],[32,-8],[22,-78],[50,-70],[26,-50],[4,-33],[-13,-35],[-22,-22],[-53,-80],[-7,-66],[14,-40],[-14,-28],[4,-27],[-9,-83],[22,-64],[-2,-51],[-12,-21],[43,-102],[47,-67],[-3,-44],[70,16],[69,37],[87,27],[33,20],[84,112],[103,-11],[62,4],[21,-10],[64,-56],[33,128],[18,86],[10,97],[18,31],[45,11],[40,-44],[16,-82],[-33,-112],[-68,-139],[-8,0],[-7,-108],[61,-69],[65,-46],[26,-10],[-13,58],[-1,126],[-19,66],[40,84],[33,21],[58,-11],[38,-48],[9,-97],[-1,-90],[-35,-177],[6,-74],[69,-14],[9,66],[65,20],[29,-10],[8,46],[30,37],[42,0],[46,-72],[26,-64],[-2,-30],[-38,-20],[41,-76],[44,-17],[82,-16],[39,9],[43,-3],[23,-16],[0,-113],[-4,-16],[-44,-36],[13,-54],[-54,-131],[25,-68],[19,-20],[1,-28],[20,-49],[87,-18],[22,-25],[61,-177],[90,-59],[68,-15],[56,-25],[84,-9],[196,-45],[-17,-120],[-30,-132],[63,-15],[48,8],[77,30],[26,-8],[33,62],[65,-84],[17,-38],[13,-60],[-1,-63],[-19,-84],[-41,-83],[-23,-6],[16,-43],[51,-72],[4,-44],[-13,-44],[-46,-37],[-12,-126],[-103,-22],[-68,-7],[13,-72],[52,-79],[101,-40],[71,-38],[63,14],[66,26],[27,25],[43,96],[190,-25],[29,-28],[54,-102],[-62,-100],[-54,-74],[-36,-61],[-12,-61],[-13,-145],[-30,-2],[-35,40],[-37,-57],[-14,-62],[5,-59],[20,-54],[53,-55],[63,-18],[54,19],[44,41],[17,36],[121,137],[22,39],[-26,64],[-6,55],[14,74],[15,45],[140,155],[59,-47],[28,-38],[108,98],[38,22],[59,-1],[32,-32],[4,-39],[-7,-50],[79,32],[23,-6],[14,18],[69,30],[32,-1],[34,30],[49,25],[50,-27],[21,-40],[5,-59],[-20,-97],[64,-75],[46,-34],[85,5],[51,-37],[141,-68],[30,53],[79,12],[84,-11],[33,-27],[121,9],[26,51],[50,35],[60,-16],[40,-41],[-51,-223],[3,-125],[-9,-56],[-21,-48],[-4,-54],[4,-130],[88,-44],[34,-23],[44,42],[21,76],[10,10],[1,52],[-23,94],[-4,45],[-27,145],[12,23],[20,82],[26,251],[25,129],[-22,11],[-20,36],[-132,15],[-105,25],[-90,4],[-36,12],[-92,61],[-27,55],[3,65],[-17,62],[-131,128],[-136,106],[-19,27],[-13,52],[11,110],[-26,60],[-76,72],[-69,45],[-38,0],[-32,-23],[-34,6],[-180,168],[-71,27],[-55,66],[-71,56],[-65,38],[-92,115],[-148,170],[-52,72],[-31,24],[-95,12],[-39,11],[-24,22],[-246,314],[27,239],[170,-85],[52,246],[50,225],[-25,20],[-27,45],[-102,-24],[-33,28],[-42,1],[-16,45],[16,70],[-11,39],[11,54],[-25,62],[-20,15],[118,261],[-3,22],[21,60],[51,40],[16,-1],[-10,96],[-17,55],[3,91],[16,76],[26,-13],[17,85],[16,36],[-22,40],[-37,10],[-44,51],[-9,-5],[-15,57],[-4,46],[-13,44],[-70,25],[-41,-1],[-28,29],[-9,-32],[-51,3],[-48,-16],[-43,25],[2,29],[-31,35],[1,51],[12,25],[-12,36],[-26,16],[12,46],[18,-17],[0,28],[-26,30],[5,34],[22,41],[-26,31],[-27,13],[9,63],[26,92],[25,49],[24,109],[16,34],[-2,33],[-28,43],[-7,138],[7,72],[17,52],[-6,107],[-31,84],[-92,239],[-121,333],[-77,205],[-10,-25],[-47,-53],[-50,17],[-27,-55],[-41,-11],[-26,-21],[-23,-44],[-32,-8],[-29,28],[-48,21],[-16,19],[-28,-18],[-26,-41],[-73,4],[0,134],[-88,79],[-16,3],[-41,-40],[-37,11],[-59,41],[-72,12],[-31,58],[-3,37],[16,72],[9,85],[-17,163],[2,98],[-12,64],[16,111],[17,48],[36,60],[-21,67],[-40,32],[-21,35],[-43,172],[-83,175],[-31,54],[-42,52],[-49,96],[-107,-119],[-26,-14],[-7,13],[-125,412],[-9,7],[-51,172],[11,37],[-56,129],[-103,41],[-78,27],[-2,66],[-61,131],[-45,-1],[-48,144],[-66,219],[-55,124],[-11,87],[-26,131],[-369,151],[-63,-6],[-211,7],[-106,250],[-128,243],[-54,229],[-28,23],[-25,74],[-43,176],[-69,25],[-48,39],[-35,89],[6,54],[-104,117],[-4,-21],[-55,7],[-55,61],[-25,68],[-35,17],[-68,1],[-24,-21],[-74,-10],[-16,-14],[-37,6],[8,152],[-26,22],[-8,75],[-15,62],[-27,3],[4,110],[21,35],[32,11],[21,21],[-139,211],[-52,21],[-21,663],[31,-16],[36,-4],[81,108],[16,-18],[17,15],[-9,47],[14,46],[8,178],[51,7],[14,128],[-13,5],[16,67],[-60,44],[-7,68],[43,18],[93,49],[19,-54],[47,-36],[43,26],[7,-74],[16,-48],[57,-8],[43,-44],[-9,-166],[43,5],[82,26],[35,26],[79,-28],[95,6],[52,-7],[132,-51],[-16,93],[8,59],[18,25],[-7,59],[23,39],[-11,43],[-32,43],[-10,41],[-19,14],[40,42],[18,39],[15,8],[80,83],[25,57],[11,77],[30,91],[-10,33],[7,59],[-59,74],[-4,-10],[-90,106],[18,106],[-15,7],[43,83],[28,20],[29,2],[14,25],[10,-18],[30,70],[6,39],[-81,8],[-37,18],[-14,72],[34,112],[13,110],[11,177],[41,136],[19,85],[7,1],[47,202],[54,108],[-45,29],[-47,74],[-52,27],[-32,-10],[-77,8],[-66,22],[-36,4],[-66,-53],[0,27],[-24,-16],[-38,2],[-77,40],[-55,33],[-104,23],[-85,29],[-44,-7],[-113,6],[-25,-12],[-27,7],[-63,35],[-37,-31],[-31,23],[-72,7],[-23,-5],[-120,21],[-10,-8],[-53,14],[-35,-9],[-38,38],[-27,62],[-130,100],[-58,68],[-23,47],[-110,84],[-20,23],[45,69],[47,58],[52,77],[53,89],[69,64],[50,71],[20,43],[13,67],[-4,235],[-66,29],[-25,46],[-56,42],[12,101],[-73,29],[-38,132],[-4,28],[-27,61],[-21,-51],[-51,-68],[-37,-19],[13,-60],[-55,-67],[-77,-71],[-28,-41],[-117,14],[-3,-63],[-50,-124],[-8,70],[-14,48],[-29,47],[-33,100],[-51,270],[-3,57],[29,133],[-50,-10],[-32,-23],[-103,8],[-9,23],[21,25],[56,93],[14,42],[5,67],[-2,86],[-8,30],[-7,84],[-19,95],[-59,128],[-31,78],[13,46],[-24,14],[-36,3],[-59,50],[-3,37],[-43,117],[-24,125],[-15,37],[-29,39],[-42,32],[-49,18],[-51,40],[-42,107],[-1,51],[-22,182],[-36,26],[-35,-13],[-30,46],[-106,44],[-24,16],[6,65],[-74,1],[-4,53],[4,64],[-47,27],[0,14],[-69,28],[-20,21],[3,100],[33,32],[11,48],[16,-6],[19,40],[21,86],[-20,39],[-2,33],[9,87],[13,34],[17,103],[4,70],[-13,51],[50,84],[58,65],[21,51],[34,154],[21,76],[10,2],[8,157],[13,3],[6,125],[39,14],[-15,64],[-2,120],[-11,16],[-117,-36],[-55,-8],[-31,-14],[-122,19],[-59,-21],[-90,25],[-68,27],[-1,99],[-14,145],[-7,14],[-15,157],[3,161],[13,133],[22,99],[8,72],[-8,92],[17,65],[8,65],[-8,143],[1,81],[7,25],[25,-9],[55,24],[-1,52],[28,27],[-3,28],[27,16],[1,25],[23,35],[55,-14],[44,18],[54,36],[85,6],[62,63],[46,-31],[45,1],[60,20],[46,4],[28,48],[41,24],[61,18],[23,30],[30,12],[23,83],[7,61],[-7,77],[2,60],[-5,70],[25,122],[1,188],[-31,21],[7,42],[-21,30],[12,145],[10,194],[-11,132],[50,11],[57,-4],[-6,166],[18,118],[21,219],[-6,34],[187,6],[3,67],[-21,175],[-22,54],[-15,62],[-20,42],[7,34],[-12,25],[7,131],[-17,159],[-34,50],[-83,74],[-23,49],[-64,-43],[-16,18],[-47,15],[43,144],[0,79],[-6,37],[-20,-30],[-41,8],[-34,-12],[-47,24],[-32,-37],[-55,-16],[-6,-30],[-33,6],[-66,-66],[-16,99],[-38,97],[-42,27],[-39,105],[-21,38],[-66,66],[-20,28],[-43,105],[-39,197],[-28,45],[-56,23],[-64,-21],[1,-12],[-147,11],[-35,-1],[-28,15],[22,48],[12,93],[-2,51],[-95,6],[2,26],[-53,-5],[-25,-14],[-51,-5],[-8,48],[-50,110],[-3,78],[-44,-24],[-3,162],[-11,92],[-15,26],[-41,113],[-23,149],[-18,43],[-89,87],[-9,31],[-166,-10],[-18,7],[-39,-21],[-47,-11],[-45,17],[-45,-12],[-57,-32],[-35,-9],[-57,30],[-131,14],[-53,-31],[-62,-16],[-86,12],[-39,20],[-51,15],[-45,2],[-64,28],[-114,71],[-75,35],[-106,-11],[-68,14],[-82,75],[-39,46],[-32,8],[-75,4],[-85,-13],[-31,7],[-46,24],[-25,-6],[-52,-49],[-32,-62],[-75,-104],[-11,-55],[-4,-68],[-16,-42],[-46,60],[-73,-64],[-85,-91],[-73,-12],[-38,-32],[-25,-38],[-99,60],[-101,25],[-108,-27],[-57,1],[-68,-46],[-27,-25],[-72,-50],[-27,-42],[-37,-14],[-70,0],[-64,-22],[-84,5],[-128,-58],[-66,-80],[-19,-58],[-23,-36],[-34,-94],[-6,-50],[-20,-70],[-37,-65],[-14,-42],[-46,-70],[-49,-23],[-39,62],[-66,49],[-28,3],[-101,60],[-74,31],[-25,-38],[-60,-9],[-16,-28],[-50,-134],[-19,-35],[-54,-71],[-64,-123],[-24,23],[-90,65],[-36,18],[-25,55],[-16,-32],[-24,6],[-20,-70],[-30,-2],[-57,11],[-25,-4],[-56,21],[-94,-13],[-40,40],[-24,41],[-36,36],[-36,-24],[-38,-11],[-36,42],[-25,11],[-14,27],[-23,-23],[-42,-13],[-105,16],[-19,136],[-28,101],[-16,124],[7,58],[-23,10],[-58,-35],[-4,75],[-21,13],[-77,-46],[-57,25],[-11,85],[10,138],[-6,18],[-50,44],[-42,89],[-52,16],[-25,-5],[-34,-28],[-37,-68],[-15,-42],[-29,-31],[-16,-39],[-9,-56],[-20,-30],[-52,-49],[-32,-14],[-84,-108],[-11,-67],[-16,-53],[-23,-22],[-22,-2],[-22,32],[-21,80],[-26,129],[-38,39],[-30,12],[-67,-2],[-56,-61],[-21,-51],[-5,-48],[-35,-120],[-8,-71],[-28,-38],[-39,-96],[-33,-44],[-25,-48],[-16,-13],[-36,0],[-27,-47],[-15,-78],[-58,-107],[-31,22],[-60,19],[-36,-30],[-42,16],[-64,5],[-16,-18],[-32,-113],[-33,-42],[-37,-32],[-64,-15],[18,-134],[-11,-76],[4,-52],[-35,-63],[-14,-37],[-19,0],[-27,-74],[-42,-55],[-42,-114],[-10,-78],[-28,-64],[-18,-24],[-24,17],[-93,113],[-36,-50],[-25,-65],[-18,-16],[-4,-27],[-28,-46],[-29,10],[-23,24],[-35,64],[-46,-4],[-54,14],[-17,84],[-25,30],[-42,-18],[-41,-37],[-7,-26],[5,-47],[-24,-57],[-7,-137],[-23,-16],[-25,6],[-45,-65],[-27,-13],[-29,5],[-4,-31],[10,-26],[-92,-95],[-6,81],[2,68],[38,20],[12,21],[-37,57],[-21,60],[-9,75],[-70,140],[-65,57],[3,-39],[-14,-30],[-51,-15],[-34,6],[-30,-93],[-42,-14],[-21,-19],[-19,7],[-34,-90],[-28,-8],[-10,-34],[-39,1],[-28,-20],[-23,15],[-46,-14],[-46,-73],[-44,-36],[-33,-99],[-42,-92],[-15,-18],[-5,-49],[-10,-7],[-42,15],[-53,33],[-67,-3],[-30,16],[-58,76],[-68,151],[-37,40],[-23,-35],[-31,-8],[-36,-84],[-72,-51],[-4,-56],[-56,-105],[17,-69],[-13,-21],[-62,-62],[-35,-58],[-22,-8],[26,-46],[38,-265],[-8,-68],[13,-36],[-9,-22],[6,-39],[21,-22],[-6,-30],[12,-26],[37,-12],[52,-68],[25,-66],[-9,-22],[40,-72],[5,-25],[36,-59],[32,-80],[66,-132],[16,-73],[3,-79],[-16,-80],[-18,-31],[-35,-37],[-14,-33],[-14,-63],[-58,-85],[-24,-93],[0,-76],[16,-108],[0,-70],[-9,-84],[30,-124],[-4,-59],[13,-54],[6,-84],[-20,-307],[-10,-92],[-38,-236],[-24,-99],[-43,-135],[-2,-57],[11,-41],[-1,-67],[-24,-56],[-12,-57],[-1,-75],[6,-39],[37,-131],[5,-59],[-15,-101],[-27,-66],[-7,-44],[19,-96],[-8,-85],[4,-196],[-10,-72],[-20,-77],[3,-51],[40,-161],[2,-72],[-38,-132],[-41,-88],[-63,-105],[-11,-48],[10,-35],[27,-34],[18,-47],[19,-126],[-1,-128],[8,-42],[32,-82],[12,-75],[-18,-127],[-4,-64],[7,-31],[28,-42],[24,-97],[37,-38],[21,-61],[-3,-86],[10,-86],[19,-86],[5,-73],[22,-96],[19,-34],[56,-27],[86,-163],[25,-118],[32,-61],[52,-56],[39,-70],[4,-54],[-55,-189],[-1,-41],[40,-40],[18,-96],[48,-35],[89,-33],[19,5],[88,90],[35,-4],[21,-26],[36,-14],[55,-44],[16,-22],[83,-200],[34,-109],[17,-29],[20,-8],[77,24],[114,71],[15,4],[33,-25],[12,-24],[-4,-37],[-29,-52],[-19,-109],[-8,-112],[-18,-85],[3,-43],[55,-54],[8,-30],[9,-81],[-29,-86],[-1,-46],[13,-31],[48,-65],[65,-75],[50,-74],[12,-69],[51,-74],[44,-122],[18,-78],[25,-75],[25,-121],[3,-53],[11,-42],[23,-33],[36,-101],[1,-39],[-31,-203],[-4,-75],[-9,-42],[-8,-111],[-38,-188],[-4,-139],[-13,-149],[8,-67],[41,-132],[2,-89],[-21,-123],[-6,-60],[5,-128],[6,-61],[-2,-87],[-19,-128],[-43,-238],[-44,47],[-83,62],[-114,77],[-90,72],[-31,32],[-76,93],[-46,38],[-72,30],[-93,8],[-32,7],[-54,27],[-49,37],[-63,71],[-68,112],[-42,106],[-31,128],[-41,288],[-23,99],[-20,68],[-56,130],[-56,89],[-50,58],[-67,55],[-48,32],[-300,171],[-82,30],[-522,130],[-253,36],[-74,17],[-118,38],[-86,45],[-47,32],[-81,68],[-85,91],[-94,134],[-333,522],[-159,240],[-71,105],[-58,75],[-61,69],[-65,62],[-87,73],[-93,65],[-114,64],[-110,42],[-151,46],[-67,25],[-81,50],[-68,61],[-143,137],[-131,101],[-146,88],[-97,45],[-78,31],[-153,47],[-77,19],[-132,17],[-83,5],[-358,1],[-152,3],[-115,-7],[-104,-21],[-68,-22],[-275,-109],[-212,-100],[-202,-103],[-137,-74],[-98,-63],[-41,-31],[-73,-67],[-50,-54],[-134,-174],[-85,-129],[-41,-52],[-152,-147],[-89,-90],[-80,-88],[-27,-40],[-78,-86],[-24,-43],[-45,-58],[-66,-44],[-68,-6],[-115,27],[-80,-13],[-134,-77],[-59,-12],[-72,9],[-64,21],[-64,29],[-79,52],[-65,26],[-92,7],[-57,-10],[-43,-19],[-126,-75],[-153,-102],[-72,-56],[-50,-19],[-79,-4],[-50,13],[-132,61],[-39,12],[-78,11],[-120,43],[-108,25],[-37,3],[-104,-3],[-69,13],[-63,27],[-52,35],[-49,53],[-144,173],[-72,76],[-73,68],[-100,79],[-91,52],[-97,26],[-66,2],[-51,-7],[-106,-29],[-80,-9],[-60,6],[-143,2],[-115,-18],[-123,-32],[-5,-49],[25,-89],[16,-79],[27,-81],[50,-76],[15,-60],[-2,-64],[10,-109],[-3,-124],[-8,-80],[-1,-81],[-10,-47],[-30,-64],[-69,12],[-31,39],[-31,-23],[-23,10],[-21,-13],[1,-27],[-67,-22],[-51,-44],[-24,86],[-25,32],[-14,36],[-79,-69],[-44,-62],[-18,-17],[-20,-55],[-58,-93],[-6,-95],[5,-36],[-10,-33],[-18,-12],[-32,-59],[-3,-24],[24,-86],[-6,-38],[28,-90],[-31,19],[-49,-30],[-14,-23],[-24,-6],[5,-41],[-63,15],[-93,-40],[-61,-8],[-6,33],[-32,46],[-17,-12],[-13,-42],[-28,-7],[-29,40],[-54,38],[-38,80],[-24,21],[-19,-18],[-28,3],[-11,20],[-4,63],[-49,-25],[9,-21],[-16,-45],[-15,28],[-10,-30],[-32,65],[-27,-15],[-53,-62],[-51,-51],[-22,46],[-3,81],[-13,13],[-6,46],[26,21],[-16,39],[42,49],[-9,65],[-9,17],[16,31],[26,-17],[9,-26],[58,83],[-47,35],[-59,-5],[-35,4],[-23,20],[-35,70],[-60,39],[-53,6],[-30,15],[-30,-1],[-50,-26],[-31,-71],[-26,-29],[-34,-57],[-5,-29],[-24,-62],[-36,-18],[15,-24],[9,-100],[-10,-56],[-20,-15],[-69,28],[-23,43],[-35,-12],[0,-43],[-42,-18],[-61,-87],[-28,24],[12,20],[-72,47],[-56,-6],[-10,-26],[22,-128],[-72,-10],[-33,47],[-44,-101],[-25,32],[-72,30],[-19,-68],[-5,15],[-39,11],[6,-33],[-3,-95],[-18,-58],[1,-93],[-8,-62],[-28,15],[-54,14],[-25,-12],[-44,-44],[-57,-77],[-24,-20],[-16,-83],[-7,-84],[-39,-8],[-52,43],[-77,50],[-23,-79],[-28,44],[-38,21],[3,31],[-55,-41],[-9,-28],[-33,-51],[-17,-67],[-4,-41],[-29,61],[-52,-32],[-28,-28],[20,-75],[40,-27],[28,-39],[-2,-37],[-18,-45],[12,-99],[16,20],[37,0],[-3,-55],[25,-335],[-6,-25],[26,-39],[40,-151],[-8,-15],[27,-48],[10,1],[8,-75],[37,-73],[2,-100],[14,-14],[-15,-56],[5,-27],[-16,-93],[-23,-23],[-15,-53],[-145,71],[-23,-100],[-18,-35],[-50,-47],[27,-39],[-8,-37],[12,-62],[-17,-14],[29,-68],[15,1],[-3,-32],[42,26],[4,-64],[33,-30],[23,-5],[7,-23],[61,-53],[-20,-30],[-19,-92],[-19,9],[-27,-67],[-22,-25],[-50,-17],[1,-41],[-34,-113],[1,-34],[21,-51],[-4,-27],[-22,-12],[-41,-53],[-34,-156]]]}
