{
  "type": "Topology",
  "bbox": [13.3754641, 45.4211646, 16.5967003, 46.8766675],
  "transform": {
    "scale": [0.000032212684126841246, 0.00001455517455174558],
    "translate": [13.3754641, 45.4211646]
  },
  "objects": {
    "okraji": {
      "type": "GeometryCollection",
      "geometries": [
        {
          "type": "Polygon",
          "arcs": [[0, 1, 2, 3, 4]],
          "bbox": [13.6763022, 46.3688274, 14.2375625, 46.523463],
          "properties": {
            "ENOTA": "VO",
            "VDV_MID": 10858186,
            "VDV_ID": 1001,
            "VDV_UIME": "Volilni okraj Jesenice",
            "VDV_DJ": null,
            "POV_KM2": 374.84,
            "D_OD": "2021/03/19",
            "DV_OD": "2021/03/19",
            "N8": null,
            "C1": null,
            "STATUS": "V",
            "CEN_E": 427780,
            "CEN_N": 144528
          }
        },
        {
          "type": "Polygon",
          "arcs": [[5, 6, -2, 7]],
          "bbox": [13.7246699, 46.2256999, 14.155241, 46.4419941],
          "properties": {
            "ENOTA": "VO",
            "VDV_MID": 10858194,
            "VDV_ID": 1002,
            "VDV_UIME": "Volilni okraj Radovljica 1",
            "VDV_DJ": null,
            "POV_KM2": 509.71,
            "D_OD": "2021/03/19",
            "DV_OD": "2021/03/19",
            "N8": null,
            "C1": null,
            "STATUS": "V",
            "CEN_E": 421729,
            "CEN_N": 142828
          }
        },
        {
          "type": "Polygon",
          "arcs": [[-7, 8, 9, 10, 11, -3]],
          "bbox": [14.1059421, 46.2679286, 14.2729283, 46.422086],
          "properties": {
            "ENOTA": "VO",
            "VDV_MID": 10858208,
            "VDV_ID": 1003,
            "VDV_UIME": "Volilni okraj Radovljica 2",
            "VDV_DJ": null,
            "POV_KM2": 131.27,
            "D_OD": "2021/03/19",
            "DV_OD": "2021/03/19",
            "N8": null,
            "C1": null,
            "STATUS": "V",
            "CEN_E": 436269,
            "CEN_N": 133978
          }
        },
        {
          "type": "Polygon",
          "arcs": [[12, 13]],
          "bbox": [14.3243102, 46.220511, 14.4166526, 46.3044203],
          "properties": {
            "ENOTA": "VO",
            "VDV_MID": 10858216,
            "VDV_ID": 1004,
            "VDV_UIME": "Volilni okraj Kranj 1",
            "VDV_DJ": null,
            "POV_KM2": 29.65,
            "D_OD": "2021/03/19",
            "DV_OD": "2021/03/19",
            "N8": null,
            "C1": null,
            "STATUS": "V",
            "CEN_E": 450319,
            "CEN_N": 122857
          }
        },
        {
          "type": "Polygon",
          "arcs": [[14, -10, 15, 16, 17, 18, -13]],
          "bbox": [14.163799, 46.1577196, 14.422553, 46.2820805],
          "properties": {
            "ENOTA": "VO",
            "VDV_MID": 10858224,
            "VDV_ID": 1005,
            "VDV_UIME": "Volilni okraj Kranj 2",
            "VDV_DJ": null,
            "POV_KM2": 86.73,
            "D_OD": "2021/03/19",
            "DV_OD": "2021/03/19",
            "N8": null,
            "C1": null,
            "STATUS": "V",
            "CEN_E": 441569,
            "CEN_N": 125717
          }
        },
        {
          "type": "Polygon",
          "arcs": [[-19, 19, 20, 21, 22, 23, -11, -15, -14]],
          "bbox": [14.259773, 46.1883388, 14.5740587, 46.4272613],
          "properties": {
            "ENOTA": "VO",
            "VDV_MID": 10858232,
            "VDV_ID": 1006,
            "VDV_UIME": "Volilni okraj Kranj 3",
            "VDV_DJ": null,
            "POV_KM2": 336.76,
            "D_OD": "2021/03/19",
            "DV_OD": "2021/03/19",
            "N8": null,
            "C1": null,
            "STATUS": "V",
            "CEN_E": 459131,
            "CEN_N": 138158
          }
        },
        {
          "type": "Polygon",
          "arcs": [[24, -4, -12, -24]],
          "bbox": [14.2335208, 46.3138051, 14.4422645, 46.4470442],
          "properties": {
            "ENOTA": "VO",
            "VDV_MID": 10858267,
            "VDV_ID": 1007,
            "VDV_UIME": "Volilni okraj Tržič",
            "VDV_DJ": null,
            "POV_KM2": 155.37,
            "D_OD": "2021/03/19",
            "DV_OD": "2021/03/19",
            "N8": null,
            "C1": null,
            "STATUS": "V",
            "CEN_E": 446810,
            "CEN_N": 136457
          }
        },
        {
          "type": "Polygon",
          "arcs": [[25, -17, 26, 27]],
          "bbox": [14.1613828, 46.0961469, 14.3953716, 46.2416062],
          "properties": {
            "ENOTA": "VO",
            "VDV_MID": 10858275,
            "VDV_ID": 1008,
            "VDV_UIME": "Volilni okraj Škofja Loka 1",
            "VDV_DJ": null,
            "POV_KM2": 146.02,
            "D_OD": "2021/03/19",
            "DV_OD": "2021/03/19",
            "N8": null,
            "C1": null,
            "STATUS": "V",
            "CEN_E": 446179,
            "CEN_N": 114397
          }
        },
        {
          "type": "Polygon",
          "arcs": [[-9, -6, 28, 29, 30, 31, -27, -16]],
          "bbox": [13.9855436, 46.0033815, 14.2476392, 46.2829882],
          "properties": {
            "ENOTA": "VO",
            "VDV_MID": 10858283,
            "VDV_ID": 1009,
            "VDV_UIME": "Volilni okraj Škofja Loka 2",
            "VDV_DJ": null,
            "POV_KM2": 366.29,
            "D_OD": "2021/03/19",
            "DV_OD": "2021/03/19",
            "N8": null,
            "C1": null,
            "STATUS": "V",
            "CEN_E": 436489,
            "CEN_N": 123967
          }
        },
        {
          "type": "Polygon",
          "arcs": [[32, 33, 34, 35, 36, 37, -21]],
          "bbox": [14.5004527, 46.1719731, 14.928219, 46.367801],
          "properties": {
            "ENOTA": "VO",
            "VDV_MID": 10858291,
            "VDV_ID": 1010,
            "VDV_UIME": "Volilni okraj Kamnik",
            "VDV_DJ": null,
            "POV_KM2": 289.68,
            "D_OD": "2021/03/19",
            "DV_OD": "2021/03/19",
            "N8": null,
            "C1": null,
            "STATUS": "V",
            "CEN_E": 469980,
            "CEN_N": 120777
          }
        },
        {
          "type": "Polygon",
          "arcs": [[38, 39, 40, -30, 41]],
          "bbox": [13.8551571, 45.87853, 14.1460711, 46.192963],
          "properties": {
            "ENOTA": "VO",
            "VDV_MID": 10858305,
            "VDV_ID": 1011,
            "VDV_UIME": "Volilni okraj Idrija",
            "VDV_DJ": null,
            "POV_KM2": 425.13,
            "D_OD": "2021/03/19",
            "DV_OD": "2021/03/19",
            "N8": null,
            "C1": null,
            "STATUS": "V",
            "CEN_E": 424258,
            "CEN_N": 96187
          }
        },
        {
          "type": "Polygon",
          "arcs": [[-1, 42, 43, -42, -29, -8]],
          "bbox": [13.3754641, 46.004661, 14.0085301, 46.4467057],
          "properties": {
            "ENOTA": "VO",
            "VDV_MID": 10858313,
            "VDV_ID": 2001,
            "VDV_UIME": "Volilni okraj Tolmin",
            "VDV_DJ": null,
            "POV_KM2": 942.11,
            "D_OD": "2021/03/19",
            "DV_OD": "2021/03/19",
            "N8": null,
            "C1": null,
            "STATUS": "V",
            "CEN_E": 402358,
            "CEN_N": 116998
          }
        },
        {
          "type": "Polygon",
          "arcs": [[44, 45, 46]],
          "bbox": [13.5629469, 45.4455058, 13.7123824, 45.5399931],
          "properties": {
            "ENOTA": "VO",
            "VDV_MID": 10858321,
            "VDV_ID": 2002,
            "VDV_UIME": "Volilni okraj Piran",
            "VDV_DJ": null,
            "POV_KM2": 44.64,
            "D_OD": "2021/03/19",
            "DV_OD": "2021/03/19",
            "N8": null,
            "C1": null,
            "STATUS": "V",
            "CEN_E": 388317,
            "CEN_N": 44187
          }
        },
        {
          "type": "Polygon",
          "arcs": [[47, 48, 49, -47]],
          "bbox": [13.6148825, 45.4727201, 13.6941121, 45.5481984],
          "properties": {
            "ENOTA": "VO",
            "VDV_MID": 10858330,
            "VDV_ID": 2003,
            "VDV_UIME": "Volilni okraj Izola",
            "VDV_DJ": null,
            "POV_KM2": 28.54,
            "D_OD": "2021/03/19",
            "DV_OD": "2021/03/19",
            "N8": null,
            "C1": null,
            "STATUS": "V",
            "CEN_E": 395487,
            "CEN_N": 45087
          }
        },
        {
          "type": "Polygon",
          "arcs": [[50, -49, 51]],
          "bbox": [13.6897256, 45.5076919, 13.7566142, 45.5576997],
          "properties": {
            "ENOTA": "VO",
            "VDV_MID": 10858348,
            "VDV_ID": 2004,
            "VDV_UIME": "Volilni okraj Koper 1",
            "VDV_DJ": null,
            "POV_KM2": 13.95,
            "D_OD": "2021/03/19",
            "DV_OD": "2021/03/19",
            "N8": null,
            "C1": null,
            "STATUS": "V",
            "CEN_E": 400787,
            "CEN_N": 45967
          }
        },
        {
          "type": "Polygon",
          "arcs": [[-48, -46, 52, 53, 54, -52]],
          "bbox": [13.6702242, 45.4251331, 14.0019601, 45.6093374],
          "properties": {
            "ENOTA": "VO",
            "VDV_MID": 10858356,
            "VDV_ID": 2005,
            "VDV_UIME": "Volilni okraj Koper 2",
            "VDV_DJ": null,
            "POV_KM2": 297.63,
            "D_OD": "2021/03/19",
            "DV_OD": "2021/03/19",
            "N8": null,
            "C1": null,
            "STATUS": "V",
            "CEN_E": 409447,
            "CEN_N": 40817
          }
        },
        {
          "type": "Polygon",
          "arcs": [[55, 56, 57, 58, -54, 59, 60]],
          "bbox": [13.5958692, 45.4812402, 14.1311375, 45.8634177],
          "properties": {
            "ENOTA": "VO",
            "VDV_MID": 10858364,
            "VDV_ID": 2006,
            "VDV_UIME": "Volilni okraj Sežana",
            "VDV_DJ": null,
            "POV_KM2": 659.86,
            "D_OD": "2021/03/19",
            "DV_OD": "2021/03/19",
            "N8": null,
            "C1": null,
            "STATUS": "V",
            "CEN_E": 412056,
            "CEN_N": 63233
          }
        },
        {
          "type": "Polygon",
          "arcs": [[61, 62, 63, -61]],
          "bbox": [14.0907119, 45.4692737, 14.5022207, 45.6853116],
          "properties": {
            "ENOTA": "VO",
            "VDV_MID": 10858372,
            "VDV_ID": 2007,
            "VDV_UIME": "Volilni okraj Ilirska Bistrica",
            "VDV_DJ": null,
            "POV_KM2": 479.96,
            "D_OD": "2021/03/19",
            "DV_OD": "2021/03/19",
            "N8": null,
            "C1": null,
            "STATUS": "V",
            "CEN_E": 441668,
            "CEN_N": 47826
          }
        },
        {
          "type": "Polygon",
          "arcs": [[64, -56, -64, 65]],
          "bbox": [14.0425511, 45.6206903, 14.4366509, 45.8790903],
          "properties": {
            "ENOTA": "VO",
            "VDV_MID": 10858402,
            "VDV_ID": 2008,
            "VDV_UIME": "Volilni okraj Postojna",
            "VDV_DJ": null,
            "POV_KM2": 493.12,
            "D_OD": "2021/03/19",
            "DV_OD": "2021/03/19",
            "N8": null,
            "C1": null,
            "STATUS": "V",
            "CEN_E": 438848,
            "CEN_N": 70966
          }
        },
        {
          "type": "Polygon",
          "arcs": [[66, -58, 67, -39, -44, 68, 69]],
          "bbox": [13.4761617, 45.8158325, 13.8685813, 46.1712264],
          "properties": {
            "ENOTA": "VO",
            "VDV_MID": 10858437,
            "VDV_ID": 2009,
            "VDV_UIME": "Volilni okraj Nova Gorica 1",
            "VDV_DJ": null,
            "POV_KM2": 539.21,
            "D_OD": "2021/03/19",
            "DV_OD": "2021/03/19",
            "N8": null,
            "C1": null,
            "STATUS": "V",
            "CEN_E": 395498,
            "CEN_N": 110678
          }
        },
        {
          "type": "Polygon",
          "arcs": [[70, -70]],
          "bbox": [13.6088671, 45.8883911, 13.7248761, 46.0114242],
          "properties": {
            "ENOTA": "VO",
            "VDV_MID": 10858445,
            "VDV_ID": 2010,
            "VDV_UIME": "Volilni okraj Nova Gorica 2",
            "VDV_DJ": null,
            "POV_KM2": 66.06,
            "D_OD": "2021/03/19",
            "DV_OD": "2021/03/19",
            "N8": null,
            "C1": null,
            "STATUS": "V",
            "CEN_E": 394828,
            "CEN_N": 91567
          }
        },
        {
          "type": "Polygon",
          "arcs": [[71, -40, -68, -57, -65]],
          "bbox": [13.7329731, 45.7614953, 14.1293608, 46.0006217],
          "properties": {
            "ENOTA": "VO",
            "VDV_MID": 10858453,
            "VDV_ID": 2011,
            "VDV_UIME": "Volilni okraj Ajdovščina",
            "VDV_DJ": null,
            "POV_KM2": 352.69,
            "D_OD": "2021/03/19",
            "DV_OD": "2021/03/19",
            "N8": null,
            "C1": null,
            "STATUS": "V",
            "CEN_E": 414738,
            "CEN_N": 83647
          }
        },
        {
          "type": "Polygon",
          "arcs": [[-63, 72, 73, 74, 75, 76, -31, -41, -72, -66]],
          "bbox": [14.0979292, 45.5793343, 14.5790363, 46.0377221],
          "properties": {
            "ENOTA": "VO",
            "VDV_MID": 10858461,
            "VDV_ID": 3001,
            "VDV_UIME": "Volilni okraj Logatec",
            "VDV_DJ": null,
            "POV_KM2": 655.91,
            "D_OD": "2021/03/19",
            "DV_OD": "2021/03/19",
            "N8": null,
            "C1": null,
            "STATUS": "V",
            "CEN_E": 440248,
            "CEN_N": 86607
          }
        },
        {
          "type": "Polygon",
          "arcs": [[77, 78, -76]],
          "bbox": [14.1888073, 45.8572541, 14.420502, 46.0310792],
          "properties": {
            "ENOTA": "VO",
            "VDV_MID": 10858470,
            "VDV_ID": 3002,
            "VDV_UIME": "Volilni okraj Vrhnika",
            "VDV_DJ": null,
            "POV_KM2": 169.04,
            "D_OD": "2021/03/19",
            "DV_OD": "2021/03/19",
            "N8": null,
            "C1": null,
            "STATUS": "V",
            "CEN_E": 445259,
            "CEN_N": 91637
          }
        },
        {
          "type": "Polygon",
          "arcs": [[79, 80, -78, -75, 81, 82, 83, 84]],
          "bbox": [14.3636606, 45.7915236, 14.6892183, 46.0353836],
          "properties": {
            "ENOTA": "VO",
            "VDV_MID": 10858488,
            "VDV_ID": 3003,
            "VDV_UIME": "Volilni okraj Ljubljana Vič-Rudnik 1",
            "VDV_DJ": null,
            "POV_KM2": 336.37,
            "D_OD": "2021/03/19",
            "DV_OD": "2021/03/19",
            "N8": null,
            "C1": null,
            "STATUS": "V",
            "CEN_E": 459769,
            "CEN_N": 91686
          }
        },
        {
          "type": "Polygon",
          "arcs": [[85, 86, -85, 87, 88, 89]],
          "bbox": [14.4722256, 45.9788663, 14.5993909, 46.0461839],
          "properties": {
            "ENOTA": "VO",
            "VDV_MID": 10858496,
            "VDV_ID": 3004,
            "VDV_UIME": "Volilni okraj Ljubljana Vič-Rudnik 2",
            "VDV_DJ": null,
            "POV_KM2": 24.73,
            "D_OD": "2021/03/19",
            "DV_OD": "2021/03/19",
            "N8": null,
            "C1": null,
            "STATUS": "V",
            "CEN_E": 465599,
            "CEN_N": 96006
          }
        },
        {
          "type": "Polygon",
          "arcs": [[-80, -87, 90]],
          "bbox": [14.4390772, 46.0035821, 14.501319, 46.0550687],
          "properties": {
            "ENOTA": "VO",
            "VDV_MID": 10858500,
            "VDV_ID": 3005,
            "VDV_UIME": "Volilni okraj Ljubljana Vič-Rudnik 3",
            "VDV_DJ": null,
            "POV_KM2": 9.67,
            "D_OD": "2021/03/19",
            "DV_OD": "2021/03/19",
            "N8": null,
            "C1": null,
            "STATUS": "V",
            "CEN_E": 459531,
            "CEN_N": 96645
          }
        },
        {
          "type": "Polygon",
          "arcs": [[91, 92, -28, -32, -77, -79, -81, -91, -86, 93, 94]],
          "bbox": [14.1884403, 45.9917953, 14.5010496, 46.1080664],
          "properties": {
            "ENOTA": "VO",
            "VDV_MID": 10858518,
            "VDV_ID": 3006,
            "VDV_UIME": "Volilni okraj Ljubljana Vič-Rudnik 4",
            "VDV_DJ": null,
            "POV_KM2": 171.18,
            "D_OD": "2021/03/19",
            "DV_OD": "2021/03/19",
            "N8": null,
            "C1": null,
            "STATUS": "V",
            "CEN_E": 460859,
            "CEN_N": 100536
          }
        },
        {
          "type": "Polygon",
          "arcs": [[95, -94, -90, 96, 97, 98]],
          "bbox": [14.4851672, 46.0395029, 14.5328961, 46.0598826],
          "properties": {
            "ENOTA": "VO",
            "VDV_MID": 10858526,
            "VDV_ID": 3007,
            "VDV_UIME": "Volilni okraj Ljubljana Center",
            "VDV_DJ": null,
            "POV_KM2": 5.06,
            "D_OD": "2021/03/19",
            "DV_OD": "2021/03/19",
            "N8": null,
            "C1": null,
            "STATUS": "V",
            "CEN_E": 461699,
            "CEN_N": 101516
          }
        },
        {
          "type": "Polygon",
          "arcs": [[99, -95, -96, 100, 101]],
          "bbox": [14.4673832, 46.0557078, 14.5064767, 46.0880639],
          "properties": {
            "ENOTA": "VO",
            "VDV_MID": 10858534,
            "VDV_ID": 3008,
            "VDV_UIME": "Volilni okraj Ljubljana Šiška 1",
            "VDV_DJ": null,
            "POV_KM2": 4.43,
            "D_OD": "2021/03/19",
            "DV_OD": "2021/03/19",
            "N8": null,
            "C1": null,
            "STATUS": "V",
            "CEN_E": 459679,
            "CEN_N": 103237
          }
        },
        {
          "type": "Polygon",
          "arcs": [[102, 103, -92, -100, 104]],
          "bbox": [14.4086142, 46.0600738, 14.4991434, 46.0926141],
          "properties": {
            "ENOTA": "VO",
            "VDV_MID": 10858542,
            "VDV_ID": 3009,
            "VDV_UIME": "Volilni okraj Ljubljana Šiška 2",
            "VDV_DJ": null,
            "POV_KM2": 12.7,
            "D_OD": "2021/03/19",
            "DV_OD": "2021/03/19",
            "N8": null,
            "C1": null,
            "STATUS": "V",
            "CEN_E": 459749,
            "CEN_N": 103867
          }
        },
        {
          "type": "Polygon",
          "arcs": [[-103, 105, 106]],
          "bbox": [14.4195017, 46.0725656, 14.4875679, 46.1189203],
          "properties": {
            "ENOTA": "VO",
            "VDV_MID": 10858577,
            "VDV_ID": 3010,
            "VDV_UIME": "Volilni okraj Ljubljana Šiška 3",
            "VDV_DJ": null,
            "POV_KM2": 12.97,
            "D_OD": "2021/03/19",
            "DV_OD": "2021/03/19",
            "N8": null,
            "C1": null,
            "STATUS": "V",
            "CEN_E": 458589,
            "CEN_N": 106597
          }
        },
        {
          "type": "Polygon",
          "arcs": [[107, 108, -33, -20, -18, -26, -93, -104, -107]],
          "bbox": [14.3263706, 46.0773577, 14.5415174, 46.2058102],
          "properties": {
            "ENOTA": "VO",
            "VDV_MID": 10858585,
            "VDV_ID": 3011,
            "VDV_UIME": "Volilni okraj Ljubljana Šiška 4",
            "VDV_DJ": null,
            "POV_KM2": 128,
            "D_OD": "2021/03/19",
            "DV_OD": "2021/03/19",
            "N8": null,
            "C1": null,
            "STATUS": "V",
            "CEN_E": 451169,
            "CEN_N": 112277
          }
        },
        {
          "type": "Polygon",
          "arcs": [[109, 110, 111, 112]],
          "bbox": [14.6849166, 45.4589995, 15.1134173, 45.7762918],
          "properties": {
            "ENOTA": "VO",
            "VDV_MID": 10858593,
            "VDV_ID": 4001,
            "VDV_UIME": "Volilni okraj Kočevje",
            "VDV_DJ": null,
            "POV_KM2": 649.26,
            "D_OD": "2021/03/19",
            "DV_OD": "2021/03/19",
            "N8": null,
            "C1": null,
            "STATUS": "V",
            "CEN_E": 489038,
            "CEN_N": 55906
          }
        },
        {
          "type": "Polygon",
          "arcs": [[-74, 113, -113, 114, 115, 116, -82]],
          "bbox": [14.5375097, 45.5811639, 14.8420478, 45.8935229],
          "properties": {
            "ENOTA": "VO",
            "VDV_MID": 10858607,
            "VDV_ID": 4002,
            "VDV_UIME": "Volilni okraj Ribnica-Dobrepolje",
            "VDV_DJ": null,
            "POV_KM2": 440.83,
            "D_OD": "2021/03/19",
            "DV_OD": "2021/03/19",
            "N8": null,
            "C1": null,
            "STATUS": "V",
            "CEN_E": 479048,
            "CEN_N": 66586
          }
        },
        {
          "type": "Polygon",
          "arcs": [[-117, 117, 118, -83]],
          "bbox": [14.5846655, 45.8733062, 14.754055, 46.015282],
          "properties": {
            "ENOTA": "VO",
            "VDV_MID": 10858615,
            "VDV_ID": 4003,
            "VDV_UIME": "Volilni okraj Grosuplje",
            "VDV_DJ": null,
            "POV_KM2": 133.84,
            "D_OD": "2021/03/19",
            "DV_OD": "2021/03/19",
            "N8": null,
            "C1": null,
            "STATUS": "V",
            "CEN_E": 473349,
            "CEN_N": 90646
          }
        },
        {
          "type": "Polygon",
          "arcs": [[119, -118, -116, 120, 121, 122]],
          "bbox": [14.7046883, 45.7954099, 14.9249601, 46.0130568],
          "properties": {
            "ENOTA": "VO",
            "VDV_MID": 10858623,
            "VDV_ID": 4004,
            "VDV_UIME": "Volilni okraj Ivančna Gorica",
            "VDV_DJ": null,
            "POV_KM2": 221.3,
            "D_OD": "2021/03/19",
            "DV_OD": "2021/03/19",
            "N8": null,
            "C1": null,
            "STATUS": "V",
            "CEN_E": 486849,
            "CEN_N": 88076
          }
        },
        {
          "type": "Polygon",
          "arcs": [[123, 124, -88, -84, -119, -120, 125, 126, 127]],
          "bbox": [14.5418247, 45.9868318, 14.7552663, 46.1202338],
          "properties": {
            "ENOTA": "VO",
            "VDV_MID": 10858631,
            "VDV_ID": 4005,
            "VDV_UIME": "Volilni okraj Ljubljana Moste-Polje 1",
            "VDV_DJ": null,
            "POV_KM2": 134.59,
            "D_OD": "2021/03/19",
            "DV_OD": "2021/03/19",
            "N8": null,
            "C1": null,
            "STATUS": "V",
            "CEN_E": 470329,
            "CEN_N": 97036
          }
        },
        {
          "type": "Polygon",
          "arcs": [[128, -97, -89, -125]],
          "bbox": [14.5312875, 46.0333914, 14.5665754, 46.0591514],
          "properties": {
            "ENOTA": "VO",
            "VDV_MID": 10858640,
            "VDV_ID": 4006,
            "VDV_UIME": "Volilni okraj Ljubljana Moste-Polje 2",
            "VDV_DJ": null,
            "POV_KM2": 3.19,
            "D_OD": "2021/03/19",
            "DV_OD": "2021/03/19",
            "N8": null,
            "C1": null,
            "STATUS": "V",
            "CEN_E": 464149,
            "CEN_N": 101026
          }
        },
        {
          "type": "Polygon",
          "arcs": [[129, -98, -129, -124, 130]],
          "bbox": [14.5208695, 46.0469137, 14.6283967, 46.0857119],
          "properties": {
            "ENOTA": "VO",
            "VDV_MID": 10858658,
            "VDV_ID": 4007,
            "VDV_UIME": "Volilni okraj Ljubljana Moste-Polje 3",
            "VDV_DJ": null,
            "POV_KM2": 14.65,
            "D_OD": "2021/03/19",
            "DV_OD": "2021/03/19",
            "N8": null,
            "C1": null,
            "STATUS": "V",
            "CEN_E": 463619,
            "CEN_N": 102066
          }
        },
        {
          "type": "Polygon",
          "arcs": [[-106, -105, -102, 131, -131, -128, 132, 133, -108]],
          "bbox": [14.4769274, 46.0746636, 14.6676149, 46.126123],
          "properties": {
            "ENOTA": "VO",
            "VDV_MID": 10858666,
            "VDV_ID": 4008,
            "VDV_UIME": "Volilni okraj Ljubljana Bežigrad 1",
            "VDV_DJ": null,
            "POV_KM2": 40.01,
            "D_OD": "2021/03/19",
            "DV_OD": "2021/03/19",
            "N8": null,
            "C1": null,
            "STATUS": "V",
            "CEN_E": 468819,
            "CEN_N": 105486
          }
        },
        {
          "type": "Polygon",
          "arcs": [[-101, -99, -130, -132]],
          "bbox": [14.5003474, 46.0588584, 14.5503155, 46.0888655],
          "properties": {
            "ENOTA": "VO",
            "VDV_MID": 10858674,
            "VDV_ID": 4009,
            "VDV_UIME": "Volilni okraj Ljubljana Bežigrad 2",
            "VDV_DJ": null,
            "POV_KM2": 6.3,
            "D_OD": "2021/03/19",
            "DV_OD": "2021/03/19",
            "N8": null,
            "C1": null,
            "STATUS": "V",
            "CEN_E": 462339,
            "CEN_N": 103086
          }
        },
        {
          "type": "Polygon",
          "arcs": [[-133, -127, 134, 135, -35, 136]],
          "bbox": [14.5795084, 46.0940917, 14.9029343, 46.2084009],
          "properties": {
            "ENOTA": "VO",
            "VDV_MID": 10858682,
            "VDV_ID": 4010,
            "VDV_UIME": "Volilni okraj Domžale 1",
            "VDV_DJ": null,
            "POV_KM2": 194.26,
            "D_OD": "2021/03/19",
            "DV_OD": "2021/03/19",
            "N8": null,
            "C1": null,
            "STATUS": "V",
            "CEN_E": 479480,
            "CEN_N": 113466
          }
        },
        {
          "type": "Polygon",
          "arcs": [[-34, -109, -134, -137]],
          "bbox": [14.513117, 46.0940061, 14.6272972, 46.1959035],
          "properties": {
            "ENOTA": "VO",
            "VDV_MID": 10858712,
            "VDV_ID": 4011,
            "VDV_UIME": "Volilni okraj Domžale 2",
            "VDV_DJ": null,
            "POV_KM2": 45.3,
            "D_OD": "2021/03/19",
            "DV_OD": "2021/03/19",
            "N8": null,
            "C1": null,
            "STATUS": "V",
            "CEN_E": 469229,
            "CEN_N": 111866
          }
        },
        {
          "type": "Polygon",
          "arcs": [[137, 138, 139, 140, 141, 142]],
          "bbox": [15.3302007, 46.0655871, 15.5357335, 46.3118138],
          "properties": {
            "ENOTA": "VO",
            "VDV_MID": 10858747,
            "VDV_ID": 5001,
            "VDV_UIME": "Volilni okraj Šentjur",
            "VDV_DJ": null,
            "POV_KM2": 239.82,
            "D_OD": "2021/03/19",
            "DV_OD": "2021/03/19",
            "N8": null,
            "C1": null,
            "STATUS": "V",
            "CEN_E": 530550,
            "CEN_N": 119835
          }
        },
        {
          "type": "Polygon",
          "arcs": [[143, -143, 144, 145, 146, 147, 148, 149]],
          "bbox": [15.186636, 46.1632127, 15.3788553, 46.3900773],
          "properties": {
            "ENOTA": "VO",
            "VDV_MID": 10858755,
            "VDV_ID": 5002,
            "VDV_UIME": "Volilni okraj Celje 1",
            "VDV_DJ": null,
            "POV_KM2": 188.38,
            "D_OD": "2021/03/19",
            "DV_OD": "2021/03/19",
            "N8": null,
            "C1": null,
            "STATUS": "V",
            "CEN_E": 517650,
            "CEN_N": 125825
          }
        },
        {
          "type": "Polygon",
          "arcs": [[150, 151, -150]],
          "bbox": [15.2092576, 46.1885661, 15.30992, 46.2616617],
          "properties": {
            "ENOTA": "VO",
            "VDV_MID": 10858763,
            "VDV_ID": 5003,
            "VDV_UIME": "Volilni okraj Celje 2",
            "VDV_DJ": null,
            "POV_KM2": 41.64,
            "D_OD": "2021/03/19",
            "DV_OD": "2021/03/19",
            "N8": null,
            "C1": null,
            "STATUS": "V",
            "CEN_E": 520340,
            "CEN_N": 121185
          }
        },
        {
          "type": "Polygon",
          "arcs": [[152, 153, -148, 154]],
          "bbox": [15.0482799, 46.2355868, 15.2252072, 46.3632782],
          "properties": {
            "ENOTA": "VO",
            "VDV_MID": 10858771,
            "VDV_ID": 5004,
            "VDV_UIME": "Volilni okraj Žalec 1",
            "VDV_DJ": null,
            "POV_KM2": 115.42,
            "D_OD": "2021/03/19",
            "DV_OD": "2021/03/19",
            "N8": null,
            "C1": null,
            "STATUS": "V",
            "CEN_E": 512640,
            "CEN_N": 123485
          }
        },
        {
          "type": "Polygon",
          "arcs": [[155, 156, -37, 157, 158, 159, -151, -149, -154]],
          "bbox": [14.8852469, 46.1815631, 15.2226931, 46.3340109],
          "properties": {
            "ENOTA": "VO",
            "VDV_MID": 10858780,
            "VDV_ID": 5005,
            "VDV_UIME": "Volilni okraj Žalec 2",
            "VDV_DJ": null,
            "POV_KM2": 233.35,
            "D_OD": "2021/03/19",
            "DV_OD": "2021/03/19",
            "N8": null,
            "C1": null,
            "STATUS": "V",
            "CEN_E": 496220,
            "CEN_N": 126516
          }
        },
        {
          "type": "Polygon",
          "arcs": [[160, 161, -22, -38, -157, 162]],
          "bbox": [14.5650506, 46.2374818, 15.0079172, 46.4510675],
          "properties": {
            "ENOTA": "VO",
            "VDV_MID": 10858798,
            "VDV_ID": 5006,
            "VDV_UIME": "Volilni okraj Mozirje",
            "VDV_DJ": null,
            "POV_KM2": 508.68,
            "D_OD": "2021/03/19",
            "DV_OD": "2021/03/19",
            "N8": null,
            "C1": null,
            "STATUS": "V",
            "CEN_E": 496705,
            "CEN_N": 133149
          }
        },
        {
          "type": "Polygon",
          "arcs": [[-155, -147, 163, 164]],
          "bbox": [15.0802891, 46.3144875, 15.1940975, 46.410788],
          "properties": {
            "ENOTA": "VO",
            "VDV_MID": 10858801,
            "VDV_ID": 5007,
            "VDV_UIME": "Volilni okraj Velenje 1",
            "VDV_DJ": null,
            "POV_KM2": 48.91,
            "D_OD": "2021/03/19",
            "DV_OD": "2021/03/19",
            "N8": null,
            "C1": null,
            "STATUS": "V",
            "CEN_E": 507681,
            "CEN_N": 138916
          }
        },
        {
          "type": "Polygon",
          "arcs": [[165, 166, -163, -156, -153, -165]],
          "bbox": [14.8813695, 46.3047564, 15.1305518, 46.4559629],
          "properties": {
            "ENOTA": "VO",
            "VDV_MID": 10858810,
            "VDV_ID": 5008,
            "VDV_UIME": "Volilni okraj Velenje 2",
            "VDV_DJ": null,
            "POV_KM2": 134.25,
            "D_OD": "2021/03/19",
            "DV_OD": "2021/03/19",
            "N8": null,
            "C1": null,
            "STATUS": "V",
            "CEN_E": 508611,
            "CEN_N": 136146
          }
        },
        {
          "type": "Polygon",
          "arcs": [[167, -166, -164, -146, 168, 169, 170]],
          "bbox": [14.9532243, 46.386669, 15.3283466, 46.5660621],
          "properties": {
            "ENOTA": "VO",
            "VDV_MID": 10858828,
            "VDV_ID": 5009,
            "VDV_UIME": "Volilni okraj Slovenj Gradec",
            "VDV_DJ": null,
            "POV_KM2": 285.72,
            "D_OD": "2021/03/19",
            "DV_OD": "2021/03/19",
            "N8": null,
            "C1": null,
            "STATUS": "V",
            "CEN_E": 506221,
            "CEN_N": 152136
          }
        },
        {
          "type": "Polygon",
          "arcs": [[171, 172, -161, -167, -168]],
          "bbox": [14.674876, 46.4174889, 15.0149182, 46.6127576],
          "properties": {
            "ENOTA": "VO",
            "VDV_MID": 10858836,
            "VDV_ID": 5010,
            "VDV_UIME": "Volilni okraj Ravne na Koroškem",
            "VDV_DJ": null,
            "POV_KM2": 303.77,
            "D_OD": "2021/03/19",
            "DV_OD": "2021/03/19",
            "N8": null,
            "C1": null,
            "STATUS": "V",
            "CEN_E": 497257,
            "CEN_N": 156007
          }
        },
        {
          "type": "Polygon",
          "arcs": [[173, 174, -172, -171]],
          "bbox": [14.9204237, 46.4867162, 15.4480372, 46.6598402],
          "properties": {
            "ENOTA": "VO",
            "VDV_MID": 10858844,
            "VDV_ID": 5011,
            "VDV_UIME": "Volilni okraj Radlje",
            "VDV_DJ": null,
            "POV_KM2": 451.31,
            "D_OD": "2021/03/19",
            "DV_OD": "2021/03/19",
            "N8": null,
            "C1": null,
            "STATUS": "V",
            "CEN_E": 502141,
            "CEN_N": 161466
          }
        },
        {
          "type": "Polygon",
          "arcs": [[175, -111, 176]],
          "bbox": [15.026467, 45.4211646, 15.4066413, 45.7271362],
          "properties": {
            "ENOTA": "VO",
            "VDV_MID": 10858852,
            "VDV_ID": 6001,
            "VDV_UIME": "Volilni okraj Črnomelj",
            "VDV_DJ": null,
            "POV_KM2": 597.97,
            "D_OD": "2021/03/19",
            "DV_OD": "2021/03/19",
            "N8": null,
            "C1": null,
            "STATUS": "V",
            "CEN_E": 515158,
            "CEN_N": 48225
          }
        },
        {
          "type": "Polygon",
          "arcs": [[177, -121, -115, -112, -176, 178, 179, 180, 181, 182]],
          "bbox": [14.799176, 45.6357086, 15.4049493, 45.9262182],
          "properties": {
            "ENOTA": "VO",
            "VDV_MID": 10858887,
            "VDV_ID": 6002,
            "VDV_UIME": "Volilni okraj Novo mesto 1",
            "VDV_DJ": null,
            "POV_KM2": 597.53,
            "D_OD": "2021/03/19",
            "DV_OD": "2021/03/19",
            "N8": null,
            "C1": null,
            "STATUS": "V",
            "CEN_E": 504119,
            "CEN_N": 69855
          }
        },
        {
          "type": "Polygon",
          "arcs": [[183, -183]],
          "bbox": [15.0524208, 45.7308877, 15.2538506, 45.8770133],
          "properties": {
            "ENOTA": "VO",
            "VDV_MID": 10858895,
            "VDV_ID": 6003,
            "VDV_UIME": "Volilni okraj Novo mesto 2",
            "VDV_DJ": null,
            "POV_KM2": 119.44,
            "D_OD": "2021/03/19",
            "DV_OD": "2021/03/19",
            "N8": null,
            "C1": null,
            "STATUS": "V",
            "CEN_E": 513519,
            "CEN_N": 73205
          }
        },
        {
          "type": "Polygon",
          "arcs": [[-184, -182, 184, 185, -122, -178]],
          "bbox": [14.8604146, 45.8382309, 15.2296758, 46.0221972],
          "properties": {
            "ENOTA": "VO",
            "VDV_MID": 10858909,
            "VDV_ID": 6004,
            "VDV_UIME": "Volilni okraj Trebnje",
            "VDV_DJ": null,
            "POV_KM2": 317.07,
            "D_OD": "2021/03/19",
            "DV_OD": "2021/03/19",
            "N8": null,
            "C1": null,
            "STATUS": "V",
            "CEN_E": 500669,
            "CEN_N": 85615
          }
        },
        {
          "type": "Polygon",
          "arcs": [[186, 187, 188]],
          "bbox": [15.4908993, 45.82034, 15.7326242, 46.0549335],
          "properties": {
            "ENOTA": "VO",
            "VDV_MID": 10858917,
            "VDV_ID": 6005,
            "VDV_UIME": "Volilni okraj Brežice",
            "VDV_DJ": null,
            "POV_KM2": 268.65,
            "D_OD": "2021/03/19",
            "DV_OD": "2021/03/19",
            "N8": null,
            "C1": null,
            "STATUS": "V",
            "CEN_E": 545949,
            "CEN_N": 85164
          }
        },
        {
          "type": "Polygon",
          "arcs": [[-189, 189, -140, 190, -180, 191]],
          "bbox": [15.3341544, 45.7912192, 15.5704718, 46.0714838],
          "properties": {
            "ENOTA": "VO",
            "VDV_MID": 10858925,
            "VDV_ID": 6006,
            "VDV_UIME": "Volilni okraj Krško",
            "VDV_DJ": null,
            "POV_KM2": 344.9,
            "D_OD": "2021/03/19",
            "DV_OD": "2021/03/19",
            "N8": null,
            "C1": null,
            "STATUS": "V",
            "CEN_E": 537610,
            "CEN_N": 91965
          }
        },
        {
          "type": "Polygon",
          "arcs": [[-191, -139, 192, 193, -185, -181]],
          "bbox": [15.0877537, 45.8671111, 15.4242711, 46.0889922],
          "properties": {
            "ENOTA": "VO",
            "VDV_MID": 10858933,
            "VDV_ID": 6007,
            "VDV_UIME": "Volilni okraj Sevnica",
            "VDV_DJ": null,
            "POV_KM2": 332.52,
            "D_OD": "2021/03/19",
            "DV_OD": "2021/03/19",
            "N8": null,
            "C1": null,
            "STATUS": "V",
            "CEN_E": 523550,
            "CEN_N": 96645
          }
        },
        {
          "type": "Polygon",
          "arcs": [[194, 195, -193, -138, -144, -152, -160, 196]],
          "bbox": [15.0661053, 46.0252762, 15.3754642, 46.2009443],
          "properties": {
            "ENOTA": "VO",
            "VDV_MID": 10858941,
            "VDV_ID": 6008,
            "VDV_UIME": "Volilni okraj Laško",
            "VDV_DJ": null,
            "POV_KM2": 249.58,
            "D_OD": "2021/03/19",
            "DV_OD": "2021/03/19",
            "N8": null,
            "C1": null,
            "STATUS": "V",
            "CEN_E": 518430,
            "CEN_N": 112975
          }
        },
        {
          "type": "Polygon",
          "arcs": [[-186, -194, -196, 197, -135, -126, -123]],
          "bbox": [14.711712, 45.9630453, 15.0994838, 46.1362811],
          "properties": {
            "ENOTA": "VO",
            "VDV_MID": 10858950,
            "VDV_ID": 6009,
            "VDV_UIME": "Volilni okraj Litija",
            "VDV_DJ": null,
            "POV_KM2": 322,
            "D_OD": "2021/03/19",
            "DV_OD": "2021/03/19",
            "N8": null,
            "C1": null,
            "STATUS": "V",
            "CEN_E": 492229,
            "CEN_N": 98126
          }
        },
        {
          "type": "Polygon",
          "arcs": [[-159, 198, -197]],
          "bbox": [14.9805015, 46.0771241, 15.1888784, 46.1975012],
          "properties": {
            "ENOTA": "VO",
            "VDV_MID": 10858968,
            "VDV_ID": 6010,
            "VDV_UIME": "Volilni okraj Hrastnik-Trbovlje",
            "VDV_DJ": null,
            "POV_KM2": 116.69,
            "D_OD": "2021/03/19",
            "DV_OD": "2021/03/19",
            "N8": null,
            "C1": null,
            "STATUS": "V",
            "CEN_E": 503790,
            "CEN_N": 112215
          }
        },
        {
          "type": "Polygon",
          "arcs": [[-199, -158, -36, -136, -198, -195]],
          "bbox": [14.8118242, 46.0497744, 15.0857798, 46.2078267],
          "properties": {
            "ENOTA": "VO",
            "VDV_MID": 10858976,
            "VDV_ID": 6011,
            "VDV_UIME": "Volilni okraj Zagorje",
            "VDV_DJ": null,
            "POV_KM2": 147.16,
            "D_OD": "2021/03/19",
            "DV_OD": "2021/03/19",
            "N8": null,
            "C1": null,
            "STATUS": "V",
            "CEN_E": 499260,
            "CEN_N": 111116
          }
        },
        {
          "type": "Polygon",
          "arcs": [[199, 200, 201, -141, -190, -188, 202]],
          "bbox": [15.4350797, 45.9961284, 15.8016027, 46.2898404],
          "properties": {
            "ENOTA": "VO",
            "VDV_MID": 10858984,
            "VDV_ID": 7001,
            "VDV_UIME": "Volilni okraj Šmarje pri Jelšah",
            "VDV_DJ": null,
            "POV_KM2": 400.56,
            "D_OD": "2021/03/19",
            "DV_OD": "2021/03/19",
            "N8": null,
            "C1": null,
            "STATUS": "V",
            "CEN_E": 539970,
            "CEN_N": 121055
          }
        },
        {
          "type": "Polygon",
          "arcs": [[203, 204, -201, 205, 206]],
          "bbox": [15.3336629, 46.2731238, 15.7164444, 46.4977455],
          "properties": {
            "ENOTA": "VO",
            "VDV_MID": 10858992,
            "VDV_ID": 7002,
            "VDV_UIME": "Volilni okraj Slovenska Bistrica",
            "VDV_DJ": null,
            "POV_KM2": 335.95,
            "D_OD": "2021/03/19",
            "DV_OD": "2021/03/19",
            "N8": null,
            "C1": null,
            "STATUS": "V",
            "CEN_E": 544231,
            "CEN_N": 139115
          }
        },
        {
          "type": "Polygon",
          "arcs": [[207, -169, -145, -142, -202, -205]],
          "bbox": [15.2276268, 46.2780649, 15.5537588, 46.48021],
          "properties": {
            "ENOTA": "VO",
            "VDV_MID": 10859000,
            "VDV_ID": 7003,
            "VDV_UIME": "Volilni okraj Slovenske Konjice",
            "VDV_DJ": null,
            "POV_KM2": 222.54,
            "D_OD": "2021/03/19",
            "DV_OD": "2021/03/19",
            "N8": null,
            "C1": null,
            "STATUS": "V",
            "CEN_E": 532451,
            "CEN_N": 133315
          }
        },
        {
          "type": "Polygon",
          "arcs": [[208, -174, -170, -208, -204, 209]],
          "bbox": [15.3112071, 46.4635846, 15.5613025, 46.6555417],
          "properties": {
            "ENOTA": "VO",
            "VDV_MID": 10859018,
            "VDV_ID": 7004,
            "VDV_UIME": "Volilni okraj Ruše",
            "VDV_DJ": null,
            "POV_KM2": 209.52,
            "D_OD": "2021/03/19",
            "DV_OD": "2021/03/19",
            "N8": null,
            "C1": null,
            "STATUS": "V",
            "CEN_E": 539531,
            "CEN_N": 155565
          }
        },
        {
          "type": "Polygon",
          "arcs": [[210, 211, -210, -207, 212, 213, 214, 215, 216]],
          "bbox": [15.5170141, 46.3743197, 15.7277426, 46.6342897],
          "properties": {
            "ENOTA": "VO",
            "VDV_MID": 10859026,
            "VDV_ID": 7005,
            "VDV_UIME": "Volilni okraj Maribor 1",
            "VDV_DJ": null,
            "POV_KM2": 177.74,
            "D_OD": "2021/03/19",
            "DV_OD": "2021/03/19",
            "N8": null,
            "C1": null,
            "STATUS": "V",
            "CEN_E": 544262,
            "CEN_N": 159065
          }
        },
        {
          "type": "Polygon",
          "arcs": [[217, 218, -214, 219, 220, 221, 222]],
          "bbox": [15.6067208, 46.427148, 15.8161115, 46.534694],
          "properties": {
            "ENOTA": "VO",
            "VDV_MID": 10859034,
            "VDV_ID": 7006,
            "VDV_UIME": "Volilni okraj Maribor 2",
            "VDV_DJ": null,
            "POV_KM2": 82.84,
            "D_OD": "2021/03/19",
            "DV_OD": "2021/03/19",
            "N8": null,
            "C1": null,
            "STATUS": "V",
            "CEN_E": 552511,
            "CEN_N": 151374
          }
        },
        {
          "type": "MultiPolygon",
          "arcs": [[[223, 224]], [[225, 226, -223, 227, 228, 229, 230]]],
          "bbox": [15.643975, 46.4689452, 15.8177227, 46.595321],
          "properties": {
            "ENOTA": "VO",
            "VDV_MID": 10859042,
            "VDV_ID": 7007,
            "VDV_UIME": "Volilni okraj Maribor 3",
            "VDV_DJ": null,
            "POV_KM2": 74.57,
            "D_OD": "2021/03/19",
            "DV_OD": "2021/03/19",
            "N8": null,
            "C1": null,
            "STATUS": "V",
            "CEN_E": 556892,
            "CEN_N": 154034
          }
        },
        {
          "type": "Polygon",
          "arcs": [[231, -217, 232, -231, 233, -225]],
          "bbox": [15.6189596, 46.5557164, 15.6871152, 46.5957154],
          "properties": {
            "ENOTA": "VO",
            "VDV_MID": 10859077,
            "VDV_ID": 7008,
            "VDV_UIME": "Volilni okraj maribor 4",
            "VDV_DJ": null,
            "POV_KM2": 9.56,
            "D_OD": "2021/03/19",
            "DV_OD": "2021/03/19",
            "N8": null,
            "C1": null,
            "STATUS": "V",
            "CEN_E": 549372,
            "CEN_N": 158294
          }
        },
        {
          "type": "Polygon",
          "arcs": [[234, 235, -226, -233, -216]],
          "bbox": [15.5988602, 46.5354638, 15.6859289, 46.5692161],
          "properties": {
            "ENOTA": "VO",
            "VDV_MID": 10859085,
            "VDV_ID": 7009,
            "VDV_UIME": "Volilni okraj maribor 5",
            "VDV_DJ": null,
            "POV_KM2": 7.63,
            "D_OD": "2021/03/19",
            "DV_OD": "2021/03/19",
            "N8": null,
            "C1": null,
            "STATUS": "V",
            "CEN_E": 546152,
            "CEN_N": 158285
          }
        },
        {
          "type": "Polygon",
          "arcs": [[-215, -219, 236, -235]],
          "bbox": [15.5888582, 46.5085853, 15.6608187, 46.5518073],
          "properties": {
            "ENOTA": "VO",
            "VDV_MID": 10859093,
            "VDV_ID": 7010,
            "VDV_UIME": "Volilni okraj Maribor 6",
            "VDV_DJ": null,
            "POV_KM2": 16.04,
            "D_OD": "2021/03/19",
            "DV_OD": "2021/03/19",
            "N8": null,
            "C1": null,
            "STATUS": "V",
            "CEN_E": 548672,
            "CEN_N": 152825
          }
        },
        {
          "type": "Polygon",
          "arcs": [[-237, -218, -227, -236]],
          "bbox": [15.624157, 46.5268209, 15.6764345, 46.5509253],
          "properties": {
            "ENOTA": "VO",
            "VDV_MID": 10859107,
            "VDV_ID": 7011,
            "VDV_UIME": "Volilni okraj Maribor 7",
            "VDV_DJ": null,
            "POV_KM2": 4.11,
            "D_OD": "2021/03/19",
            "DV_OD": "2021/03/19",
            "N8": null,
            "C1": null,
            "STATUS": "V",
            "CEN_E": 551502,
            "CEN_N": 155194
          }
        },
        {
          "type": "Polygon",
          "arcs": [[237, 238, 239, 240]],
          "bbox": [16.238198, 46.462093, 16.5967003, 46.704244],
          "properties": {
            "ENOTA": "VO",
            "VDV_MID": 10859115,
            "VDV_ID": 8001,
            "VDV_UIME": "Volilni okraj Lendava",
            "VDV_DJ": null,
            "POV_KM2": 257.09,
            "D_OD": "2021/03/19",
            "DV_OD": "2021/03/19",
            "N8": null,
            "C1": null,
            "STATUS": "V",
            "CEN_E": 611301,
            "CEN_N": 159182
          }
        },
        {
          "type": "Polygon",
          "arcs": [[241, 242, 243]],
          "bbox": [16.0065445, 46.3761449, 16.3079434, 46.5103455],
          "properties": {
            "ENOTA": "VO",
            "VDV_MID": 10859123,
            "VDV_ID": 8002,
            "VDV_UIME": "Volilni okraj Ormož",
            "VDV_DJ": null,
            "POV_KM2": 212.59,
            "D_OD": "2021/03/19",
            "DV_OD": "2021/03/19",
            "N8": null,
            "C1": null,
            "STATUS": "V",
            "CEN_E": 588231,
            "CEN_N": 141623
          }
        },
        {
          "type": "Polygon",
          "arcs": [[-241, 244, 245, 246, 247, -242, 248]],
          "bbox": [16.0118172, 46.4662449, 16.3148092, 46.6076348],
          "properties": {
            "ENOTA": "VO",
            "VDV_MID": 10859131,
            "VDV_ID": 8003,
            "VDV_UIME": "Volilni okraj Ljutomer",
            "VDV_DJ": null,
            "POV_KM2": 175.36,
            "D_OD": "2021/03/19",
            "DV_OD": "2021/03/19",
            "N8": null,
            "C1": null,
            "STATUS": "V",
            "CEN_E": 592281,
            "CEN_N": 153713
          }
        },
        {
          "type": "Polygon",
          "arcs": [[-239, 249, 250, -246, 251]],
          "bbox": [15.9847493, 46.601342, 16.3798472, 46.8766675],
          "properties": {
            "ENOTA": "VO",
            "VDV_MID": 10859140,
            "VDV_ID": 8004,
            "VDV_UIME": "Volilni okraj Murska Sobota 1",
            "VDV_DJ": null,
            "POV_KM2": 522.1,
            "D_OD": "2021/03/19",
            "DV_OD": "2021/03/19",
            "N8": null,
            "C1": null,
            "STATUS": "V",
            "CEN_E": 584572,
            "CEN_N": 182843
          }
        },
        {
          "type": "Polygon",
          "arcs": [[-245, -240, -252]],
          "bbox": [16.0981413, 46.5539112, 16.3391125, 46.7265352],
          "properties": {
            "ENOTA": "VO",
            "VDV_MID": 10859158,
            "VDV_ID": 8005,
            "VDV_UIME": "Volilni okraj Murska Sobota 2",
            "VDV_DJ": null,
            "POV_KM2": 169.59,
            "D_OD": "2021/03/19",
            "DV_OD": "2021/03/19",
            "N8": null,
            "C1": null,
            "STATUS": "V",
            "CEN_E": 589012,
            "CEN_N": 169603
          }
        },
        {
          "type": "Polygon",
          "arcs": [[252, -247, -251, 253, 254, 255]],
          "bbox": [15.7866487, 46.5127697, 16.1088333, 46.7223819],
          "properties": {
            "ENOTA": "VO",
            "VDV_MID": 10859166,
            "VDV_ID": 8006,
            "VDV_UIME": "Volilni okraj Gornja Radgona",
            "VDV_DJ": null,
            "POV_KM2": 213.49,
            "D_OD": "2021/03/19",
            "DV_OD": "2021/03/19",
            "N8": null,
            "C1": null,
            "STATUS": "V",
            "CEN_E": 575942,
            "CEN_N": 171103
          }
        },
        {
          "type": "Polygon",
          "arcs": [[-256, 256, -229, 257]],
          "bbox": [15.7504788, 46.4945187, 15.9810634, 46.7012134],
          "properties": {
            "ENOTA": "VO",
            "VDV_MID": 10859174,
            "VDV_ID": 8007,
            "VDV_UIME": "Volilni okraj Lenart",
            "VDV_DJ": null,
            "POV_KM2": 204.55,
            "D_OD": "2021/03/19",
            "DV_OD": "2021/03/19",
            "N8": null,
            "C1": null,
            "STATUS": "V",
            "CEN_E": 563802,
            "CEN_N": 159754
          }
        },
        {
          "type": "Polygon",
          "arcs": [[-257, -255, 258, -211, -232, -224, -234, -230]],
          "bbox": [15.5424465, 46.5597459, 15.8061837, 46.7075593],
          "properties": {
            "ENOTA": "VO",
            "VDV_MID": 10859182,
            "VDV_ID": 8008,
            "VDV_UIME": "Volilni okraj Pesnica",
            "VDV_DJ": null,
            "POV_KM2": 189.83,
            "D_OD": "2021/03/19",
            "DV_OD": "2021/03/19",
            "N8": null,
            "C1": null,
            "STATUS": "V",
            "CEN_E": 543222,
            "CEN_N": 167065
          }
        },
        {
          "type": "Polygon",
          "arcs": [[259, 260, -243, -248, -253, -258, -228, -222, 261]],
          "bbox": [15.7750508, 46.3612871, 16.0585764, 46.5526767],
          "properties": {
            "ENOTA": "VO",
            "VDV_MID": 10859212,
            "VDV_ID": 8009,
            "VDV_UIME": "Volilni okraj Ptuj 1",
            "VDV_DJ": null,
            "POV_KM2": 240.49,
            "D_OD": "2021/03/19",
            "DV_OD": "2021/03/19",
            "N8": null,
            "C1": null,
            "STATUS": "V",
            "CEN_E": 573381,
            "CEN_N": 146864
          }
        },
        {
          "type": "Polygon",
          "arcs": [[-221, 262, -262]],
          "bbox": [15.7916383, 46.382778, 15.9403235, 46.4571134],
          "properties": {
            "ENOTA": "VO",
            "VDV_MID": 10859247,
            "VDV_ID": 8010,
            "VDV_UIME": "Volilni okraj Ptuj 2",
            "VDV_DJ": null,
            "POV_KM2": 46.35,
            "D_OD": "2021/03/19",
            "DV_OD": "2021/03/19",
            "N8": null,
            "C1": null,
            "STATUS": "V",
            "CEN_E": 566941,
            "CEN_N": 142604
          }
        },
        {
          "type": "Polygon",
          "arcs": [[-260, -263, -220, -213, -206, -200, 263]],
          "bbox": [15.6649233, 46.2543682, 16.0776054, 46.4388026],
          "properties": {
            "ENOTA": "VO",
            "VDV_MID": 10859255,
            "VDV_ID": 8011,
            "VDV_UIME": "Volilni okraj Ptuj 3",
            "VDV_DJ": null,
            "POV_KM2": 359.76,
            "D_OD": "2021/03/19",
            "DV_OD": "2021/03/19",
            "N8": null,
            "C1": null,
            "STATUS": "V",
            "CEN_E": 556541,
            "CEN_N": 138664
          }
        }
      ],
      "bbox": [13.3754641, 45.4211646, 16.5967003, 46.8766675]
    }
  },
  "arcs": [
    [
      [9579, 69825],
      [0, -92],
      [-13, -30],
      [12, -98],
      [-16, -41],
      [-45, -35],
      [-23, -64],
      [-27, -21],
      [-7, -96],
      [-7, -28],
      [42, -36],
      [6, -26],
      [-12, -64],
      [-46, -66],
      [3, -41],
      [-11, -50],
      [-23, -44],
      [-71, -50],
      [-2, -49],
      [55, -62],
      [5, -36],
      [27, -47],
      [25, -18],
      [31, -128],
      [21, -8],
      [37, 5],
      [20, 45],
      [18, 1],
      [44, 70],
      [30, 22],
      [24, 35],
      [18, 49],
      [59, 31],
      [48, -23],
      [59, 22],
      [14, 34],
      [18, 9],
      [-2, 25],
      [22, 24],
      [36, 14],
      [44, 50],
      [9, -2],
      [53, 38],
      [75, 4],
      [24, 18],
      [21, -20],
      [40, 15],
      [20, -29],
      [41, 41],
      [49, 36],
      [19, 32],
      [27, 7],
      [34, 53],
      [26, -2],
      [26, 31],
      [48, 18],
      [26, 35],
      [17, -23],
      [14, 12],
      [10, -28],
      [34, 19],
      [37, 48],
      [47, 27],
      [15, 70],
      [-8, 17],
      [40, 50],
      [19, 48],
      [31, 37],
      [27, 54],
      [33, 20],
      [15, 41],
      [41, 46],
      [37, -9],
      [23, 54],
      [17, 14],
      [27, -16],
      [39, 68],
      [129, 13],
      [108, 86],
      [10, -36],
      [2, -58],
      [24, -49],
      [16, -57],
      [87, -90],
      [55, -10],
      [44, -39],
      [6, -87],
      [16, -44],
      [26, -40],
      [-3, -43],
      [14, -8],
      [-4, -33],
      [31, -100],
      [28, -47],
      [3, -53],
      [51, -43],
      [6, -20],
      [60, -64],
      [33, -23],
      [93, -84],
      [54, -12],
      [57, -21],
      [18, 10],
      [28, 41],
      [39, -4],
      [39, -14],
      [16, 12],
      [39, -4],
      [26, 22],
      [44, 14],
      [3, -60],
      [25, -57],
      [46, -46],
      [20, 8],
      [19, 31],
      [40, 6],
      [30, -17],
      [8, -26],
      [35, -8],
      [33, 46],
      [60, -41],
      [11, -45],
      [38, -29],
      [2, -27],
      [60, -71],
      [33, -1],
      [60, -60],
      [33, -25],
      [61, -21],
      [17, -43],
      [82, -92],
      [13, -43],
      [-29, -116],
      [45, -10],
      [55, 42],
      [13, -15],
      [38, 7],
      [52, -43],
      [11, -34],
      [13, -132],
      [41, -90],
      [34, -13],
      [47, 0],
      [42, 41],
      [61, 30],
      [41, -28],
      [14, 11],
      [45, -29],
      [37, -2],
      [16, -18],
      [26, -75],
      [36, -77],
      [-42, -106],
      [-28, -92],
      [-5, -34],
      [27, -33],
      [3, -151],
      [15, -70],
      [19, -13],
      [-11, -106],
      [-14, -50],
      [22, -58],
      [46, -51],
      [21, -36],
      [-8, -25],
      [32, -94],
      [-17, -35],
      [6, -14],
      [0, -90],
      [-20, -42],
      [8, -50],
      [-5, -30],
      [-37, -11],
      [-6, -25],
      [16, -69],
      [-1, -39],
      [18, -49],
      [49, -43],
      [10, -29],
      [23, -14],
      [11, -32],
      [56, -91],
      [14, -6],
      [49, -107],
      [62, -116],
      [16, 11],
      [85, -36],
      [91, 46],
      [54, 73],
      [21, -63],
      [42, 19],
      [5, -12],
      [50, -23],
      [7, -22],
      [4, -88],
      [23, -111]
    ],
    [
      [14318, 65758],
      [206, -105],
      [170, 129],
      [97, 83],
      [423, 390],
      [481, 445],
      [397, 257],
      [153, 155],
      [251, 385],
      [46, 19],
      [358, 165],
      [195, -7],
      [49, 101],
      [19, 24],
      [4, 29],
      [36, 61],
      [11, 85],
      [-12, 53],
      [-1, 45],
      [30, 135],
      [20, 30],
      [1, 67],
      [8, 42],
      [48, 89],
      [38, 117],
      [21, 99],
      [49, 149],
      [71, 96],
      [2, 31],
      [28, 64],
      [16, 68],
      [35, 17],
      [92, 76],
      [111, 31],
      [41, 34],
      [43, 20],
      [42, -1],
      [19, 13],
      [49, 1],
      [87, 69],
      [71, 2],
      [42, 17],
      [43, -3],
      [45, -27],
      [74, -27],
      [17, 9],
      [27, 45],
      [11, -3],
      [21, -62],
      [44, -12],
      [22, 72],
      [22, 154],
      [25, 220],
      [-15, 68],
      [-42, 142],
      [46, 109],
      [115, 112],
      [97, -78],
      [31, -11],
      [33, 19],
      [65, -21],
      [94, -72],
      [47, 61],
      [32, -26],
      [313, -72],
      [38, -3],
      [110, -251],
      [24, -33],
      [44, -31],
      [40, 8],
      [63, -41],
      [51, -69],
      [37, -4],
      [15, -52],
      [51, -88],
      [27, -15],
      [83, -26],
      [214, -150],
      [95, 52],
      [32, -38],
      [58, -10],
      [33, -63],
      [70, -76],
      [36, -50],
      [33, -11],
      [45, 35],
      [52, -3],
      [21, 28],
      [37, 25],
      [59, -10],
      [35, -76],
      [27, -85],
      [11, -90],
      [13, -39],
      [116, -29],
      [141, -45],
      [67, -38],
      [43, -9],
      [74, -41],
      [21, -46],
      [46, -46],
      [28, -46],
      [74, -71],
      [41, -31],
      [91, -21],
      [57, -89],
      [-11, -25],
      [39, -56],
      [26, -53],
      [74, -34],
      [24, -43],
      [22, -10],
      [3, -31],
      [29, -31],
      [4, 16],
      [38, -53],
      [1, -18],
      [39, -23],
      [27, -27],
      [3, -34],
      [25, -30],
      [4, -40],
      [37, 7],
      [26, -18],
      [-18, -23],
      [30, -31],
      [52, -73],
      [-43, -34],
      [-9, -40],
      [19, -110],
      [34, -44],
      [29, -56],
      [26, -13],
      [23, -27],
      [44, 12],
      [26, -8],
      [80, -63],
      [12, -82],
      [27, 10],
      [21, 47],
      [43, 45],
      [21, -5],
      [15, 25],
      [27, 6],
      [45, 28],
      [58, 3],
      [53, 52],
      [30, -28],
      [38, 11],
      [9, 42],
      [46, 28],
      [41, 69],
      [40, -29],
      [41, 3],
      [25, 65],
      [49, 52],
      [69, 28],
      [35, 38],
      [48, -10],
      [56, -63],
      [78, -41],
      [8, -26],
      [1, -75],
      [33, -65],
      [-13, -137],
      [-23, -94],
      [-11, -75],
      [-48, -214],
      [-45, -38],
      [-32, -78],
      [-41, -71],
      [-15, -62],
      [54, -60],
      [22, -66],
      [-3, -117],
      [8, -30],
      [24, -28],
      [23, -4],
      [33, 17],
      [54, 49],
      [31, -8],
      [7, -202],
      [18, -63],
      [21, -37],
      [34, -109],
      [6, -66],
      [19, -71],
      [55, -73],
      [27, -18],
      [58, -18],
      [23, -15],
      [-5, -30],
      [-39, -103],
      [-13, -108],
      [-12, -71],
      [0, -42],
      [16, -67],
      [27, -31],
      [46, -25],
      [26, -39],
      [1, -56]
    ],
    [
      [23590, 65112],
      [17, -1],
      [25, 24],
      [47, 64],
      [88, 136],
      [77, 132],
      [151, 267],
      [37, 70],
      [114, 202],
      [32, -33],
      [51, 88],
      [78, -97],
      [57, -44],
      [3, 7],
      [49, -40],
      [30, -42],
      [37, -66],
      [56, 72],
      [29, -80],
      [75, -1],
      [72, -80],
      [94, -210],
      [27, -56],
      [55, -62],
      [22, 46],
      [-26, 36],
      [16, 44],
      [-62, 57],
      [13, 29],
      [47, 7],
      [20, 33],
      [-1, 57],
      [-12, 36],
      [20, 8],
      [50, 46],
      [-3, 20],
      [-43, 7],
      [21, 91],
      [-7, 11],
      [56, -22],
      [52, -46],
      [22, 9],
      [-68, 70],
      [42, -22],
      [26, -29],
      [-20, 41],
      [-45, 22],
      [13, 38],
      [29, -23],
      [17, 31],
      [-24, 13],
      [20, 40],
      [-31, 28],
      [2, 29],
      [110, 106],
      [-15, -158],
      [-9, -157],
      [158, 167],
      [60, 124],
      [-2, 39],
      [-27, 48],
      [29, 50],
      [24, 61],
      [-3, 84],
      [-13, 61],
      [-15, 27],
      [19, 101],
      [2, 135],
      [6, 61],
      [-6, 38],
      [-20, 51],
      [-21, 20],
      [18, 72],
      [18, 22],
      [2, 39],
      [13, 40],
      [2, 51],
      [33, 36],
      [5, 95],
      [44, 32],
      [32, -12],
      [32, 90],
      [-3, 28],
      [20, 96],
      [84, 50],
      [65, 262],
      [12, 90],
      [62, 218],
      [106, 234],
      [56, 90],
      [96, 74],
      [112, 114],
      [153, 98],
      [247, -8],
      [114, 29]
    ],
    [
      [26637, 68767],
      [21, 22],
      [70, 440],
      [35, 198],
      [-12, 37]
    ],
    [
      [26751, 69464],
      [-32, 51],
      [-24, 5],
      [-52, 32],
      [-55, 2],
      [-33, 22],
      [-24, 57],
      [-62, 43],
      [-35, 39],
      [-35, 80],
      [-3, 32],
      [-20, 30],
      [-10, 39],
      [-34, 84],
      [5, 43],
      [-21, 39],
      [-31, 36],
      [-14, 36],
      [-63, 36],
      [-8, 47],
      [-9, -25],
      [-43, 10],
      [-23, -27],
      [-38, 41],
      [-32, -10],
      [-4, -51],
      [-42, -29],
      [1, -36],
      [-21, -49],
      [-2, -43],
      [-70, -28],
      [-25, 18],
      [-23, -4],
      [-6, -19],
      [-28, -14],
      [-35, 15],
      [-41, -5],
      [-19, 34],
      [-27, -16],
      [-77, 65],
      [-56, -10],
      [-17, 23],
      [-13, -9],
      [-38, 38],
      [-46, -15],
      [-25, 39],
      [-4, 35],
      [-40, 0],
      [-42, 26],
      [-10, 40],
      [-25, 57],
      [6, -121],
      [-24, -38],
      [-29, -7],
      [-8, -59],
      [-24, -30],
      [-13, 11],
      [-34, -43],
      [-66, -45],
      [-57, -60],
      [-16, -3],
      [-33, 27],
      [-30, -30],
      [-34, -58],
      [-28, -34],
      [-15, -100],
      [-27, -71],
      [-19, -21],
      [-61, -9],
      [-41, 8],
      [-57, -14],
      [-32, -36],
      [-28, -9],
      [-37, 10],
      [-24, 24],
      [-41, -17],
      [-94, 16],
      [-20, 24],
      [-20, -6],
      [-25, 18],
      [-24, -4],
      [-36, 12],
      [-46, 30],
      [-16, 31],
      [-24, -1],
      [-55, 38],
      [-10, 57],
      [-28, 19],
      [-27, 36],
      [-11, 60],
      [-3, 137],
      [-10, 43],
      [15, 6],
      [-31, 142],
      [-7, 10],
      [-59, -10],
      [-27, 11],
      [-10, 26],
      [-21, 10],
      [-32, 36],
      [-29, 49],
      [-21, 17],
      [-7, 44],
      [-32, 17],
      [-21, -10],
      [-43, 53],
      [-14, 47],
      [1, 28],
      [-17, 37],
      [-24, -3],
      [-15, 23],
      [-23, -6],
      [-46, 62],
      [-60, 120],
      [7, 77],
      [25, 74],
      [1, 49],
      [-10, 42],
      [10, 34],
      [-10, 71],
      [-10, 12],
      [7, 87],
      [-14, 76],
      [-15, 1],
      [-20, 58],
      [3, 21],
      [-35, 75],
      [-46, 42],
      [-23, 39],
      [-8, 40],
      [-21, 42],
      [-22, 72],
      [-27, 59],
      [33, 44],
      [6, 37],
      [-115, 282],
      [-56, 129],
      [-77, 59],
      [-34, 62],
      [-7, 57],
      [9, 41],
      [33, 69],
      [-79, 23],
      [-11, 21],
      [-93, 20],
      [-16, 24],
      [-80, 51],
      [-106, 39],
      [-17, -9],
      [-46, 22],
      [-44, 38],
      [-32, 0],
      [-67, -70],
      [-19, 2],
      [-25, 32],
      [-55, 45],
      [21, 96],
      [-12, 32],
      [-27, 36],
      [-21, 8],
      [-60, 69],
      [-41, 70],
      [-4, 22],
      [-84, 41],
      [-13, 13],
      [-50, -17],
      [-51, -7],
      [-28, 54],
      [-38, 34],
      [-70, -33],
      [-56, 14],
      [-56, 32],
      [-64, -16],
      [-162, 47],
      [-41, -12],
      [-72, 24],
      [-72, 56],
      [-53, 88],
      [-22, -5],
      [-39, 11],
      [-22, 21],
      [-51, -7],
      [-85, 12],
      [-13, 38],
      [-50, 31],
      [-27, 5],
      [-23, 26],
      [-19, -4],
      [-29, 21],
      [-40, 59],
      [-6, 34],
      [-27, 9],
      [-30, -33],
      [-96, -2],
      [-50, -18],
      [-36, 7],
      [-104, 34],
      [-67, -43],
      [-4, -14],
      [-71, -34],
      [-16, -46],
      [-26, 1],
      [-62, -79],
      [-19, -35],
      [-5, -48],
      [-13, -31],
      [0, -46],
      [-12, -48],
      [-78, -12],
      [-22, 7],
      [-14, -47],
      [-42, -9],
      [-20, -61],
      [-16, 1],
      [-3, -83],
      [-12, -35],
      [-55, -39],
      [-53, -81],
      [-38, -18],
      [-28, 0],
      [-29, 18],
      [-30, -1],
      [-20, 18],
      [-53, 18],
      [-51, -10],
      [-57, 0],
      [-51, -30],
      [-44, -12],
      [-47, -2],
      [-86, 92],
      [-47, 79],
      [-14, 39],
      [-50, 61],
      [-36, 75],
      [-33, 39],
      [-14, -1],
      [-84, 45],
      [-33, 3],
      [-33, -22],
      [-29, 16],
      [-67, 53],
      [5, 33],
      [-15, 100],
      [5, 56],
      [-17, 51],
      [-2, 74],
      [-55, 9],
      [-34, 21],
      [-54, 70],
      [-28, 21],
      [-11, 41],
      [-40, 22],
      [-25, 3],
      [-82, 74],
      [-78, 108],
      [-36, -29],
      [-4, -25],
      [-33, -28],
      [-44, -20],
      [-58, 16],
      [-11, -14],
      [-36, 45],
      [-37, 26],
      [-58, 78],
      [-26, 22],
      [-80, 99],
      [-24, -5],
      [-23, 47],
      [-22, 107],
      [-52, 39],
      [-46, 77],
      [-33, 20],
      [-18, -6],
      [-61, 98],
      [-22, 14],
      [6, 63],
      [-53, 17],
      [-27, -4],
      [-42, 35],
      [-43, 66],
      [-18, 40],
      [-19, -3],
      [-39, 55],
      [-11, 28],
      [-45, 49],
      [-63, 11],
      [-60, -11],
      [-28, 5],
      [-17, 47],
      [-90, 32],
      [-107, 71],
      [-45, -10],
      [-4, 9],
      [-50, 5],
      [-21, 19],
      [-31, 115],
      [-29, 85],
      [-76, 118],
      [-38, 9],
      [-43, 25],
      [-18, 26],
      [-63, 1],
      [-65, 29],
      [-14, 20],
      [-100, 58],
      [-20, -4],
      [-29, -34],
      [-48, 3],
      [-12, -37],
      [-54, -53],
      [-8, 8],
      [-42, -13],
      [-37, -25],
      [-65, 16],
      [-19, -21],
      [-29, 23],
      [-20, -9],
      [-38, 18],
      [-23, -12],
      [-63, 16],
      [-25, 56],
      [-36, 24],
      [-40, 48],
      [-35, 1],
      [-51, -31],
      [-32, 3],
      [-57, 23],
      [-35, 38],
      [-63, 24],
      [-29, 37],
      [-21, 13],
      [-17, -30],
      [-34, -116],
      [0, -27],
      [-30, -59],
      [-18, -18],
      [-22, 21],
      [-29, 4],
      [-73, -54],
      [-73, 31],
      [-31, 3],
      [-82, -65],
      [-55, -17],
      [-34, -36],
      [-61, -99],
      [-23, -17],
      [-27, -50],
      [-43, 6],
      [-11, 14],
      [-25, -41],
      [-55, -45],
      [-86, -17],
      [-42, 11],
      [-17, 19],
      [-41, 13],
      [-111, -22],
      [-110, 55],
      [-30, 32],
      [-62, 36],
      [-53, -18],
      [-27, 19],
      [-46, 4],
      [-38, 27],
      [-38, 38],
      [-36, 72],
      [1, 27],
      [-64, 19],
      [-30, -2],
      [-39, -31],
      [-15, -50],
      [-30, -38],
      [6, -60],
      [12, -55],
      [-48, -77],
      [-17, -38],
      [-56, -29],
      [-71, -12],
      [-38, -30],
      [-17, -42],
      [-12, -98],
      [-30, -15],
      [-33, 5],
      [-46, -18],
      [-26, -51],
      [-15, -82],
      [-31, -54],
      [-40, -33],
      [-37, -15],
      [-10, -33],
      [-44, -15],
      [-90, 26],
      [-62, 44],
      [-40, 0],
      [-76, -34],
      [-26, 6],
      [-94, -9],
      [-43, -28],
      [-52, -45],
      [-24, -4],
      [-23, 25],
      [-17, 53],
      [-9, 51],
      [-28, 48],
      [-58, -21],
      [-49, 44],
      [-48, 62],
      [-29, 65],
      [-32, 41],
      [-17, 5],
      [-25, 34],
      [-17, 5],
      [-92, 53],
      [-14, 62],
      [1, 53],
      [-18, 113],
      [-18, 50],
      [3, 67],
      [-19, 17],
      [-43, -2],
      [-10, 17],
      [-41, -80],
      [-21, -30],
      [-58, 5],
      [-38, 20],
      [-110, -53],
      [-6, -34],
      [-37, -41],
      [-29, 14],
      [-173, 139],
      [-20, 1],
      [-54, 49],
      [-21, 2],
      [-89, 37],
      [-158, -39],
      [-39, -15],
      [-26, 18],
      [-37, 0],
      [-32, -24],
      [-52, -9],
      [-22, 5],
      [-93, -7],
      [-53, 6],
      [-66, 65],
      [-40, 15],
      [-38, 72],
      [-39, 38],
      [-66, 45],
      [-98, 103],
      [-12, 79],
      [-93, -3],
      [-43, 24],
      [-16, -17],
      [-99, -41],
      [-44, 13],
      [-31, -20],
      [-40, 13],
      [8, -43],
      [63, -431],
      [23, -107],
      [-4, -58],
      [8, -20],
      [-2, -54],
      [-23, -59],
      [-3, -62],
      [-15, -55],
      [4, -61],
      [23, -127],
      [-11, -53],
      [-28, -33],
      [-48, -26],
      [-68, -22],
      [-237, -235],
      [-12, -21],
      [-14, -64],
      [13, -3],
      [-20, -47],
      [-16, -65],
      [41, -56],
      [-2, -49],
      [-17, -68],
      [-1, -40],
      [56, -44],
      [-5, -50],
      [12, -30],
      [3, -85],
      [7, -41],
      [-24, -4],
      [-19, -74],
      [7, -30],
      [-10, -107],
      [3, -153],
      [-24, -21],
      [12, -57],
      [-23, -16],
      [12, -59],
      [78, -61],
      [4, 26],
      [36, -60],
      [25, -19],
      [2, -19],
      [39, -51],
      [26, 3],
      [-28, -114],
      [-24, -36],
      [-47, -105],
      [-18, -13],
      [-50, -63],
      [-46, -43],
      [-37, -58],
      [-10, -49],
      [-18, -10],
      [-28, -74],
      [-21, -91],
      [-7, -78],
      [-18, -2],
      [-76, -124],
      [-29, -39],
      [-4, -27],
      [-51, -26],
      [7, -128],
      [-7, -51],
      [5, -52],
      [43, -50],
      [5, -28],
      [31, -50],
      [2, -61],
      [13, -104],
      [17, -7],
      [22, -57],
      [-8, -89],
      [15, -7],
      [15, -87],
      [-15, -38],
      [-34, -128],
      [0, -46],
      [-25, -28],
      [2, -18],
      [-22, -32],
      [1, -28],
      [-23, -56],
      [-13, -96],
      [-12, -19],
      [-18, -149],
      [7, -50],
      [14, -38],
      [-12, -32],
      [0, -71],
      [-9, -55],
      [-45, -46],
      [-12, -55],
      [-40, -74],
      [-22, -28],
      [-19, -62],
      [-33, 31],
      [-14, -46],
      [-43, -15],
      [-20, 8],
      [-22, -23],
      [-8, -97],
      [-22, -30]
    ],
    [
      [19176, 56043],
      [14, 30],
      [38, -9],
      [42, 32],
      [23, -28],
      [40, 34],
      [5, 34],
      [33, 7],
      [16, 49],
      [-131, 252],
      [260, 73],
      [80, 29],
      [129, 198],
      [214, 28],
      [221, 111],
      [86, 13],
      [21, 43],
      [47, 140],
      [95, -65],
      [69, -63],
      [57, 2],
      [254, -128],
      [24, -10],
      [102, -73],
      [27, -66],
      [106, -133],
      [22, -8],
      [77, -87],
      [28, 39],
      [35, 7],
      [90, -4],
      [134, -114],
      [66, -111],
      [44, 5],
      [23, -47],
      [163, 47],
      [91, -122],
      [17, -3],
      [10, -61],
      [26, -43],
      [32, -14],
      [17, 31],
      [34, -8],
      [93, 4],
      [37, 40],
      [54, 0],
      [27, -25],
      [66, 24],
      [27, 1],
      [19, 39],
      [46, 176],
      [24, 74],
      [-20, 134],
      [-62, 292],
      [-24, 109],
      [51, 384],
      [1, 18],
      [48, 191],
      [2, 110],
      [10, 237],
      [-27, 233],
      [39, 111],
      [42, 57],
      [5, 17],
      [28, 198],
      [-32, 67],
      [-41, 183],
      [28, 156],
      [104, 128],
      [42, 56],
      [30, -7],
      [11, -20],
      [49, 36],
      [79, 16],
      [31, 122]
    ],
    [
      [22744, 59211],
      [135, 262],
      [-110, 110],
      [-22, 3],
      [-9, 47],
      [5, 46],
      [-9, 81],
      [-20, 66],
      [-28, 65],
      [-3, 50],
      [7, 62],
      [-3, 65],
      [-10, 69],
      [1, 170],
      [36, 181],
      [32, 58],
      [60, 209],
      [6, 57],
      [27, 175],
      [0, 89],
      [5, 49],
      [-12, 171],
      [5, 85],
      [22, 99],
      [121, 142],
      [37, -43],
      [57, -3],
      [13, 21],
      [27, -17],
      [72, 26],
      [9, 41],
      [19, 24],
      [11, 47],
      [13, -10],
      [99, 74],
      [19, 1],
      [23, 95],
      [48, 47],
      [-7, 29],
      [24, 25],
      [3, 52],
      [-12, 69],
      [-27, 44],
      [24, 16],
      [-58, 84],
      [5, 19],
      [-20, 18],
      [-6, 28],
      [-26, -3],
      [-1, 54],
      [32, 55],
      [53, 43],
      [27, 131],
      [-7, 74],
      [-21, 73],
      [-2, 46],
      [-13, 38],
      [11, 22],
      [51, 14],
      [44, 32],
      [66, 12],
      [54, 51],
      [115, -31],
      [52, -23],
      [20, 6],
      [25, 58],
      [42, 113],
      [-4, 21],
      [44, 71],
      [23, 101],
      [32, -15],
      [62, -60],
      [69, -7],
      [58, 53],
      [8, 37],
      [26, 38],
      [2, 73],
      [12, 38],
      [-54, 4],
      [-41, 55],
      [-10, 61],
      [5, 116],
      [19, 77],
      [-3, 47],
      [-11, 44],
      [-29, 56],
      [-73, 56],
      [-57, 15],
      [-56, -41],
      [-30, 15],
      [-14, 44],
      [4, 41],
      [29, 54],
      [64, 35],
      [17, 17],
      [12, 38],
      [-7, 54],
      [-67, 51],
      [-50, 53],
      [-46, 93],
      [-27, 135],
      [0, 124],
      [-10, 24],
      [-31, 141],
      [-27, 36],
      [-21, 3],
      [-56, -58],
      [-44, -25],
      [-26, 10],
      [-15, 27],
      [-11, 48],
      [0, 56],
      [7, 60],
      [42, 122]
    ],
    [
      [14318, 65758],
      [-13, -157],
      [-144, -384],
      [-54, -132],
      [-98, -283],
      [-183, -106],
      [-25, -44],
      [-26, 3],
      [-13, -20],
      [-15, 10],
      [-39, -28],
      [-42, -83],
      [-8, -91],
      [-61, -18],
      [-39, 50],
      [-61, 15],
      [-33, 22],
      [-35, -24],
      [-25, 9],
      [-19, -74],
      [-21, -30],
      [-7, -54],
      [-24, -39],
      [-29, 11],
      [-25, -44],
      [-23, -75],
      [-252, 90],
      [-77, -35],
      [-89, -60],
      [-16, -37],
      [3, -33],
      [-49, -118],
      [-33, 81],
      [-30, 4],
      [6, -50],
      [-10, -54],
      [-28, -53],
      [-48, -9],
      [9, -49],
      [-7, -38],
      [-24, -24],
      [-36, -11],
      [-35, -49],
      [-21, -55],
      [-4, -31],
      [-70, -49],
      [-15, -20],
      [-67, -27],
      [-42, 2],
      [-31, -26],
      [-15, 4],
      [-29, -25],
      [-39, -56],
      [-25, -57],
      [-48, -33],
      [-3, -22],
      [-31, -38],
      [-115, -53],
      [-18, 19],
      [-54, -10],
      [-57, -2],
      [-26, -15],
      [-42, 17],
      [-43, -28],
      [-28, -68],
      [-17, -22],
      [-12, -43],
      [-20, -16],
      [-18, -48],
      [-11, -68],
      [-31, 14],
      [-56, -7],
      [-54, -37],
      [-37, 2],
      [-10, -71],
      [11, -72],
      [-13, -69],
      [-70, -80],
      [-16, -2],
      [-28, -31],
      [23, -57],
      [-1, -87],
      [-13, -94],
      [19, -22],
      [5, -68],
      [-11, -39],
      [5, -80],
      [-4, -72],
      [11, -64],
      [2, -88],
      [11, -75],
      [23, 8],
      [22, -17],
      [15, -56],
      [0, -65],
      [17, -5],
      [-3, -121],
      [5, -30],
      [37, -54],
      [-7, -24],
      [17, -43],
      [-14, -186],
      [0, -84],
      [-40, -73],
      [-11, -78],
      [-23, -29],
      [-37, -15],
      [-27, -41],
      [-20, -57],
      [-34, -36],
      [-3, -22],
      [-57, -64],
      [-31, -17],
      [-30, 12],
      [-32, -40],
      [2, -23],
      [-21, -11],
      [-4, -47],
      [-17, 9],
      [-10, -31],
      [-18, 9],
      [15, -36],
      [-42, -84],
      [-5, -46],
      [-9, 3],
      [-9, -47],
      [-52, -22],
      [-20, 0],
      [-31, -64],
      [-20, -1],
      [-27, -39],
      [-27, -54],
      [-13, -58],
      [4, -50],
      [59, -69],
      [4, -23],
      [42, -9],
      [8, -24],
      [32, -32],
      [38, -63],
      [36, -14],
      [26, -57],
      [0, -23],
      [-22, -13],
      [8, -40],
      [-21, -18],
      [2, -98],
      [21, -29],
      [-50, -12],
      [0, -71],
      [-16, -35],
      [-3, -61],
      [18, -39],
      [-8, -35],
      [32, -108],
      [91, -115],
      [25, -53],
      [24, -93],
      [-5, -95],
      [-11, -36],
      [6, -29],
      [32, -60],
      [13, -48],
      [32, 8],
      [24, 47],
      [31, 17],
      [21, -54],
      [34, -29],
      [69, -74],
      [30, -10],
      [42, -114],
      [37, -26],
      [32, -82],
      [12, -48],
      [-8, -33],
      [16, -59],
      [2, -54],
      [24, -45],
      [-1, -38],
      [22, -76],
      [63, -75],
      [12, -50],
      [10, -87],
      [33, -110],
      [19, -15],
      [21, 5],
      [47, -78],
      [50, -27],
      [38, -4],
      [82, 25],
      [55, 53],
      [24, 0],
      [27, 33],
      [24, 0],
      [12, -21],
      [34, -16],
      [14, 9],
      [21, -35],
      [53, -49],
      [25, -42],
      [40, -32],
      [35, -8],
      [20, -88],
      [2, -36],
      [25, -34],
      [5, -38],
      [18, -35],
      [78, -59],
      [43, -18],
      [21, -35],
      [16, -48],
      [17, -92],
      [39, -18],
      [41, -42],
      [68, -6],
      [96, -116],
      [36, -16],
      [39, -48],
      [20, -50],
      [39, -42],
      [35, -2],
      [24, -41],
      [22, -12],
      [25, -36],
      [59, -11],
      [14, -20],
      [44, -28],
      [40, -14],
      [-1, -29],
      [27, -6],
      [12, -18],
      [20, -102],
      [21, -22],
      [26, -61],
      [39, -67],
      [20, -18],
      [50, 5],
      [11, -21],
      [47, -41],
      [25, -45],
      [13, 10],
      [71, 2],
      [58, 37],
      [29, 7],
      [23, -45],
      [81, 47],
      [45, 5],
      [46, -7],
      [21, -18],
      [116, -16],
      [42, 37],
      [64, -12],
      [23, -20],
      [58, -22],
      [19, -36],
      [59, -57],
      [59, -27],
      [26, -69],
      [12, 10],
      [19, -24],
      [28, -7],
      [40, 14],
      [16, -5],
      [57, -174],
      [71, 21],
      [44, -3],
      [73, -21],
      [20, 24],
      [27, -14],
      [-7, -103],
      [32, -22],
      [25, -37],
      [6, -35],
      [20, -11],
      [2, -33],
      [19, -38],
      [51, -18],
      [56, -41],
      [12, 27],
      [49, 57],
      [29, 11],
      [45, -65],
      [21, -46],
      [15, -12],
      [63, -8],
      [80, -51],
      [48, -10],
      [43, -32],
      [31, 16],
      [52, -42],
      [45, 21],
      [33, 48],
      [34, 17],
      [12, 21],
      [30, 6],
      [40, 35],
      [42, -11],
      [50, 47],
      [26, 36],
      [40, -18],
      [25, -81],
      [24, -34],
      [51, -35],
      [52, -52],
      [25, -11],
      [61, 0],
      [48, 15],
      [18, 29],
      [23, 0],
      [11, 46],
      [36, 15],
      [30, 36],
      [16, 42],
      [56, 97],
      [31, 40],
      [56, -12],
      [35, 12],
      [22, -9],
      [58, 10],
      [13, -31],
      [33, -32],
      [44, -16],
      [11, -19],
      [28, -3],
      [42, 71],
      [43, 15],
      [31, 32],
      [35, -17],
      [8, -19],
      [34, -20],
      [51, -9],
      [53, 27],
      [48, 5],
      [47, 33],
      [46, -37],
      [33, -4],
      [45, 33],
      [60, 23],
      [6, 23],
      [15, -28],
      [62, -6],
      [70, 74],
      [108, -38],
      [81, 5],
      [54, 16],
      [37, 25],
      [28, 3],
      [32, -26],
      [3, 26],
      [26, 66],
      [59, 93],
      [42, 20],
      [71, 100],
      [6, 44],
      [24, 12],
      [71, 12],
      [17, 15],
      [40, 2],
      [60, -80],
      [26, -8],
      [22, -60],
      [55, -58],
      [8, 5],
      [43, -67],
      [31, 5],
      [34, 34],
      [52, 18],
      [17, 31],
      [35, 27],
      [24, -23],
      [25, 6],
      [20, 32],
      [24, 10],
      [34, 40],
      [4, 29],
      [25, 20],
      [25, 49],
      [58, -12],
      [14, 72],
      [51, -35],
      [40, -45],
      [28, 11],
      [105, 16],
      [67, 4],
      [84, -13],
      [59, -32]
    ],
    [
      [22744, 59211],
      [82, -9],
      [105, -99],
      [24, -29],
      [156, -7],
      [50, -22],
      [75, 19],
      [181, 20],
      [20, -39],
      [204, -196],
      [64, -104],
      [208, -63],
      [19, -19],
      [53, -9],
      [53, -21],
      [64, 15],
      [30, -7],
      [133, 91],
      [16, 50],
      [14, 11],
      [12, 40],
      [64, 52],
      [47, 93],
      [25, 1],
      [30, -35]
    ],
    [
      [24473, 58944],
      [33, 48],
      [95, 25],
      [31, -5],
      [26, 15],
      [31, -4],
      [31, 25],
      [37, 10],
      [48, 26],
      [23, 0],
      [34, 37],
      [87, -25],
      [39, -46],
      [12, -56],
      [24, -44],
      [33, -35],
      [20, -47],
      [58, 3],
      [28, -10],
      [26, -31],
      [30, 0],
      [37, 28],
      [33, 10],
      [18, -15],
      [44, 21],
      [27, -86],
      [44, -53],
      [28, 1],
      [15, -30],
      [34, 29],
      [-8, 43],
      [33, 34],
      [41, -5],
      [36, 40],
      [54, -11],
      [8, 75],
      [21, 27],
      [1, 38],
      [15, 68],
      [54, 56],
      [35, 46],
      [86, -59],
      [-38, -9],
      [12, -64],
      [-27, -90],
      [25, -56],
      [-12, -17],
      [21, -74],
      [3, -39],
      [-15, -62],
      [15, -29],
      [40, 27],
      [110, 45],
      [38, 47],
      [4, 21],
      [23, -26],
      [19, 11],
      [51, -75],
      [30, -16],
      [7, 11],
      [45, -4],
      [17, 83],
      [20, 47],
      [26, -34],
      [31, 29],
      [8, -14],
      [-6, -52],
      [20, -132],
      [17, -77],
      [48, -33],
      [5, -25],
      [27, 4],
      [44, -15],
      [70, -44],
      [-18, -109],
      [-19, 11],
      [-12, -64],
      [23, -3],
      [6, -84],
      [35, 77],
      [10, -15],
      [13, 37],
      [42, 26],
      [18, -6],
      [-4, 37],
      [-20, 46],
      [36, 19],
      [17, 73],
      [32, 13],
      [6, -28],
      [-15, -53],
      [0, -46],
      [22, -13],
      [42, -59],
      [25, 17],
      [29, 49],
      [14, -9],
      [-2, 35],
      [45, -2],
      [25, 22],
      [32, 6],
      [21, -28],
      [21, 6],
      [27, -17],
      [37, 19],
      [-2, 21],
      [21, 72],
      [45, -39],
      [-11, -16],
      [34, -12],
      [2, -23],
      [47, -29],
      [46, 50],
      [28, 1],
      [13, 34],
      [25, 5],
      [48, -14],
      [31, 11],
      [74, -50],
      [31, 18],
      [23, -15],
      [15, 21],
      [57, 0],
      [49, -17],
      [30, -32],
      [25, 73],
      [21, 20],
      [9, -14],
      [24, 46],
      [28, -19],
      [64, -3],
      [28, 8],
      [15, 36]
    ],
    [
      [27861, 58515],
      [-62, 73],
      [-76, 123],
      [-61, 109],
      [-8, 23],
      [-7, 130],
      [-19, 136],
      [-24, 118],
      [-18, 55],
      [-12, 210],
      [-11, 54],
      [-28, 82],
      [-46, 198],
      [-18, 57],
      [-11, 94],
      [-2, 94],
      [5, 162],
      [6, 68],
      [-17, 31],
      [35, 86],
      [13, 55],
      [-21, 48],
      [13, 29],
      [24, 90],
      [8, 100],
      [26, 60],
      [-26, 15],
      [7, 27],
      [-18, 50],
      [16, 39],
      [8, 63],
      [24, 28],
      [7, 67],
      [17, 27],
      [11, 57],
      [-24, 39],
      [-12, -9],
      [-12, 40],
      [13, 46],
      [4, 112],
      [34, 20],
      [27, -15],
      [34, 29],
      [13, 31],
      [-10, 46],
      [7, 18],
      [-3, 57],
      [-24, 20],
      [-18, 48],
      [-15, 136],
      [-21, 77],
      [-35, 12],
      [-25, 27],
      [57, 70],
      [19, -20],
      [21, 27]
    ],
    [
      [27626, 61984],
      [2, 29],
      [-13, 52],
      [-47, 62],
      [-34, -5],
      [-62, 49],
      [1, 21],
      [-32, -12],
      [-28, 12],
      [-3, 34],
      [-40, 87],
      [-6, 36],
      [-24, 52],
      [1, -33],
      [-32, -4],
      [-1, 31],
      [-39, 42],
      [-33, -26],
      [-21, 21],
      [7, 122],
      [-15, 24],
      [-13, 57],
      [27, 28],
      [-13, 28],
      [-38, -64],
      [-22, 75],
      [-30, -7],
      [2, 112],
      [66, 72],
      [86, 71],
      [-6, 24],
      [28, 45],
      [36, 34],
      [6, 47],
      [32, 37],
      [60, 48],
      [63, 82],
      [39, 18],
      [-29, 63],
      [-4, 29],
      [-35, 59],
      [-19, 54],
      [3, 20],
      [-15, 60],
      [-18, 28],
      [-34, -2],
      [-42, -75],
      [-8, -68],
      [-17, -13],
      [-17, -40],
      [-72, -47],
      [-45, -98],
      [-9, -7],
      [-41, -75],
      [-1, -69],
      [-7, 17],
      [-17, -23],
      [-48, -36],
      [-12, 3],
      [18, 36],
      [5, 61],
      [40, 90],
      [14, 102],
      [-13, 19],
      [-31, -75],
      [-75, -17],
      [9, 40],
      [-18, 7],
      [8, 22],
      [-30, -2],
      [-18, 18],
      [8, 33],
      [-34, 61],
      [-16, 63],
      [-24, 8],
      [-13, 30],
      [-4, 86],
      [-22, 56],
      [5, 40],
      [-12, 37],
      [8, 32],
      [-20, 32],
      [16, 70],
      [21, 10],
      [9, 71],
      [28, 3],
      [-28, 49],
      [41, 77],
      [19, 118],
      [2, 43],
      [16, 42],
      [43, 63],
      [28, 58],
      [36, 99],
      [22, 142],
      [14, 138],
      [23, 96],
      [-32, 127],
      [44, 231],
      [15, 42],
      [13, 84],
      [-17, 9],
      [-10, 111],
      [-9, 132],
      [10, 137],
      [-39, 140],
      [112, 13],
      [31, -26],
      [-15, 345],
      [-15, 121],
      [-22, 38],
      [-1, 39],
      [-17, 42],
      [-47, 45],
      [-43, 29],
      [-40, 45],
      [18, 27],
      [15, 100],
      [-32, 43],
      [13, 32],
      [85, 41],
      [19, 50],
      [-36, 63],
      [4, 71],
      [35, 45],
      [15, 62],
      [-17, 138],
      [24, 87],
      [-3, 67],
      [-35, 39],
      [-41, 30],
      [-57, 83],
      [-19, 99],
      [-34, 97],
      [-34, 118],
      [26, 76],
      [34, 56],
      [-10, 59],
      [18, -1],
      [31, 47],
      [28, 12],
      [43, 45],
      [59, 123],
      [-47, 118],
      [-202, 273],
      [-299, 40]
    ],
    [
      [29790, 58138],
      [30, -9],
      [81, -72],
      [66, -52],
      [98, -67],
      [106, -60],
      [110, -53],
      [66, -26],
      [-11, -4],
      [-10, -120],
      [7, -116],
      [-18, -11],
      [0, -87],
      [66, 0],
      [-1, -111],
      [5, -117],
      [16, -219],
      [4, -120],
      [-5, -59],
      [5, -189],
      [-37, 11],
      [-61, -15],
      [-33, -44],
      [54, -96],
      [16, -69],
      [15, -135],
      [-11, -115],
      [-24, -55],
      [44, -173],
      [76, -135],
      [14, 86],
      [14, 117],
      [-7, 89],
      [37, 117],
      [-27, 29],
      [1, 21],
      [49, 105],
      [19, 53],
      [19, -32],
      [-9, -36],
      [34, -37],
      [62, -29],
      [-28, -76],
      [26, -57],
      [85, -92],
      [55, -52],
      [58, -39],
      [-11, -28],
      [-52, -73],
      [9, -37],
      [2, -73],
      [-58, -84],
      [-5, -43],
      [-37, -52],
      [-16, 28],
      [-78, -95],
      [-6, -29],
      [81, -73],
      [22, -29],
      [69, -195],
      [42, -109],
      [51, -74],
      [122, -42],
      [93, -61]
    ],
    [
      [31074, 54918],
      [19, 76],
      [29, 163],
      [11, -3],
      [33, 47],
      [53, 119],
      [25, 34],
      [39, -30],
      [26, 56],
      [71, 196],
      [4, 24],
      [43, -7],
      [48, 90],
      [53, 47],
      [116, 42],
      [-6, 77],
      [-13, 58],
      [-9, 81],
      [-5, 119],
      [2, 49],
      [81, -18],
      [3, 25],
      [0, 247],
      [15, 7],
      [-16, 34],
      [-1, 40],
      [87, 121],
      [-18, 229],
      [-17, -1],
      [3, 74],
      [-9, 69],
      [45, 17],
      [63, 37],
      [72, 10],
      [35, -4],
      [56, 14],
      [-24, 42],
      [-42, 46],
      [47, 75],
      [-11, 28],
      [-42, 37],
      [-41, 102],
      [-31, 136],
      [30, 104],
      [-39, 22],
      [0, 68],
      [-133, 83],
      [-23, 20],
      [-13, -18],
      [-35, 26],
      [25, 27],
      [57, 39],
      [-16, 28],
      [-61, 28],
      [-12, -2],
      [12, 54],
      [-9, 66],
      [56, 73],
      [45, -18],
      [47, -61],
      [17, -10],
      [25, 19],
      [10, 28],
      [-1, 88],
      [-6, 43],
      [10, 55],
      [-3, 30],
      [44, 2],
      [25, 18],
      [21, 41],
      [9, 60],
      [-9, 9],
      [16, 69],
      [42, 18],
      [34, -22],
      [16, 20],
      [-31, 57],
      [18, -7],
      [13, 42],
      [28, 57],
      [13, 11],
      [62, -15],
      [-14, -42],
      [11, -26],
      [106, -28],
      [66, 142],
      [-2, 75],
      [-14, 4],
      [-91, -6],
      [-23, 79],
      [-40, 112],
      [40, 145],
      [7, 41],
      [33, 89],
      [46, 183],
      [-114, 68],
      [-4, 34],
      [21, 64],
      [-69, 48],
      [-105, 34],
      [-3, 77],
      [-27, 11],
      [-49, -17],
      [-23, -19],
      [-34, 20],
      [-17, -4],
      [-27, -42],
      [3, -52],
      [-8, -27],
      [-24, -25],
      [-1, -18],
      [-42, 1],
      [-56, -43],
      [-27, -34],
      [-6, 96],
      [-98, 67],
      [-72, 71],
      [-60, -80],
      [2, -35],
      [-31, -50],
      [-13, 14],
      [-54, -60],
      [-39, -58],
      [-26, -54],
      [-52, -62],
      [-22, 17],
      [-24, -27],
      [-29, -10],
      [-32, -69],
      [-23, -34],
      [7, -60],
      [-11, -56],
      [-27, 24],
      [-24, -16],
      [-51, 164],
      [21, 46],
      [4, 78],
      [-31, 26],
      [8, 44],
      [-25, 13],
      [31, 57],
      [-28, -3],
      [-13, 25],
      [18, 72],
      [-25, -6],
      [-13, 15],
      [-11, -20],
      [-4, 37],
      [-16, -14],
      [12, 40],
      [-56, 26],
      [-17, -26],
      [-37, 73],
      [-8, 128],
      [18, 204],
      [47, 10],
      [32, -15],
      [-11, 171],
      [1, 107],
      [-71, 106],
      [-97, 135],
      [-43, 53],
      [-31, -128],
      [-28, -85],
      [-8, -146],
      [-18, -143],
      [-104, 100],
      [-69, 82],
      [-38, 36],
      [-21, -22],
      [-17, -59],
      [-24, -28],
      [-23, -61],
      [34, -39],
      [3, -22],
      [-25, -56],
      [-18, -17],
      [1, -47],
      [-12, -36],
      [-4, -72],
      [-15, -6],
      [30, -72],
      [56, -55],
      [-6, -47],
      [-54, 64],
      [22, -122],
      [8, -69],
      [-1, -71],
      [-44, -122],
      [-28, -36],
      [4, -78],
      [-28, -28],
      [12, -43],
      [-6, -49],
      [-44, -39],
      [-19, 4],
      [-27, -52],
      [-28, -2],
      [-75, -57],
      [-21, 105],
      [-27, 27],
      [-56, -20],
      [-26, 4],
      [-47, -12],
      [-49, 10],
      [-21, -10],
      [-38, 11],
      [-57, -37],
      [-35, 28],
      [-46, -34],
      [-93, -30],
      [-18, -16],
      [17, -91],
      [-54, -33],
      [65, -68],
      [75, -92],
      [25, -18],
      [61, 21],
      [67, -3],
      [39, 47],
      [41, -35],
      [-1, -24],
      [53, 30],
      [2, -180],
      [4, -177],
      [6, -126],
      [-38, -16],
      [-52, -9],
      [-1, -102],
      [-12, -72]
    ],
    [
      [29790, 58138],
      [-11, -47],
      [-9, -105],
      [-1, -109],
      [-34, -28],
      [4, -89],
      [9, -78],
      [-16, -39],
      [-44, 66],
      [-25, 20],
      [-34, 7],
      [-70, -63],
      [-10, -43],
      [14, -33],
      [5, -76],
      [-17, -11],
      [13, -64],
      [-3, -16],
      [36, -112],
      [31, -30],
      [58, -84],
      [-70, -111],
      [-77, -139],
      [14, -24],
      [-30, -7],
      [-42, 18],
      [-106, 121],
      [-50, 83],
      [-12, 107],
      [-23, 132],
      [-32, 88],
      [-38, 72],
      [-53, 82],
      [-67, 168],
      [-55, 96],
      [-69, 46],
      [-67, -1],
      [-81, 37],
      [-81, 94],
      [-26, 4],
      [-81, 51],
      [-22, 2],
      [-70, 37],
      [-59, 43],
      [-25, 34],
      [-27, 64],
      [-20, 25],
      [-95, 31],
      [-55, 39],
      [-75, 17],
      [-48, 20],
      [-44, -5],
      [-102, 11],
      [-55, 39],
      [-60, 19],
      [-22, 18]
    ],
    [
      [24473, 58944],
      [52, -85],
      [23, -18],
      [9, -38],
      [62, -49],
      [21, -5],
      [21, -45],
      [35, -24],
      [44, 12],
      [42, -4],
      [19, 27],
      [32, -4],
      [76, -49],
      [42, -22],
      [37, -69],
      [42, -21],
      [19, -25],
      [26, -7],
      [65, -84],
      [37, -36],
      [43, -96],
      [20, -21],
      [30, -146],
      [-2, -168],
      [34, -102],
      [-7, -30],
      [23, -102],
      [95, -17],
      [12, -15],
      [16, -81],
      [-12, -106],
      [16, -47],
      [-8, -49],
      [15, -76],
      [27, -50],
      [36, -133],
      [27, 52],
      [66, -11],
      [143, -31],
      [-6, -33],
      [7, -65],
      [-25, -54],
      [-5, -65],
      [-21, -33],
      [45, -81],
      [21, -24],
      [4, -41],
      [51, -9],
      [19, 10],
      [38, -30],
      [77, 29],
      [69, -3],
      [29, -15],
      [8, -33],
      [12, 45],
      [32, 1],
      [41, -26],
      [10, -29],
      [17, 21],
      [-9, 15],
      [31, 54],
      [20, 9],
      [24, -21],
      [20, -117],
      [52, 17],
      [31, 96],
      [27, 13],
      [2, 19],
      [37, -41],
      [-20, -11],
      [0, -22],
      [66, -58],
      [40, -45],
      [14, 57],
      [-17, 28],
      [29, 33],
      [-32, 25],
      [1, 63],
      [8, 43],
      [25, 52],
      [107, 15],
      [4, 39],
      [-22, 83],
      [12, 34],
      [4, -63],
      [10, -56],
      [-3, -46],
      [24, -94],
      [-2, -33],
      [11, -54],
      [27, -74],
      [97, -61],
      [29, -45],
      [29, -21],
      [36, -88],
      [27, -34],
      [43, -35],
      [31, -61],
      [61, 11],
      [28, -10]
    ],
    [
      [27076, 56350],
      [39, -10],
      [16, 28],
      [21, -1],
      [57, -39],
      [34, -3],
      [4, -27],
      [30, -50],
      [44, -53],
      [38, -33],
      [59, -9],
      [23, -32],
      [34, -18],
      [16, 11],
      [27, -17],
      [75, 5],
      [29, 17],
      [15, -13],
      [51, 55],
      [50, 2],
      [48, -56],
      [12, 0],
      [30, -43],
      [-11, -68],
      [13, -58],
      [43, -47],
      [13, -38],
      [45, -34],
      [18, -1],
      [13, 40],
      [21, -49],
      [45, -44],
      [-7, -41],
      [25, -43],
      [19, 6],
      [29, -45],
      [38, -34],
      [-3, -49],
      [-25, -106],
      [-21, 22],
      [-29, -3],
      [-24, -21],
      [-24, -47],
      [-22, -61],
      [-22, -33],
      [-2, -53],
      [-23, 13],
      [-12, -33],
      [21, -37],
      [22, 12],
      [68, -65],
      [32, -41],
      [-37, -8],
      [-53, -79],
      [20, -90],
      [-38, -25],
      [-63, 35],
      [-49, -8],
      [-33, 5],
      [-53, -101],
      [-26, -38],
      [-26, 36],
      [-36, 14],
      [-55, -66],
      [11, -77],
      [-10, -31],
      [24, -61],
      [-20, -64],
      [-23, -33],
      [-45, 13],
      [16, -94],
      [-8, -55],
      [-2, -127],
      [11, -19],
      [50, -41],
      [20, -37],
      [-16, 87],
      [21, 6],
      [50, 52],
      [12, -4],
      [39, 37],
      [14, -24],
      [31, -16],
      [42, 11],
      [29, -9],
      [-10, -35],
      [15, -46],
      [49, -21],
      [13, -23],
      [14, -79],
      [-2, -46],
      [16, -68],
      [-2, -45],
      [39, 3],
      [12, 77],
      [-10, 40],
      [15, 9],
      [-9, 37],
      [15, 35],
      [17, -62],
      [26, 27],
      [9, -8],
      [12, 43],
      [35, -25],
      [32, -36],
      [54, -34],
      [0, 37],
      [20, 31],
      [36, 3],
      [8, 50],
      [-13, 31],
      [35, 36],
      [-10, 18],
      [18, 33],
      [-16, 34],
      [28, 15],
      [1, 24],
      [59, 21],
      [26, -20],
      [16, -44],
      [28, -17],
      [3, -46],
      [17, -65],
      [19, -27],
      [66, -258],
      [16, -47],
      [6, -66],
      [21, -71],
      [42, -5],
      [8, -73],
      [-22, -43],
      [11, -31],
      [63, 6],
      [8, 17],
      [42, 9],
      [-3, 14],
      [33, 2],
      [40, 19],
      [9, -53],
      [16, -32],
      [28, -10],
      [17, 36],
      [58, -18],
      [12, 73],
      [38, -5],
      [50, -20],
      [41, -45],
      [3, -33],
      [-17, -87],
      [14, -31],
      [-18, -10],
      [-6, -28],
      [43, 16],
      [53, -17],
      [31, -29],
      [19, 25],
      [80, -9],
      [35, 17],
      [59, 50],
      [-7, 47],
      [-16, 10],
      [22, 21],
      [12, -69],
      [25, 21],
      [60, 68],
      [22, 8],
      [20, -45],
      [-13, -4],
      [5, -38],
      [57, -68],
      [-2, -34],
      [35, -16],
      [26, -29],
      [11, -78],
      [19, 6],
      [14, -36],
      [-32, -14],
      [10, -46],
      [26, 13],
      [5, -41],
      [0, -93],
      [9, -41],
      [63, 50],
      [11, -47],
      [37, -57],
      [14, -7],
      [-2, -30],
      [22, -52],
      [31, 9],
      [66, -138],
      [47, 29],
      [98, 43],
      [20, -155],
      [64, 20],
      [136, 36],
      [24, -1],
      [-9, 83],
      [38, 18],
      [11, -33],
      [23, 0],
      [39, 54],
      [-20, 127],
      [5, 117],
      [45, 10],
      [11, -58],
      [127, 52],
      [92, 50],
      [111, 69],
      [1, -26],
      [57, 36],
      [-4, 23],
      [89, 62],
      [25, -93],
      [-85, -60],
      [26, -94],
      [-75, -58],
      [-28, 91],
      [1, 20],
      [-30, -25],
      [22, -77],
      [-113, -79],
      [6, -26],
      [-18, -8],
      [-14, 60],
      [-16, -7],
      [-8, 46],
      [-13, -24],
      [-41, -23],
      [18, -65],
      [-11, -22],
      [8, -33],
      [-47, -37],
      [7, -36],
      [-18, -66],
      [4, -47],
      [-17, -27],
      [29, -95],
      [5, 4],
      [43, -135],
      [-21, -14],
      [68, -328],
      [70, 21],
      [80, -16],
      [67, 20],
      [-37, 143],
      [-28, 80],
      [-1, 57],
      [36, -8],
      [45, 27],
      [60, 8],
      [25, 20],
      [105, 64],
      [13, -42],
      [92, 49],
      [11, -27],
      [30, -123],
      [40, -132],
      [24, -95],
      [109, -392],
      [22, -99],
      [59, -185],
      [44, -115],
      [72, -280],
      [32, -81],
      [23, -75],
      [31, -198]
    ],
    [
      [31662, 50604],
      [11, 7],
      [111, 175],
      [10, -16],
      [30, 44],
      [45, 34],
      [78, 86],
      [82, 27],
      [73, 34],
      [53, 44],
      [56, 12],
      [7, -41],
      [89, 83],
      [59, 44],
      [37, 20],
      [54, 40],
      [19, 52],
      [29, 33],
      [-128, 183],
      [-44, 72],
      [-30, 11],
      [-20, 33],
      [-34, 83],
      [-29, 153],
      [-3, 83],
      [-21, 57],
      [-43, 88],
      [-21, 60],
      [-49, 86],
      [-15, 43],
      [1, 52],
      [11, 154],
      [-14, 176],
      [-16, 82],
      [-18, 43],
      [-60, 86]
    ],
    [
      [31972, 52827],
      [-35, 63],
      [-9, 41],
      [-1, 52],
      [14, 53],
      [40, 111],
      [33, 63],
      [8, 60],
      [-37, 49],
      [-38, 22],
      [-35, 33],
      [-102, 172],
      [-81, 93],
      [-20, 46],
      [-11, 58],
      [-5, 95],
      [-28, 70],
      [-45, 138],
      [-37, 82],
      [-9, 124],
      [-14, 36],
      [-39, 58],
      [-50, 51],
      [-87, 125],
      [-85, 51],
      [-28, 38],
      [-47, 155],
      [-85, 106],
      [-65, 46]
    ],
    [
      [31972, 52827],
      [41, 37],
      [33, -88],
      [51, 37],
      [-4, -60],
      [10, 14],
      [68, 27],
      [11, -44],
      [85, 53],
      [19, -62],
      [65, 54],
      [9, -6],
      [91, 84],
      [22, 1],
      [2, 25],
      [19, 34],
      [34, 23],
      [7, -16],
      [78, -6],
      [61, -18],
      [38, -1],
      [62, -24],
      [59, -37],
      [-12, -146],
      [95, 21],
      [177, 26],
      [34, -10],
      [81, 31],
      [382, 159],
      [31, 8],
      [20, 101],
      [23, 68],
      [61, 4],
      [11, 50],
      [25, -11],
      [76, 37],
      [8, 20],
      [39, 14],
      [70, 46],
      [4, 59],
      [-5, 46],
      [-69, 10],
      [-21, -5],
      [-98, 85],
      [-23, 46],
      [2, 39],
      [-48, 61],
      [-4, 16],
      [-41, 24],
      [29, 121],
      [10, 5],
      [113, 1],
      [11, 51],
      [41, -21],
      [60, -1],
      [35, 48],
      [18, 51],
      [27, -43],
      [48, -95],
      [77, -33],
      [79, -44],
      [14, -20],
      [29, -10],
      [51, 17],
      [18, 46],
      [41, 24],
      [15, 19],
      [40, -13],
      [26, -38],
      [32, -74],
      [24, -15],
      [29, 21],
      [20, -23],
      [35, 5],
      [59, 32],
      [62, 5],
      [42, 32],
      [33, -8],
      [40, 14],
      [49, -12],
      [14, -30],
      [28, -25],
      [24, -97]
    ],
    [
      [34924, 53543],
      [88, 144],
      [56, 104],
      [27, 61],
      [13, -13],
      [21, 111],
      [-1, 62],
      [14, 195],
      [17, 6],
      [4, 122],
      [56, -18],
      [2, 48],
      [37, 74],
      [30, 20],
      [40, 45],
      [-10, 24],
      [22, 44],
      [8, 51],
      [53, 4],
      [32, 62],
      [30, -48],
      [51, -9],
      [60, 194],
      [38, -36],
      [10, -45],
      [31, 6],
      [45, -17],
      [28, -46],
      [35, -2],
      [53, 33],
      [-9, 33],
      [40, 13],
      [-9, 46],
      [-33, 17],
      [15, 53],
      [30, 13],
      [73, 45],
      [10, 49],
      [-27, 25],
      [84, 104],
      [79, 84],
      [27, 53],
      [31, 76],
      [5, 28],
      [44, 57],
      [-3, 25],
      [52, 102],
      [-8, 33],
      [6, 43],
      [-19, 42],
      [25, -5],
      [7, 23],
      [-10, 62],
      [31, 5],
      [50, 65],
      [29, 75],
      [33, 24],
      [27, 58],
      [-2, 73],
      [25, 8],
      [12, 56],
      [-8, 40],
      [8, 51],
      [34, 32],
      [1, 39],
      [14, 28],
      [3, 53],
      [12, 21],
      [51, 16],
      [19, 37],
      [55, 43],
      [10, 23],
      [104, 56],
      [39, 42],
      [14, -2],
      [38, -43],
      [2, -27],
      [21, -33],
      [13, 23],
      [22, -6],
      [41, 30],
      [0, 73],
      [-12, 27],
      [19, 27],
      [24, -46],
      [44, 57],
      [39, -22],
      [6, 46],
      [-17, 45],
      [-24, -10],
      [-8, 29],
      [-36, 31],
      [-24, -22],
      [-25, 3],
      [25, 32],
      [10, 40],
      [-19, 21],
      [-25, -6],
      [-11, 36],
      [13, 60],
      [0, 52],
      [20, 56],
      [66, 96],
      [31, -8],
      [8, 49],
      [-14, 48],
      [-28, 22],
      [21, 2],
      [4, 75],
      [67, 39],
      [49, -7],
      [27, 7],
      [53, -4],
      [-35, 92],
      [-23, 36],
      [-9, 68],
      [-17, 44],
      [-49, 67],
      [-15, 43],
      [-53, -12],
      [-28, 15],
      [-22, 52],
      [-31, 23],
      [-16, 106],
      [-15, 26],
      [6, 53],
      [-17, 80],
      [-49, 39],
      [-20, 42],
      [8, 94],
      [38, 57],
      [49, 52],
      [33, 63],
      [-39, 48],
      [-43, 26],
      [-38, 44],
      [-41, 12],
      [-11, 15],
      [-102, 47],
      [-21, -5],
      [-37, 27],
      [-29, -9],
      [-32, 8],
      [-50, 29],
      [-67, 9],
      [19, 295],
      [109, 74],
      [12, 14],
      [2, 73],
      [11, 41],
      [-27, 141],
      [-24, 54],
      [-4, 40],
      [-22, 21],
      [-39, 6],
      [-39, 30],
      [-21, 70],
      [-26, 218],
      [2, 5],
      [-176, 326],
      [-161, 295],
      [15, 66],
      [-16, 183],
      [37, 59],
      [32, 147],
      [36, 62],
      [39, 43],
      [26, 55],
      [14, 52],
      [102, 114],
      [75, 67],
      [115, 126],
      [43, 57],
      [10, 42],
      [2, 67],
      [12, 64],
      [-8, 49],
      [37, 75],
      [-138, 346],
      [-16, -131],
      [-30, 3],
      [-87, 116],
      [-48, -1],
      [-75, 96],
      [-52, 31],
      [-7, 64],
      [-44, 79],
      [-16, 51],
      [-17, 131],
      [-9, 105],
      [26, 25],
      [25, 5],
      [23, 32],
      [7, 71],
      [14, 47],
      [27, 145],
      [90, 180],
      [46, 53],
      [26, 18],
      [24, 35],
      [-6, 213],
      [36, 42],
      [44, 112],
      [-26, 115],
      [-28, 191],
      [-52, 105],
      [-66, 42],
      [-99, 194],
      [-154, 58],
      [-20, 43],
      [28, 123],
      [22, 27],
      [89, 235],
      [76, -1],
      [54, 35],
      [44, -3],
      [171, 38],
      [203, -32],
      [125, 31],
      [64, 130],
      [44, 142]
    ],
    [
      [36935, 65038],
      [-2, 320]
    ],
    [
      [36933, 65358],
      [-53, -10],
      [-24, 38],
      [-33, 31],
      [-18, 49],
      [-3, 41],
      [-25, -10],
      [-19, 41],
      [-38, 7],
      [-14, 61],
      [-13, 27],
      [-18, 2],
      [-3, 32],
      [17, 44],
      [-43, 68],
      [0, 50],
      [15, 16],
      [13, 141],
      [-23, 94],
      [25, 60],
      [-10, 19],
      [7, 72],
      [-40, 87],
      [-28, 93],
      [-11, 61],
      [1, 47],
      [-13, 79],
      [-8, 15],
      [3, 58],
      [-20, 84],
      [-29, 58],
      [-21, 93],
      [-36, 107],
      [-40, 62],
      [-48, 44],
      [14, 59],
      [-34, 48],
      [-8, 36],
      [-32, 38],
      [-74, 152],
      [-31, 47],
      [-15, 83],
      [-36, 104],
      [15, 33],
      [-11, 137],
      [-13, 77],
      [-10, 114],
      [-35, 70],
      [-81, 112],
      [-31, 14],
      [-96, 11],
      [-4, 50],
      [-52, 100],
      [-15, -3],
      [-20, 84],
      [-26, 15],
      [-37, 61],
      [-11, 45],
      [-34, 56],
      [-13, 54],
      [-43, 66],
      [-54, 105],
      [-10, 40],
      [14, 15],
      [0, 50],
      [-15, 131],
      [-74, -23],
      [-15, -17],
      [-45, -12],
      [-27, -22],
      [-34, 16],
      [-57, -12],
      [-72, -4],
      [-38, -16],
      [-45, -30],
      [-76, -77],
      [-20, -12],
      [-13, -33],
      [-60, -56],
      [-16, -51],
      [-2, -129],
      [-77, -15],
      [-43, -32],
      [-38, -52],
      [-66, -131],
      [-42, -116],
      [4, -42],
      [-36, -61],
      [-25, -58],
      [-22, 20],
      [-90, 47],
      [-65, 49],
      [-25, 8],
      [-39, 48],
      [-16, -33],
      [-25, -13],
      [-48, -63],
      [-44, -9],
      [-24, -20],
      [-33, 32],
      [0, 66],
      [-9, 35],
      [4, 53],
      [-7, 90],
      [10, 17],
      [-11, 64],
      [-22, 21],
      [-24, 61],
      [-32, -12],
      [-51, -1],
      [-62, 70],
      [-25, 12],
      [-64, 12],
      [1, 16],
      [-35, 4],
      [-18, 41],
      [-43, 2],
      [-24, 12],
      [-39, -9],
      [-86, -39],
      [-127, -14],
      [-38, 23],
      [-45, -3],
      [-86, 69],
      [-43, -15],
      [-45, -5],
      [-35, -34],
      [-24, -6],
      [-37, 38],
      [-64, 33],
      [-27, 29],
      [-12, 44]
    ],
    [
      [33117, 68878],
      [-2, -40],
      [-24, -34],
      [-17, -43],
      [-38, -124],
      [-69, -206],
      [-100, -20],
      [-47, -80],
      [-70, -292],
      [4, -519],
      [102, -94],
      [78, -41],
      [-83, -63],
      [-78, 54],
      [-37, -93],
      [-138, -76],
      [-56, -122],
      [-84, -38],
      [-70, -253],
      [-46, -43],
      [17, -60],
      [62, -175],
      [-30, -212],
      [33, -122],
      [5, -55],
      [-21, -83],
      [-17, -16],
      [-42, -13],
      [-5, -83],
      [-43, -122],
      [-26, -60],
      [-92, 0],
      [-33, 10],
      [-15, -31],
      [-47, -62],
      [-70, 12],
      [-34, -7],
      [-67, -71],
      [-30, -62],
      [-11, -98],
      [-18, -75],
      [8, -122],
      [-15, -78],
      [28, -83],
      [42, -62],
      [58, -103],
      [15, -58],
      [23, -115],
      [-10, -46],
      [3, -54],
      [-10, -24],
      [8, -103],
      [24, -45],
      [20, -122],
      [-5, -174],
      [-6, -120],
      [-21, -116],
      [-72, -111],
      [-94, -16],
      [-343, -64],
      [-81, -20],
      [-86, -107],
      [-20, 0],
      [-93, 53],
      [-17, 20],
      [-66, 25],
      [-28, -12],
      [-53, -55],
      [-119, 22],
      [-57, 4],
      [-87, 36],
      [-78, 7],
      [-65, -3],
      [-36, 9],
      [-80, 66],
      [-12, -4],
      [-55, 55],
      [-13, -20],
      [-69, -5],
      [-45, -31],
      [-16, -66],
      [-19, -26],
      [-29, -66],
      [-54, -212],
      [-12, -35],
      [-19, -157],
      [-42, -95],
      [-30, -39],
      [17, -46],
      [39, -73],
      [4, -34],
      [-12, -35],
      [-38, -21],
      [-88, -3],
      [-52, 24],
      [-53, -13],
      [-32, 60],
      [-32, 14],
      [-16, 30],
      [-26, 10],
      [-20, -77],
      [-23, 32],
      [-17, -82],
      [-3, -49],
      [-27, -37],
      [-34, 20],
      [-51, -61],
      [-45, 55],
      [-35, -1],
      [-34, 13],
      [-22, 22],
      [-63, -14],
      [-16, -29],
      [-5, -75],
      [11, -57],
      [-5, -95],
      [35, -81],
      [6, -72],
      [31, 1],
      [26, -101],
      [-16, -31],
      [-89, 25],
      [-1, -49],
      [72, -9],
      [16, -24],
      [13, -68],
      [-10, -22],
      [-4, -68],
      [24, -35],
      [-14, -39],
      [3, -74],
      [-22, -10],
      [8, -65],
      [-3, -36],
      [16, -12],
      [-4, -32],
      [-15, -10],
      [14, -19],
      [-2, -60],
      [-11, -55],
      [-14, -31],
      [-45, -44],
      [-29, 38],
      [-30, 4],
      [12, 32],
      [-52, 37],
      [-1, -36],
      [-46, -20],
      [36, -36],
      [-5, -31],
      [-34, -8],
      [-80, 52],
      [-5, 20],
      [-38, 15],
      [-27, 31],
      [10, 40],
      [39, -30],
      [22, 0],
      [-26, 33],
      [33, 27],
      [-41, 63],
      [-92, 41],
      [-44, 65],
      [-12, 32],
      [-68, -17],
      [-3, 28],
      [-27, 16],
      [-89, 26],
      [-24, -33],
      [-111, -56],
      [-23, -41],
      [23, -12],
      [23, -39],
      [15, 11],
      [9, -50],
      [-18, -29],
      [22, -17],
      [-18, -28],
      [9, -20],
      [-17, -20],
      [-8, -40],
      [-19, -25],
      [-27, -9],
      [-1, -42],
      [-29, -14],
      [-15, 19],
      [-41, -1],
      [-34, 10],
      [-25, -43],
      [-1, -38],
      [-22, -96],
      [-17, 2],
      [-13, -32],
      [-16, -2],
      [-10, 79],
      [17, 25],
      [6, 76],
      [-6, 60],
      [6, 27],
      [-37, 146],
      [8, 79],
      [-103, 7],
      [-93, -6],
      [-3, -147],
      [-75, 11],
      [-24, -26],
      [-12, 108],
      [-21, 4],
      [-54, 144],
      [-24, -58],
      [-21, -11],
      [-39, 18],
      [-37, 5],
      [-33, 69],
      [-36, 105],
      [-37, -14],
      [-20, -28],
      [-4, -28],
      [-33, 14],
      [3, 62],
      [-9, 44],
      [-59, -26],
      [-13, -20],
      [-26, 24],
      [-13, -14],
      [-35, -75],
      [-28, 2]
    ],
    [
      [33117, 68878],
      [-13, 9],
      [-12, 118],
      [18, 86],
      [7, 58],
      [-18, 62],
      [-32, 6],
      [-61, 110],
      [-29, 40],
      [-22, 13],
      [-37, -2],
      [-22, 15],
      [-36, 128],
      [-36, 57],
      [-46, 22],
      [-37, 130],
      [9, 38],
      [-8, 38],
      [43, 72],
      [3, 45],
      [15, 32],
      [33, 7],
      [31, 43],
      [62, 4],
      [34, 31],
      [44, 12],
      [-13, 88],
      [2, 61],
      [-21, 9],
      [-17, -25],
      [-49, 14],
      [-12, -14],
      [-21, 16],
      [-7, 48],
      [-25, 27],
      [-18, -3],
      [-43, 106],
      [-59, 103],
      [-53, -25],
      [-16, -24],
      [-17, 9],
      [-52, -53],
      [-20, 2],
      [-30, -24],
      [-82, 26],
      [-71, -11],
      [-23, 11],
      [-20, -18],
      [-21, 8],
      [-34, -6],
      [-49, 19],
      [-23, -16],
      [-42, -2],
      [-1, 45],
      [-31, 21],
      [-36, -8],
      [-6, -41],
      [-17, -28],
      [-19, 3],
      [-57, -32],
      [-38, 0],
      [-28, -27],
      [-41, 21],
      [-43, 1],
      [-26, -20],
      [-44, -17],
      [-27, 9],
      [-8, -22],
      [-56, -14],
      [-26, -45],
      [-31, 3],
      [-11, -18],
      [-39, -22],
      [-62, -46],
      [-44, -5],
      [-22, -41],
      [-66, -51],
      [-15, -38],
      [-70, -5],
      [-30, -20],
      [-25, -42],
      [-26, -7],
      [-21, 15],
      [-41, 3],
      [-20, -12],
      [-44, 26],
      [-58, 14],
      [-40, -3],
      [-30, -14],
      [-66, 26],
      [-65, -5],
      [-17, 5],
      [-23, -76],
      [-47, -14],
      [-14, 14],
      [-18, -30],
      [-20, -6],
      [-39, 27],
      [-64, -20],
      [-48, 26],
      [-65, -13],
      [-34, 16],
      [-41, -32],
      [1, -27],
      [-19, 10],
      [-77, -49],
      [-50, 30],
      [-17, -38],
      [-29, 4],
      [-44, -24],
      [-38, 11],
      [-49, -3],
      [-19, 24],
      [-23, -15],
      [-1, -34],
      [-48, -47],
      [-23, -49],
      [-42, -21],
      [-55, 5],
      [-18, -18],
      [-3, -33],
      [-30, -37],
      [-46, -30],
      [-9, -32],
      [-26, -28],
      [-30, -4],
      [-14, -30],
      [-39, 0],
      [-47, -18],
      [-66, -36],
      [-37, -10],
      [-72, 12],
      [-18, 14],
      [-41, -16],
      [-41, 26],
      [-43, 2],
      [-10, -33],
      [-51, 14],
      [-19, 18],
      [-29, -28],
      [-79, -9],
      [-66, -41],
      [-46, 19],
      [-44, -4],
      [-43, 83],
      [-41, 106],
      [-33, 55],
      [-3, 23],
      [-38, 61],
      [-13, 53],
      [5, 90],
      [-26, 27],
      [-8, 25],
      [-54, 14],
      [-32, 41],
      [-88, 6],
      [-55, 18],
      [-57, 64],
      [-18, 6],
      [-38, 42],
      [-34, 12],
      [-66, 55],
      [-13, 32],
      [-37, -6],
      [-34, 43],
      [-48, 35],
      [-38, -10],
      [-9, -35],
      [-28, -11],
      [-14, 18],
      [-57, 2],
      [-55, -36],
      [-26, -5],
      [-32, 10],
      [-37, -35],
      [-67, -30],
      [-24, -35],
      [-47, -13],
      [-17, -29],
      [-20, -70],
      [-40, -19],
      [-28, 9],
      [-29, -62],
      [-24, -11],
      [-52, 62],
      [-33, 10],
      [-19, -11],
      [-103, 8],
      [-41, -24],
      [-16, -52],
      [-25, -52],
      [-90, -93],
      [-34, -6],
      [-23, -54],
      [-51, -47],
      [-25, 11],
      [-76, -60],
      [-28, 4],
      [-34, -30],
      [-65, 11],
      [-43, -19],
      [-7, -17],
      [-27, 4],
      [-45, -58]
    ],
    [
      [29520, 46390],
      [39, 6],
      [14, 20],
      [46, 18],
      [14, -9],
      [32, 42],
      [14, -2],
      [-2, 51],
      [16, 66],
      [-9, 59],
      [17, 42],
      [-14, 40],
      [15, 54],
      [26, 49],
      [68, 86],
      [39, 73],
      [-9, 109],
      [-39, 60],
      [-38, 149],
      [3, 45],
      [14, 25],
      [14, -15],
      [39, 96],
      [4, 36],
      [-29, 15],
      [-19, 27],
      [-64, 20],
      [-30, 69],
      [-36, 34],
      [-55, 74],
      [-30, 51],
      [-23, 74],
      [-4, 72],
      [19, 106],
      [2, 51],
      [-19, 97],
      [-6, 70],
      [31, 1],
      [42, 40],
      [-14, 87],
      [9, 89],
      [-6, 62],
      [4, 65],
      [-16, 94],
      [58, 16],
      [77, 60],
      [19, 44],
      [38, 40],
      [30, 91],
      [35, 26],
      [37, 46],
      [15, 1],
      [61, 47],
      [42, -7],
      [38, 16],
      [41, 3],
      [35, -9],
      [34, 105],
      [21, -32],
      [5, -35],
      [36, 56],
      [8, 51],
      [27, 38],
      [24, 108],
      [20, 138],
      [-2, 24],
      [17, 62],
      [8, 61],
      [29, 37],
      [29, 8],
      [34, 28],
      [18, 33],
      [-2, 65],
      [18, 35],
      [36, -82],
      [60, -76],
      [27, -20],
      [29, -4],
      [39, 125],
      [53, -42],
      [34, 146],
      [-49, 69],
      [20, 110],
      [-18, 97],
      [25, 86],
      [32, -74],
      [8, -33],
      [51, -20],
      [66, 24],
      [70, 54],
      [102, -76],
      [-9, -181],
      [-14, -70],
      [3, -71],
      [12, -26],
      [38, -48],
      [29, -13],
      [50, 20],
      [9, -8],
      [11, 64],
      [19, 61],
      [32, 78],
      [5, 46],
      [52, 115],
      [41, 43],
      [-4, 29],
      [3, 113],
      [-49, 64],
      [-4, 118],
      [-7, 64],
      [3, 109],
      [167, 47],
      [95, 15],
      [39, -6],
      [127, -87]
    ],
    [
      [27076, 56350],
      [-6, -13],
      [-58, -17],
      [11, -98],
      [-40, -10],
      [-3, -59],
      [-30, -42],
      [20, -54],
      [49, -94],
      [-1, -47],
      [-21, -24],
      [-26, -78],
      [6, -26],
      [-8, -65],
      [-38, -3],
      [-51, 43],
      [-51, -16],
      [-14, -39],
      [-21, -25],
      [-30, 7],
      [-35, -12],
      [-12, 63],
      [-11, -28],
      [-28, 2],
      [-41, 23],
      [-15, -28],
      [-12, 30],
      [-33, -22],
      [-26, 4],
      [-10, -37],
      [38, -29],
      [-12, -91],
      [-39, -43],
      [-16, 7],
      [-46, -27],
      [-51, -77],
      [-3, -98],
      [41, 15],
      [47, -28],
      [-5, -70],
      [27, 32],
      [21, -9],
      [32, -66],
      [39, -23],
      [-15, -27],
      [1, -33],
      [26, 10],
      [11, -66],
      [49, 3],
      [29, -14],
      [2, -63],
      [35, -67],
      [22, -25],
      [25, 13],
      [30, 57],
      [24, -60],
      [-28, -77],
      [-22, -16],
      [16, -16],
      [7, -40],
      [-16, -35],
      [-24, 12],
      [7, 40],
      [-27, 26],
      [-31, -32],
      [5, -25],
      [-51, 20],
      [-34, -27],
      [-42, 65],
      [-13, -7],
      [-7, -70],
      [17, -32],
      [11, -55],
      [-9, -34],
      [-18, -4],
      [-9, -49],
      [-35, 0],
      [22, -80],
      [-2, -63],
      [32, -42],
      [-6, -51],
      [6, -66],
      [-20, -29],
      [-21, 13],
      [-15, -39],
      [24, -65],
      [5, -87],
      [-7, -36],
      [26, -25],
      [-58, -7],
      [18, -30],
      [-6, -30],
      [39, -16],
      [-11, -32],
      [-38, 25],
      [-4, -19],
      [30, -13],
      [-2, -82],
      [17, -25],
      [-60, 43],
      [4, -67],
      [-16, -35],
      [-31, 14],
      [-87, 21],
      [-67, 4],
      [-25, -35],
      [-7, 54],
      [-40, 80],
      [-17, -28],
      [-23, 27],
      [-24, 8],
      [-30, -13],
      [-11, -53],
      [-16, -20],
      [-31, 9],
      [-27, -10],
      [-53, -58],
      [-28, -62],
      [-1, -26],
      [-41, -10],
      [-7, 18],
      [-58, 83],
      [-70, 6],
      [-44, 40],
      [-17, 40],
      [-27, -45],
      [-36, 44],
      [-25, -27],
      [-28, 24],
      [2, -34],
      [19, -70],
      [-11, -27],
      [14, -26],
      [-7, -103],
      [-25, -6],
      [-35, -38],
      [-45, 7],
      [-63, 52],
      [-42, 3],
      [-31, 49],
      [-18, -36],
      [-17, -4],
      [-51, 21],
      [16, 46],
      [-28, 21],
      [-42, -36],
      [-39, 21],
      [-27, -121],
      [-22, -33],
      [-27, 5],
      [-79, -179],
      [-41, -28],
      [-38, 0],
      [-33, -35],
      [-28, -63],
      [-37, 1],
      [-17, -16],
      [-38, -7],
      [-21, -28],
      [-12, -63],
      [-49, -80],
      [-38, -21],
      [-11, -58],
      [-28, -26],
      [-33, -69],
      [-24, -27],
      [-36, 7],
      [-28, -39],
      [-31, -14],
      [-25, 12],
      [-69, -33],
      [-7, 13],
      [-35, -54],
      [16, -35],
      [-13, -80],
      [2, -82],
      [-6, -35],
      [11, -109],
      [35, -94],
      [17, -23],
      [-50, -128],
      [1, -59],
      [-8, -79],
      [5, -85],
      [93, -35],
      [61, 99],
      [40, 34],
      [17, -76],
      [-14, -45],
      [19, -19],
      [23, 8],
      [6, 27],
      [-4, 110],
      [32, 77],
      [22, -24],
      [50, -162],
      [4, -69],
      [22, 47],
      [11, 76],
      [23, 17],
      [16, 50],
      [29, 31],
      [50, -2],
      [57, -34],
      [31, 17],
      [-5, 28],
      [47, 41],
      [51, 22],
      [22, -16],
      [-7, -59],
      [32, 27],
      [37, -21],
      [16, -31],
      [17, 5],
      [33, -33],
      [12, 53],
      [47, 10],
      [52, -52],
      [10, -27],
      [-17, -53],
      [41, 16],
      [85, 116],
      [32, -15],
      [-4, 54],
      [22, 60],
      [70, 45],
      [30, -15],
      [78, 67],
      [18, -40],
      [71, -20],
      [19, -21],
      [38, 44],
      [71, -42],
      [36, 0],
      [32, 40],
      [10, -44],
      [-37, -61],
      [34, -30],
      [5, -34],
      [32, -88],
      [15, 2],
      [30, -26],
      [21, -40],
      [-29, 2],
      [30, -59],
      [41, 11],
      [7, -110],
      [-6, -32],
      [19, -18],
      [24, 25],
      [10, 59],
      [34, -5],
      [4, -39],
      [-13, -37],
      [20, 21],
      [25, 3],
      [28, -15],
      [27, -39],
      [33, 23],
      [22, -63],
      [91, -71],
      [7, -58],
      [-60, -21],
      [-25, 6],
      [-50, -96],
      [-5, -30],
      [7, -59],
      [13, -11],
      [-9, -36],
      [-50, -98],
      [-37, -42],
      [-22, -41],
      [-1, -39],
      [-33, -40],
      [-64, -47],
      [-21, -68],
      [0, -63],
      [-29, -19],
      [-17, -60],
      [-36, -76],
      [-4, -176],
      [4, -31],
      [-57, 2],
      [2, 27],
      [-54, 17],
      [10, 100],
      [-47, -27],
      [-29, 24],
      [-6, 22],
      [-19, -24],
      [-44, -10],
      [-27, -37],
      [-27, -9],
      [-5, -42],
      [21, -9],
      [31, 24],
      [3, 38],
      [16, 6],
      [21, -34],
      [-32, -40],
      [-21, -5],
      [-15, -79],
      [-21, -19],
      [-13, 9],
      [13, -105],
      [31, -3],
      [17, -70],
      [42, 12],
      [5, -48],
      [16, 7],
      [30, -47],
      [-31, -84],
      [-31, -72],
      [-36, 13],
      [-30, -15],
      [-27, -37],
      [-11, 22],
      [-38, 4],
      [-16, -12],
      [13, -66],
      [-61, -48],
      [-24, -43],
      [-7, -86],
      [11, -52],
      [-2, -78],
      [-16, -71],
      [-1, -39],
      [-78, -9],
      [-51, -20],
      [21, -29],
      [31, -86],
      [16, -26],
      [22, 33],
      [41, 14],
      [21, -4],
      [42, -67],
      [30, 15],
      [63, -18],
      [-3, -46],
      [60, 41],
      [18, -81],
      [15, -21],
      [-1, -30],
      [-38, -21],
      [-5, -39],
      [-27, -25],
      [7, -20],
      [-3, -62],
      [6, -31],
      [44, -6],
      [19, -79],
      [14, 1],
      [16, -65],
      [-8, -82],
      [3, -56],
      [-67, -36],
      [-52, -49],
      [-18, -27],
      [-15, -49],
      [-44, -85],
      [-20, -59],
      [-20, -103],
      [-17, -48],
      [-24, -11],
      [-46, 83],
      [0, -36],
      [-13, -14],
      [11, -38],
      [-6, -125],
      [-10, -79],
      [13, -71],
      [38, -33],
      [83, -25],
      [17, -34],
      [-19, -42],
      [10, -17],
      [14, -103],
      [39, -12],
      [30, -42],
      [49, -21],
      [83, 41],
      [46, -67],
      [33, -38],
      [19, -90],
      [34, -50],
      [74, -25],
      [36, 13],
      [64, 51],
      [59, 16],
      [45, 24],
      [9, -87],
      [-41, -108],
      [-18, -86],
      [14, -69],
      [35, -40],
      [10, -38],
      [50, -101],
      [16, -16],
      [-9, -41],
      [-41, 7],
      [6, -99],
      [47, -106],
      [16, -20],
      [13, -58],
      [-3, -27],
      [15, -42],
      [6, -50]
    ],
    [
      [26388, 46407],
      [36, 41],
      [81, 38],
      [16, -20],
      [44, -25],
      [71, 31],
      [45, -15],
      [42, 15],
      [7, -12],
      [75, 27],
      [30, -10],
      [73, 6],
      [55, 21],
      [23, -12],
      [47, -56],
      [36, -6],
      [43, 43],
      [38, 78],
      [3, 139],
      [-5, 83],
      [79, 51],
      [11, 42],
      [-7, 35],
      [9, 102],
      [32, 17],
      [25, 62],
      [133, 20],
      [30, -2],
      [25, 34],
      [36, 22],
      [27, 37],
      [66, -28],
      [18, -35],
      [45, -22],
      [41, 3],
      [39, -12],
      [64, -4],
      [56, -35],
      [29, 36],
      [49, 28],
      [13, -79],
      [36, -27],
      [19, -27],
      [40, -18],
      [13, -19],
      [47, -30],
      [69, -25],
      [26, -1],
      [51, -25],
      [9, -53],
      [42, -6],
      [51, 6],
      [21, 27],
      [39, 14],
      [69, -29],
      [29, -19],
      [59, -61],
      [48, -25],
      [68, -9],
      [29, 35],
      [19, 8],
      [53, -10],
      [18, 30],
      [51, 55],
      [23, -10],
      [22, 12],
      [57, -15],
      [12, -21],
      [70, -16],
      [55, -123],
      [38, -51],
      [22, -59],
      [46, -43],
      [31, -46],
      [60, 2],
      [34, 15],
      [49, -37],
      [16, -35],
      [72, -35],
      [39, 16]
    ],
    [
      [19176, 56043],
      [22, -44],
      [103, -90],
      [56, -40],
      [34, -42],
      [83, -167],
      [121, -116],
      [-11, -179],
      [0, -36],
      [46, -37],
      [-8, -50],
      [-24, -45],
      [10, -68],
      [-12, -215],
      [25, -91],
      [19, -33],
      [13, -65],
      [-67, -28],
      [2, -108],
      [-17, -100],
      [-47, -173],
      [20, -50],
      [8, -54],
      [13, -30],
      [-19, -21],
      [-41, 8],
      [-82, -38],
      [-50, -11],
      [-23, -18],
      [-56, 13],
      [-39, -36],
      [-26, -43],
      [-17, -54],
      [2, -45],
      [-17, -43],
      [-44, -76],
      [-14, -100],
      [-15, -9],
      [-32, -61],
      [-3, -36],
      [-26, -55],
      [-12, -72],
      [17, -23],
      [-26, -99],
      [-4, -82],
      [4, -82],
      [-5, -78],
      [3, -43],
      [-17, -52]
    ],
    [
      [19023, 53026],
      [24, -84],
      [16, -13],
      [-4, -106],
      [-10, -52],
      [-4, -129],
      [-48, -41],
      [5, -102],
      [-37, -51],
      [-26, -77],
      [6, -62],
      [31, -20],
      [13, -26],
      [25, -19],
      [45, -72],
      [-23, -16],
      [-54, 5],
      [-32, -27],
      [5, -28],
      [-9, -46],
      [36, -47],
      [-10, -27],
      [3, -99],
      [92, 8],
      [8, -26],
      [39, -17],
      [0, -88],
      [-34, -83],
      [96, -79],
      [122, -129],
      [33, -26],
      [29, 5],
      [23, 36],
      [83, -89],
      [42, 65],
      [33, -45],
      [74, 85],
      [11, 41],
      [13, 2],
      [105, -48],
      [37, 21],
      [38, 36],
      [12, 30],
      [47, 53],
      [97, -98],
      [74, -59],
      [64, -29],
      [-3, -22],
      [31, -42],
      [40, -12],
      [60, 1],
      [47, 43],
      [35, 20],
      [13, -13],
      [18, 53],
      [41, 78],
      [42, 19],
      [43, -36],
      [39, -4],
      [30, 27],
      [69, 41],
      [32, -36],
      [93, -76],
      [75, -95],
      [35, -33],
      [42, -18],
      [72, -16],
      [24, 5],
      [16, 74],
      [12, 9],
      [84, -53],
      [11, 0],
      [37, -40],
      [38, -21],
      [22, -40],
      [7, -34],
      [69, 26],
      [5, 39],
      [37, -90],
      [40, 15],
      [67, -29],
      [9, -43],
      [-13, -50],
      [21, 3],
      [16, -19],
      [12, 24],
      [59, 45],
      [72, -14],
      [68, 3],
      [10, -63],
      [-5, -90],
      [-12, -62],
      [6, -64],
      [-21, -68],
      [5, -37],
      [6, -279],
      [-66, -138],
      [-17, -55],
      [-25, -53],
      [-18, -62],
      [9, -66],
      [-5, -58],
      [-36, -49],
      [-51, -58],
      [-26, -61],
      [-30, -11],
      [-8, -23],
      [2, -53],
      [-27, -57],
      [-7, -75],
      [-57, -112],
      [-40, -42],
      [-47, -30],
      [-38, -58],
      [-22, -15],
      [-19, -41],
      [-6, -52],
      [19, -99],
      [-29, -60],
      [-3, -67],
      [8, -83],
      [33, -34],
      [36, -100],
      [-12, -20],
      [-48, -40],
      [-52, -53],
      [-66, -28],
      [-20, -65],
      [-9, -66],
      [-29, -28],
      [-8, -46],
      [-44, -71],
      [-6, -89],
      [-15, -23],
      [-15, -60],
      [-26, -34],
      [-11, -44],
      [-18, -21],
      [-46, -85],
      [-24, -70],
      [3, -39],
      [-18, -58],
      [-3, -81],
      [-12, -37],
      [1, -70],
      [20, -54],
      [-5, -62],
      [17, -29],
      [-35, -99],
      [-17, -26],
      [-29, 4],
      [-34, 28],
      [-33, -58],
      [-8, -28],
      [-57, -39],
      [-28, -45],
      [-23, -7],
      [-41, -41],
      [-54, -64],
      [-75, -102],
      [-14, -33],
      [5, -30],
      [-7, -79],
      [-22, -118],
      [-44, -101],
      [-22, 26],
      [-33, -15],
      [23, -50],
      [-3, -15],
      [-45, -2],
      [-25, -52],
      [-29, -80],
      [-16, -20],
      [-17, -87],
      [-30, -57],
      [-6, -31],
      [21, -101],
      [-4, -53],
      [14, -98],
      [-27, 2],
      [-9, -19],
      [-21, 16],
      [-17, -24],
      [-27, -7],
      [-4, -67],
      [4, -49],
      [-20, -78],
      [21, -57],
      [11, -229],
      [-3, -61],
      [40, -41],
      [25, -65],
      [41, -40],
      [47, -150],
      [-12, -110],
      [-13, -69],
      [77, -91],
      [13, -39],
      [-3, -29],
      [33, -2],
      [-3, -99],
      [16, -32],
      [68, -36],
      [24, -41],
      [12, 1],
      [58, -93],
      [51, -43],
      [29, 2],
      [46, -12],
      [26, -56],
      [32, -6],
      [32, -149],
      [40, 17],
      [18, -74],
      [12, -14],
      [41, 43],
      [22, -8],
      [26, -52],
      [31, 24],
      [48, -32],
      [1, -34],
      [-16, -36],
      [29, -26],
      [28, 11],
      [45, -28],
      [60, -71],
      [19, -30],
      [64, -7],
      [-8, -42],
      [33, -66],
      [29, -93],
      [34, -33],
      [44, 23],
      [15, -8],
      [26, 17],
      [-7, -43],
      [-19, -34],
      [13, -22],
      [50, 12],
      [26, -20],
      [18, -62],
      [34, -35],
      [4, -29],
      [22, -32],
      [1, -31],
      [43, -109],
      [35, -32],
      [80, -52],
      [19, 0],
      [46, -38],
      [36, -19],
      [76, 2],
      [46, -63],
      [12, -67],
      [-21, -110],
      [-33, -45],
      [63, -90],
      [47, -50],
      [-5, -145],
      [-10, -33],
      [16, -48],
      [46, 6],
      [8, -41],
      [9, -140],
      [-79, 23],
      [-7, -105],
      [32, 1],
      [38, -15],
      [75, 35],
      [95, -47],
      [-31, -73],
      [3, -55],
      [-13, -23],
      [-3, -92],
      [-11, 4],
      [-9, -55],
      [-37, -47],
      [-14, -72],
      [-19, -29],
      [5, -21],
      [-53, -8],
      [-11, -83],
      [-23, -44],
      [0, -48],
      [-24, -11],
      [-40, -39],
      [-27, -52],
      [26, -24],
      [32, -10],
      [28, 51],
      [108, 18],
      [42, 73],
      [5, 52],
      [-10, 106],
      [20, 78],
      [37, 78],
      [89, -146],
      [13, 64],
      [22, 69],
      [39, 35],
      [69, 85],
      [66, 49],
      [9, 21],
      [52, 28],
      [23, 24],
      [47, -11],
      [20, -25],
      [2, -42],
      [65, -19],
      [-4, -51],
      [8, -29],
      [-14, -68],
      [-20, -28],
      [-34, 4],
      [-28, -19],
      [-8, -40],
      [23, -42],
      [53, -45],
      [26, -65],
      [34, -35],
      [0, -26],
      [31, -62],
      [4, -42],
      [-37, -38],
      [-7, -20],
      [21, -36],
      [-14, -25],
      [-25, -1],
      [-10, -45],
      [17, -22],
      [4, -101],
      [-7, -71],
      [31, -18],
      [24, -70],
      [89, -171],
      [53, -37],
      [-1, -19],
      [-30, -77],
      [-21, -22],
      [-37, -16],
      [-14, -29],
      [9, -81],
      [-17, -42],
      [-23, -26],
      [17, -48],
      [-11, -47],
      [51, 39],
      [77, -11],
      [91, 20],
      [2, -46],
      [14, -52],
      [14, -6],
      [12, -42],
      [24, 1],
      [2, -54],
      [15, 6],
      [22, -30],
      [21, 6],
      [-24, -52],
      [-26, 5],
      [3, -31],
      [19, -10],
      [-2, -50],
      [34, 27],
      [13, 40],
      [17, -34],
      [35, 6],
      [22, 50],
      [23, 16],
      [59, 0],
      [-2, -221],
      [-8, -6],
      [6, -51],
      [15, -30],
      [31, 54],
      [14, 42],
      [70, -47],
      [66, -3],
      [1, -39],
      [68, 20],
      [11, 32],
      [37, -42],
      [64, -53],
      [16, 50],
      [-5, 25],
      [30, -28],
      [61, 18],
      [18, -5],
      [0, 44],
      [87, -19]
    ],
    [
      [23739, 40086],
      [23, 117],
      [36, 87],
      [64, 56],
      [36, 15],
      [59, 8],
      [35, -16],
      [13, -25],
      [29, -16],
      [-20, 85],
      [-1, 97],
      [-22, 106],
      [-13, 0],
      [1, 68],
      [17, 78],
      [29, 46],
      [23, 104],
      [11, 15],
      [68, -29],
      [75, 22],
      [57, -17],
      [14, 11],
      [1, 35],
      [-32, 59],
      [22, 45],
      [-3, 68],
      [-10, 61],
      [25, 62],
      [85, -75],
      [70, -38],
      [53, -22],
      [57, 2],
      [19, -21],
      [23, 13],
      [6, 24],
      [23, -21],
      [13, 12],
      [80, 27],
      [68, 31],
      [14, 59],
      [27, 26],
      [18, 40],
      [3, 63],
      [-6, 28],
      [4, 78],
      [-27, 45],
      [-3, 46],
      [-17, -1],
      [-22, 24],
      [10, 35],
      [21, 15],
      [22, 72],
      [19, 11],
      [15, 67],
      [66, 38],
      [41, 42],
      [39, 9],
      [51, 50],
      [70, 13],
      [52, 67],
      [11, 48],
      [-23, 47],
      [11, 54],
      [-4, 175],
      [28, -10],
      [41, 13],
      [44, 25],
      [9, 21]
    ],
    [
      [25287, 42360],
      [-24, 29],
      [28, 57],
      [22, 23],
      [27, 9],
      [23, 44],
      [25, 20],
      [30, 64],
      [67, 41],
      [19, -3],
      [34, 30],
      [39, 64],
      [-7, 56],
      [3, 42],
      [36, 57],
      [16, 51],
      [-4, 49],
      [5, 71],
      [23, 101],
      [-9, 21],
      [11, 61],
      [-5, 19],
      [20, 82],
      [-12, 46],
      [-24, 32],
      [19, 17],
      [47, 72],
      [20, 55],
      [47, 3],
      [44, 56],
      [24, -2],
      [46, 51],
      [7, 50],
      [-9, 35],
      [-1, 48],
      [21, 52],
      [9, 90],
      [30, 54],
      [6, 45],
      [-23, 122],
      [-31, 61],
      [-18, 75],
      [-23, 62],
      [-22, 33],
      [-7, 44],
      [17, 88],
      [-1, 101],
      [25, 53],
      [23, 87],
      [-28, 28],
      [-11, 26],
      [4, 40],
      [-23, 130],
      [9, 86],
      [21, 71],
      [27, 44],
      [15, 87],
      [24, 106],
      [-1, 99],
      [21, 64],
      [40, 48],
      [19, 71],
      [27, 30],
      [13, 35],
      [-4, 41],
      [18, 67],
      [58, 68],
      [32, 29],
      [40, 17],
      [80, 54],
      [36, 9],
      [29, 33],
      [-6, 72],
      [12, 65],
      [13, 31],
      [-4, 51],
      [34, 114],
      [13, 13]
    ],
    [
      [34924, 53543],
      [12, -28],
      [31, -30],
      [19, 0],
      [32, -25],
      [23, -34],
      [34, -9],
      [13, -85],
      [19, -23],
      [9, -35],
      [23, 26],
      [3, -114],
      [-2, -59],
      [19, -2],
      [-3, -43],
      [12, -3],
      [-1, -104],
      [-28, 2],
      [0, -41],
      [27, 1],
      [6, -88],
      [23, 10],
      [91, 10],
      [2, -6],
      [137, -175],
      [108, -151],
      [56, -89],
      [44, -48],
      [6, -89],
      [-7, -97],
      [-65, -130],
      [30, -106],
      [24, -131],
      [26, -66],
      [40, 35],
      [75, 22],
      [48, -9],
      [24, -72],
      [6, -83],
      [17, -56],
      [70, -26],
      [60, 13],
      [43, -21],
      [50, 18]
    ],
    [
      [36080, 51602],
      [22, 86],
      [51, 52],
      [49, 80],
      [61, 55],
      [35, -27],
      [21, 22],
      [48, 25],
      [55, 41],
      [18, 49],
      [22, 95],
      [30, 7],
      [10, 27],
      [-15, 19],
      [42, 70],
      [42, 56],
      [4, -7],
      [63, 77],
      [124, 105],
      [123, 108],
      [57, 38],
      [40, 17],
      [13, 33],
      [68, 89],
      [91, 140],
      [60, 70],
      [50, 77],
      [64, 87],
      [109, 108],
      [37, 27],
      [-51, -160],
      [-45, -124],
      [-13, -50],
      [-32, -28],
      [20, -21],
      [-10, -31],
      [35, -30],
      [194, -63],
      [114, -51],
      [5, -24]
    ],
    [
      [37691, 52646],
      [85, -29],
      [0, 17],
      [78, -9],
      [-2, -28],
      [21, 0],
      [58, 24],
      [104, 27],
      [4, -32],
      [45, -73],
      [5, -56],
      [-19, -50],
      [15, -34],
      [31, -31],
      [6, -56],
      [24, -19],
      [52, 47],
      [3, 40],
      [28, 12],
      [18, -18],
      [44, 10],
      [12, 69],
      [91, -1],
      [73, 68],
      [-2, 79],
      [5, 63],
      [14, 7],
      [21, -76],
      [15, 63],
      [-7, 25],
      [60, 58],
      [-3, -36],
      [50, 17],
      [19, -5],
      [12, 51],
      [20, 11],
      [43, -14],
      [47, 20],
      [65, 91],
      [61, 70],
      [40, 69],
      [23, 79],
      [26, 66],
      [22, -60],
      [22, 15],
      [6, 70],
      [25, 55],
      [37, 34],
      [17, 72],
      [-1, 46],
      [11, 40],
      [65, 111],
      [-13, 72],
      [75, -21],
      [29, 8],
      [31, -50],
      [129, 68],
      [24, 5],
      [-7, 66],
      [19, 37],
      [-4, 16],
      [28, 91],
      [15, 1],
      [19, 45],
      [40, 29],
      [18, 30],
      [56, 32],
      [23, 38],
      [33, 11],
      [20, -9],
      [-6, -29],
      [16, -61],
      [-29, -5],
      [-22, -45],
      [-1, -70],
      [17, -21],
      [21, 3],
      [-2, -42],
      [9, -48],
      [19, -32],
      [31, 7],
      [54, -17],
      [36, 84],
      [60, 58],
      [15, 1],
      [35, 39],
      [62, -10],
      [34, 15],
      [25, -22],
      [44, 14],
      [8, -24],
      [29, -5],
      [9, -24],
      [33, -2],
      [38, -36],
      [30, -54],
      [13, -3],
      [2, -36],
      [25, -10],
      [23, -43],
      [28, 0],
      [39, -58],
      [1, -25],
      [20, -50],
      [4, -50],
      [66, -59],
      [25, 0],
      [61, -22],
      [40, 44],
      [52, 17],
      [27, 21],
      [67, -8],
      [40, 52],
      [31, 0],
      [59, -66],
      [19, -30],
      [13, -47],
      [55, -22],
      [12, 4],
      [25, -48],
      [22, 10],
      [42, -11],
      [25, 42],
      [-1, 81],
      [59, -23],
      [11, 8],
      [22, -47],
      [32, -21],
      [54, -1],
      [9, 42],
      [19, 11],
      [1, 57],
      [-25, 67],
      [-13, 15],
      [25, 36],
      [41, 25],
      [-20, 33],
      [10, 36],
      [-14, 36],
      [43, 132],
      [12, 50],
      [47, -16],
      [9, -15],
      [64, -38],
      [14, -24],
      [24, 8],
      [28, 43],
      [10, -16],
      [34, 36],
      [41, 29],
      [27, -5],
      [15, -32],
      [47, -31],
      [17, -24],
      [27, -1],
      [41, -43],
      [24, 3],
      [12, 66],
      [121, -7],
      [48, -28],
      [25, -55],
      [55, -26],
      [47, 17],
      [40, 39],
      [11, -18],
      [52, -9],
      [20, 14],
      [15, -17],
      [-39, -63],
      [43, 15],
      [8, -34],
      [57, 7],
      [32, -88],
      [-39, 8],
      [8, -39],
      [38, -9],
      [23, -107],
      [20, 26],
      [17, -31],
      [13, 5],
      [13, -45],
      [-22, -119],
      [10, -86],
      [56, 3],
      [72, 28],
      [77, 43],
      [0, -45],
      [-12, -56],
      [5, -55],
      [21, -90],
      [37, -26],
      [13, -63],
      [47, -9],
      [56, -20],
      [25, 6],
      [20, -56],
      [-2, -47],
      [19, 23],
      [-19, 103],
      [39, -45],
      [28, -7],
      [9, 28],
      [23, -23],
      [34, 51],
      [9, -84],
      [35, 12],
      [62, 43],
      [-11, 30],
      [17, 33],
      [7, 43],
      [-10, 70],
      [-28, 24],
      [2, 97],
      [13, 79],
      [-11, 56],
      [-22, 46],
      [-5, 45],
      [23, 25],
      [26, -34],
      [35, -16],
      [28, 28],
      [29, -18],
      [47, -69],
      [26, 21],
      [19, -16],
      [49, 5],
      [31, -37],
      [23, 5],
      [72, -39],
      [23, 41],
      [24, 18],
      [8, 27],
      [14, -9],
      [33, 32],
      [8, 45],
      [34, 40],
      [14, -16],
      [63, 1],
      [13, -28],
      [23, -14],
      [33, -48],
      [60, -33],
      [51, 14],
      [129, 105],
      [83, 11],
      [55, -29],
      [38, -11],
      [76, 75],
      [-6, 37],
      [38, 33],
      [54, -191],
      [17, -4],
      [48, 77],
      [-8, 16],
      [33, 66],
      [19, 173],
      [0, 71],
      [-11, 25],
      [50, 10],
      [83, -58],
      [25, -44],
      [4, -27],
      [44, -48],
      [21, 52],
      [33, -2],
      [28, 16],
      [33, -74],
      [64, -4],
      [44, -24],
      [42, 10],
      [53, -20],
      [93, -85],
      [85, -60],
      [47, 9],
      [74, -3],
      [44, 26],
      [42, -24],
      [102, -28],
      [53, -4],
      [30, 10],
      [69, 3],
      [78, -28],
      [43, 23],
      [55, 77],
      [22, 7],
      [78, 75],
      [35, 95],
      [-3, 38],
      [12, 24],
      [34, 23],
      [36, 45],
      [27, -2],
      [36, -28],
      [27, -4],
      [70, 7],
      [49, 29],
      [113, -9],
      [71, -35],
      [52, 8],
      [80, 55],
      [58, 18],
      [22, -26],
      [12, 20],
      [-7, 55],
      [11, 55],
      [27, 34],
      [46, 26],
      [93, 0],
      [80, 19],
      [45, 59],
      [33, 1],
      [45, 20],
      [37, 26],
      [55, 15],
      [41, -10],
      [38, -45],
      [44, -31],
      [-1, -41],
      [21, -49],
      [23, -26],
      [12, 6]
    ],
    [
      [47271, 53890],
      [-27, 50],
      [-7, 57],
      [17, 33],
      [31, 2],
      [41, -15],
      [5, -35],
      [26, -14],
      [24, -35],
      [78, -13],
      [27, 14],
      [5, 22],
      [25, -9],
      [34, 21],
      [47, 79]
    ],
    [
      [47597, 54047],
      [55, 58],
      [-19, 57],
      [-6, 46],
      [-42, 187],
      [36, 25],
      [246, 126],
      [67, -141],
      [54, 54],
      [-47, 105],
      [110, 69],
      [53, 15],
      [20, -65],
      [46, 33],
      [33, 54],
      [-20, 24],
      [-40, 19],
      [-63, 1],
      [-78, 22],
      [-87, -8],
      [-20, 22],
      [-60, 26],
      [-72, 10],
      [-39, 53],
      [-33, 11],
      [18, 44],
      [-21, 27],
      [35, 60],
      [-42, 74],
      [-29, 83],
      [-6, 33],
      [-58, 151],
      [-18, 79],
      [-23, 2],
      [-4, 137],
      [24, 52],
      [-26, 48],
      [-47, 15],
      [-24, -8],
      [-56, -86],
      [-10, -23],
      [-72, -55],
      [-26, 9],
      [-10, 35],
      [-22, 21],
      [-5, 43],
      [-15, 16],
      [-4, 49],
      [-27, -9],
      [-24, 90],
      [-10, 75],
      [-28, 24],
      [-54, -40],
      [-84, 35],
      [-42, -16],
      [-47, 1],
      [-28, 190],
      [-37, 78]
    ],
    [
      [46869, 56084],
      [-81, 77],
      [-54, 63],
      [-46, 68],
      [-22, 15],
      [-29, -17],
      [-67, 24],
      [-16, -19],
      [-15, 20],
      [-145, 67],
      [-62, 41],
      [-113, 115],
      [-43, 25],
      [-76, 65],
      [-26, 83],
      [-39, 52],
      [-129, 203],
      [-185, 18],
      [-281, 11],
      [-169, 80],
      [-246, 126],
      [-240, -3],
      [-112, -23],
      [-18, 22],
      [-90, 50],
      [-90, 33],
      [-88, 17],
      [-23, 15],
      [-200, -104],
      [-198, -97],
      [-314, -80],
      [-110, -21],
      [-62, -69],
      [-32, 3],
      [-58, 52],
      [-82, -16],
      [-102, 123],
      [-82, 92],
      [-78, -23],
      [-34, 4],
      [-24, -14],
      [-39, -62],
      [-11, -32],
      [-31, -18],
      [-14, -38],
      [-25, -24],
      [-58, 30],
      [-97, 83],
      [-119, 142],
      [-79, 71],
      [-182, -2],
      [-90, 47],
      [-111, 51],
      [-65, 43],
      [-18, 21],
      [-111, 27],
      [-29, -18],
      [-30, -41],
      [-24, -9],
      [-90, 7],
      [-34, 13],
      [-50, -1],
      [-48, 21],
      [-39, 6],
      [-40, -18],
      [-62, -1],
      [-41, 28],
      [-116, 11],
      [-75, -14],
      [-16, 21],
      [-34, 81],
      [-29, 85],
      [-23, 32],
      [-29, 103],
      [-33, 83],
      [-50, 93],
      [-38, 32],
      [-26, 54],
      [10, 21],
      [-15, 21],
      [41, 115],
      [61, 80],
      [27, 47],
      [34, 209],
      [19, 44],
      [4, 34],
      [31, 86],
      [60, 95],
      [23, 55],
      [-15, 63],
      [13, 71],
      [3, 89],
      [7, 74],
      [-12, 81],
      [-22, 77],
      [-27, 0],
      [-95, -41],
      [-62, -50],
      [-42, -15],
      [-32, 1],
      [-97, -21],
      [-38, -15],
      [-53, 26],
      [-43, 3],
      [-74, -32],
      [-23, -26],
      [-51, -30],
      [-50, -22],
      [-9, 31],
      [-52, 11],
      [-62, 52],
      [-38, 18],
      [-48, 7],
      [-54, 38],
      [19, 149],
      [24, 130],
      [10, 132],
      [59, 210],
      [-5, 187],
      [8, 116],
      [-4, 203],
      [-10, 81],
      [-10, 32],
      [-9, 94],
      [-30, 126],
      [-28, 86],
      [-3, 139],
      [-10, 113],
      [-30, 31],
      [-15, 56],
      [-34, 24],
      [-43, 80],
      [-8, 66],
      [-67, -35],
      [-44, 29],
      [-47, 62],
      [-25, -29],
      [-52, 5],
      [-33, -21],
      [-92, 24],
      [-16, 20],
      [-129, 281],
      [-43, 56],
      [-89, 81],
      [-32, 55],
      [-54, 196],
      [-127, 99],
      [-12, 80],
      [-28, 75],
      [-15, 7],
      [-18, 69],
      [-78, 125],
      [13, 15],
      [8, 59],
      [70, 185],
      [-52, 119],
      [-31, 554],
      [19, 165],
      [-16, 467],
      [10, 242],
      [-6, 245],
      [-17, 234],
      [-194, -128],
      [-520, -327],
      [-355, 106],
      [-30, 22],
      [-54, -15],
      [-40, 13],
      [-70, 34],
      [-26, -12],
      [-38, 1],
      [-7, -20],
      [-68, -2],
      [-146, -304],
      [-153, 201],
      [-192, 264],
      [-193, 276],
      [-158, 144]
    ],
    [
      [15308, 40089],
      [-417, -278]
    ],
    [
      [14891, 39811],
      [22, -131],
      [14, -25],
      [66, -4],
      [27, -38],
      [17, -4],
      [58, -50],
      [55, -99],
      [2, -53],
      [10, -13],
      [61, -13],
      [85, -41],
      [37, -99],
      [-1, -43],
      [46, -77],
      [12, -68],
      [33, -122],
      [8, -78],
      [-9, -38],
      [-28, -22],
      [-32, -107],
      [-20, -50],
      [-5, -38],
      [-21, -73],
      [18, -46],
      [55, -69],
      [43, -64],
      [40, 11],
      [45, -38],
      [56, -75],
      [64, -124],
      [94, -21],
      [33, -19],
      [110, -47],
      [25, 4],
      [25, -18],
      [68, -67],
      [6, -40],
      [55, -94],
      [25, -5],
      [53, -64],
      [91, -69],
      [81, 36],
      [51, 39],
      [42, 18],
      [23, -23],
      [80, -24],
      [28, 12],
      [45, 2],
      [4, -61],
      [-15, -87],
      [21, -73],
      [36, -50],
      [22, -56],
      [-23, -98],
      [24, -30],
      [16, -2],
      [15, -68],
      [0, -28],
      [62, -53],
      [44, -54],
      [18, -32],
      [19, -104],
      [31, -10],
      [27, -26],
      [21, -68],
      [13, -80],
      [-6, -45],
      [21, -61],
      [24, -42],
      [25, -99],
      [22, -55],
      [42, -69],
      [17, -56],
      [38, -63],
      [33, -21],
      [36, -10],
      [32, 32],
      [35, -139],
      [124, -218],
      [34, -36],
      [72, 4],
      [36, -41],
      [20, 10],
      [27, -11],
      [38, -48],
      [57, -26],
      [47, -33],
      [39, -41],
      [57, 90],
      [18, -78],
      [-23, -79],
      [-12, -79],
      [52, -59],
      [45, -41],
      [7, -52],
      [15, -38],
      [14, -110],
      [56, -109],
      [34, -85],
      [68, -5],
      [34, 42],
      [19, 45],
      [53, 32],
      [49, 59],
      [32, 18],
      [39, 41],
      [55, 91],
      [34, -35],
      [-18, -347],
      [64, -15],
      [140, -10],
      [95, -112],
      [155, -177],
      [69, -63],
      [9, 33],
      [20, -5],
      [44, 19],
      [33, -99],
      [-27, -6],
      [-4, -20],
      [45, -46],
      [100, -92],
      [197, -200],
      [82, -79],
      [2, -67],
      [21, -101],
      [10, 0],
      [-67, -144],
      [13, -88],
      [15, -33],
      [49, 32],
      [37, -20],
      [23, -42],
      [35, -29],
      [17, 0],
      [62, 35],
      [109, -56],
      [73, -22],
      [105, -24],
      [53, -62],
      [16, -35],
      [39, -15],
      [71, -13],
      [40, -32],
      [38, -57],
      [8, 20],
      [196, -155],
      [112, -94],
      [8, -23],
      [-8, -38],
      [35, -89],
      [11, -9],
      [-103, -239],
      [-3, -46],
      [28, -7],
      [83, -57],
      [34, -17],
      [101, -192],
      [68, -116],
      [35, -78],
      [75, -99],
      [135, -233],
      [29, -54],
      [128, 258],
      [48, 89],
      [10, -23],
      [-1, -39],
      [11, -16],
      [53, 23],
      [5, -28],
      [38, -61],
      [45, -11],
      [81, -113],
      [135, 77],
      [48, 8],
      [30, 41],
      [43, 129],
      [46, 65],
      [60, -8],
      [23, -12],
      [60, -11],
      [-16, -96],
      [22, -61],
      [53, -69],
      [26, -3],
      [84, -34],
      [31, -2],
      [-14, -97],
      [510, -156],
      [148, -47],
      [134, -48],
      [413, -154]
    ],
    [
      [23241, 31423],
      [-35, 587],
      [-12, 132],
      [-53, 493],
      [-279, 579],
      [-85, 74],
      [-8, -3],
      [-62, 78],
      [-23, -10],
      [-65, 24],
      [-91, 215],
      [16, 334],
      [19, 437],
      [-74, 398],
      [-61, 226],
      [18, 23],
      [-4, 33],
      [10, 28],
      [55, 43],
      [80, -18],
      [-18, 109],
      [49, 28],
      [32, 69],
      [89, 12],
      [104, 63],
      [-27, 132],
      [5, 34],
      [23, 445],
      [7, 95],
      [14, 89],
      [74, 144],
      [40, -34],
      [18, 1],
      [17, 30],
      [72, 70],
      [31, 35],
      [11, 124],
      [0, 101],
      [-5, 81],
      [-31, 79],
      [2, 126],
      [10, 17],
      [-36, 76],
      [-12, 55],
      [-17, 37],
      [-12, 73],
      [0, 93],
      [31, 13],
      [-13, 75],
      [9, 37],
      [11, 104],
      [18, 36],
      [-37, 23],
      [-45, -6],
      [-27, 7],
      [-71, -117],
      [-37, -46],
      [-74, -13],
      [-62, 65],
      [-9, 54],
      [29, 48],
      [-18, 182],
      [-5, 118],
      [-8, 17],
      [45, 56],
      [31, 76],
      [51, 40],
      [14, 80],
      [37, -23],
      [-18, 40],
      [19, 22],
      [-5, 76],
      [-19, 23],
      [2, 27],
      [-26, 65],
      [-13, 50],
      [19, 12],
      [58, -42],
      [82, -20],
      [69, 12],
      [19, -24],
      [48, -18],
      [77, 25],
      [36, -51],
      [29, 11],
      [27, 32],
      [17, -1],
      [69, 74],
      [16, -6],
      [31, 32],
      [11, 31],
      [-9, 37],
      [0, 59],
      [12, 103],
      [52, 101],
      [32, 39],
      [37, 98],
      [-3, 30],
      [23, 52],
      [-34, 107],
      [-4, 81],
      [13, 60],
      [41, 65],
      [35, 25],
      [29, 5],
      [57, -77],
      [37, 8],
      [18, -19],
      [27, 24],
      [14, -6],
      [58, 44],
      [7, 58],
      [-68, 5],
      [-51, 37],
      [-16, 36],
      [-41, 49],
      [36, 48],
      [14, 38],
      [-48, 17],
      [20, 35],
      [11, 58],
      [-6, 37],
      [43, -8],
      [20, 23],
      [26, -2],
      [14, 27],
      [-42, 67],
      [23, 81],
      [24, 10],
      [38, 45],
      [13, -55],
      [25, 31],
      [-23, 92],
      [-45, -8],
      [-24, -43],
      [-37, 18],
      [-26, 46],
      [-28, 32]
    ],
    [
      [19023, 53026],
      [-32, -53],
      [-39, -46],
      [-25, -61],
      [-30, -96],
      [-8, -6],
      [-45, -96],
      [-103, -203],
      [-23, -180],
      [-32, -82],
      [-41, -156],
      [-55, -107],
      [-51, -24],
      [-226, 0],
      [-286, 78],
      [-34, 24],
      [-70, -72],
      [-19, -7],
      [-23, 22],
      [-48, -4],
      [-28, 20],
      [-31, -19],
      [-18, -37],
      [-34, -212],
      [-30, -66],
      [-21, -13],
      [-92, -32],
      [7, 57],
      [-9, 50],
      [-36, 70],
      [-29, 17],
      [-34, -11],
      [-43, 21],
      [-62, -81],
      [-53, -148],
      [-24, -26],
      [-200, 32],
      [-26, -25],
      [-34, 18],
      [-44, -16],
      [-46, 2],
      [-47, 27],
      [-35, -4],
      [-27, -44],
      [-2, -57],
      [-20, -21],
      [8, -23],
      [-23, -87],
      [-29, -25],
      [-24, -55],
      [-46, 20],
      [12, -212],
      [-14, -14],
      [-54, 26],
      [-132, 48],
      [-62, 1],
      [-46, -13],
      [29, -40],
      [22, -68],
      [-57, -27],
      [-26, -42],
      [-68, 69],
      [-56, -137],
      [11, -43],
      [45, -49],
      [23, -3],
      [22, -62],
      [1, -61],
      [-7, -22],
      [-25, 15],
      [-14, -26],
      [19, -56],
      [4, -38],
      [-36, -2],
      [-11, -71],
      [-18, 6],
      [-45, -58],
      [-33, -24],
      [-32, -48],
      [-28, 20],
      [19, -51],
      [22, -90],
      [0, -27],
      [-20, -16],
      [-110, -29],
      [28, -70],
      [-58, 6],
      [-32, -20],
      [16, -90],
      [-22, -19],
      [-4, -74],
      [-28, -11],
      [0, -28],
      [18, -19],
      [24, -3],
      [48, -32],
      [2, -11],
      [-53, -184],
      [89, -48],
      [17, -251],
      [-21, -61],
      [5, -53],
      [-39, -7],
      [-11, -28],
      [14, -100],
      [-5, -97],
      [-65, 70],
      [-55, 46],
      [-48, 3],
      [-26, -7],
      [-26, 33],
      [-23, 6],
      [-7, -17],
      [16, -54],
      [-14, -36],
      [25, -31],
      [0, -106],
      [-13, -5],
      [-4, -51],
      [13, -60],
      [0, -66],
      [41, -33],
      [78, -128],
      [14, -73],
      [-23, -96],
      [0, -36],
      [12, -33],
      [85, -93],
      [40, -60],
      [58, -138],
      [63, -92],
      [12, -39],
      [18, 8],
      [29, -33],
      [19, -53],
      [12, -73],
      [38, -36],
      [19, -6],
      [16, -42],
      [76, -9],
      [30, -11],
      [20, 19],
      [28, -81],
      [7, -96],
      [-30, 41],
      [-35, 17],
      [-31, -47],
      [-12, -84],
      [-27, -105],
      [14, -2],
      [-1, -54],
      [25, -28],
      [-34, -15],
      [-26, 1],
      [-6, -45],
      [3, -48],
      [-11, -74],
      [-18, -47],
      [26, -33],
      [-6, -23],
      [40, -57],
      [-16, -43],
      [40, -28],
      [-8, -26],
      [-5, -131],
      [2, -52],
      [-6, -38],
      [6, -131],
      [-23, 15],
      [-11, -94],
      [-15, -17],
      [5, -32],
      [-17, -44],
      [19, -95],
      [12, 5],
      [25, -79],
      [30, -43],
      [6, -26],
      [-20, -52],
      [-28, -16],
      [-26, -32],
      [25, -87],
      [24, -13],
      [0, -36],
      [18, -63],
      [-1, -53],
      [-10, -15],
      [38, -69],
      [17, -9],
      [30, -53],
      [6, -58],
      [24, -47],
      [16, -78],
      [4, -84],
      [10, -31],
      [-30, -57],
      [27, -48],
      [72, -20],
      [12, -40],
      [16, -2],
      [11, -54],
      [-7, -30],
      [10, -61],
      [-15, -9],
      [21, -97],
      [24, -20],
      [-47, -110],
      [-7, -34],
      [-26, 85],
      [-29, -7],
      [-12, -35],
      [-35, -28],
      [-41, -16],
      [-12, 37],
      [-46, 10],
      [-31, 94],
      [-39, -22],
      [-33, 50],
      [-25, 21],
      [-114, 11],
      [59, -67],
      [14, -83],
      [24, -57],
      [16, -86],
      [-1, -39],
      [-16, -75],
      [-37, -43],
      [-29, 6],
      [-29, -81],
      [-47, -8],
      [-17, 42],
      [-45, 82],
      [-11, 44],
      [0, 41],
      [-66, 5],
      [-44, 51],
      [-54, -13],
      [-28, -17],
      [33, -41],
      [0, -40],
      [14, -26],
      [-1, -34],
      [-17, -141],
      [3, -27],
      [-26, -40],
      [-10, -56],
      [-43, -18],
      [-2, -63],
      [16, -19],
      [47, -94],
      [-26, -62],
      [23, -34],
      [-52, -113],
      [-22, 39],
      [-44, -26],
      [-95, 79],
      [1, 34],
      [-226, 178],
      [-18, 131],
      [-69, 122],
      [-76, -35],
      [-31, 15],
      [-79, 135],
      [-27, 5],
      [32, -144],
      [-16, -76],
      [-9, -79],
      [28, -103],
      [39, -36],
      [5, -93],
      [-18, -13],
      [2, -35],
      [29, -16],
      [-44, -83],
      [10, -75],
      [-62, 22],
      [-24, -6],
      [-46, -119],
      [9, -62],
      [26, 1],
      [54, -100],
      [9, 2],
      [22, -72],
      [0, -64],
      [119, -26],
      [62, -21],
      [131, 9],
      [50, -82],
      [-62, -148],
      [-12, -56],
      [67, -41],
      [5, -23],
      [-22, -139],
      [8, -58],
      [20, -31],
      [10, -39],
      [41, -40],
      [-1, -97],
      [-10, -29],
      [-22, -7],
      [-127, 106],
      [-42, 50],
      [-51, 41],
      [-41, -5],
      [-11, 70],
      [-19, 33],
      [-37, -11],
      [19, -140],
      [2, -46],
      [-16, -5],
      [4, -37],
      [13, -1],
      [-2, -146],
      [17, -136],
      [85, -92],
      [31, -82],
      [10, -42],
      [-29, -165],
      [-59, -310],
      [50, -115],
      [-21, -219],
      [-26, -49],
      [6, -47],
      [0, -91],
      [-10, -59],
      [-7, -110],
      [10, -138],
      [24, -53],
      [22, -205],
      [-44, -163],
      [-10, -132]
    ],
    [
      [9579, 69825],
      [-19, 19],
      [-58, 20],
      [-30, 32],
      [-35, 14],
      [-24, 35],
      [-53, 42],
      [-19, 38],
      [-61, -17],
      [-29, -1],
      [-19, -26],
      [-19, 9],
      [-29, -19],
      [-30, 18],
      [-62, 13],
      [-25, 50],
      [-34, -9],
      [-41, 7],
      [-21, -32],
      [-40, 3],
      [-39, -22],
      [-23, 5],
      [-72, -17],
      [-66, 12],
      [-36, -14],
      [-28, -24],
      [-29, 67],
      [-7, 62],
      [21, 59],
      [-3, 107],
      [-61, 65],
      [-27, 14],
      [-42, 51],
      [-15, 0],
      [-2, 47],
      [-48, -33],
      [-43, 22],
      [-14, -6],
      [-6, -42],
      [-82, -58],
      [-38, -40],
      [-48, 9],
      [-37, -26],
      [-69, -1],
      [-38, -44],
      [-25, -75],
      [-91, -5],
      [-25, -18],
      [-32, 18],
      [-64, 22],
      [-66, 68],
      [-38, -30],
      [-13, -31],
      [-18, 2],
      [-12, -25],
      [-44, 47],
      [-50, -58],
      [-25, -56],
      [-19, -19],
      [-29, -77],
      [-21, 5],
      [-30, -35],
      [-34, 20],
      [-17, -14],
      [-52, 57],
      [-14, 40],
      [-23, 6],
      [-9, 26],
      [-28, 30],
      [-15, -43],
      [-33, -7],
      [-32, -86],
      [-24, 0],
      [-5, -20],
      [-27, 33],
      [-40, 17],
      [-24, -20],
      [-36, -50],
      [-33, -23],
      [-50, -5],
      [0, -31],
      [-37, 25],
      [-17, 38],
      [-27, 15],
      [-52, -92],
      [-18, -11],
      [-3, -31],
      [-61, -30],
      [-11, -35],
      [-45, -2],
      [-4, -76],
      [-23, 14],
      [1, -27],
      [-47, -166],
      [-36, -33],
      [-1, -35],
      [-35, -40],
      [-31, -11],
      [-4, -19],
      [-54, -15],
      [-34, 43],
      [-19, 1],
      [-10, -49],
      [12, -59],
      [-6, -36],
      [-49, -71],
      [-39, -81],
      [1, -17],
      [-27, -125],
      [-12, -372],
      [1, -66],
      [-6, -117],
      [-21, -102],
      [-19, -71],
      [31, -241],
      [-6, -77],
      [12, -57],
      [-59, 15],
      [-31, -36],
      [-8, 7],
      [-23, -134],
      [-4, -53],
      [-17, -70],
      [-25, -23],
      [-11, 7],
      [-25, -68],
      [-37, -79],
      [-61, -148],
      [-2, -16],
      [-82, -141],
      [-33, 29],
      [-15, 32],
      [-36, -11],
      [-20, 21],
      [-36, -25],
      [-52, -9],
      [-24, -29],
      [-28, -75],
      [-47, -46],
      [8, -72],
      [-11, -29],
      [-24, -14],
      [-36, -91],
      [-73, -65],
      [-76, 9],
      [-46, 21],
      [-32, -28],
      [-18, -1],
      [-10, -33],
      [-35, 16],
      [-38, -51],
      [-62, 5],
      [-12, -40],
      [6, -47],
      [-10, -63],
      [-40, -68],
      [-6, -57],
      [9, -28],
      [-36, -66],
      [-68, 24],
      [5, -43],
      [-13, -11],
      [-85, -20],
      [-108, 110],
      [-8, -11],
      [-57, 63],
      [-14, 28],
      [-69, -107],
      [-106, -139],
      [-98, -97],
      [-55, -12],
      [3, -148],
      [-5, -40],
      [16, -60],
      [-2, -37],
      [22, -74],
      [-18, -20],
      [-15, -46],
      [-76, -24],
      [-56, 2],
      [-13, -11],
      [-60, 39],
      [-37, 3],
      [-15, -13],
      [-42, -98],
      [-34, -25],
      [-50, -60],
      [-19, -41],
      [-52, -55],
      [-29, -49],
      [-41, -26],
      [-28, -39],
      [-32, -16],
      [-80, -17],
      [-115, -38],
      [-6, 13],
      [-71, -4],
      [-14, -25],
      [-45, 34],
      [-38, 17],
      [-58, -51],
      [-34, -44],
      [-26, -7],
      [-22, -26],
      [-11, -69],
      [-16, -34],
      [-87, -96],
      [-35, -114],
      [-54, -68],
      [-43, -17],
      [-23, 3],
      [-6, -48],
      [-53, -31],
      [-44, -48],
      [-44, -28],
      [-31, -2],
      [-9, 22],
      [-71, 64],
      [-66, 20],
      [-66, 54],
      [-57, 1],
      [-23, 11],
      [-14, -21],
      [-56, -3],
      [-75, 10],
      [-32, 13],
      [-17, -11],
      [-63, -6],
      [-18, 9],
      [-37, -11],
      [-26, -36],
      [-23, -77],
      [-57, -22],
      [-40, -7],
      [-28, -33],
      [-45, 5],
      [-56, -12],
      [-35, -67],
      [-11, -54],
      [-3, -67],
      [11, -75],
      [-12, -34],
      [-13, -105],
      [25, -46],
      [19, -68],
      [27, -41],
      [19, -46],
      [15, -12],
      [38, -153],
      [18, -13],
      [12, -35],
      [-39, -86],
      [6, -56],
      [24, -51],
      [26, -13],
      [33, -65],
      [-3, -85],
      [9, -39],
      [5, -157],
      [19, -38],
      [26, -25],
      [29, -118],
      [10, -71],
      [26, -48],
      [37, -51],
      [5, -21],
      [-41, -113],
      [28, -20],
      [-9, -36],
      [-20, -27],
      [6, -58],
      [-36, -42],
      [-42, 15],
      [-30, -7],
      [-26, -24],
      [1, -31],
      [-20, -98],
      [-45, -109],
      [-16, -105],
      [-46, -81],
      [1, -44],
      [-9, -56],
      [-36, -38],
      [-55, -41],
      [-47, 12],
      [-44, 35],
      [-66, 31],
      [-35, -6],
      [-43, 9],
      [-30, -18],
      [-82, 7],
      [-23, -51],
      [-85, -117],
      [-90, -111],
      [-31, -17],
      [-36, -101],
      [-34, -7],
      [18, -64],
      [-27, -43],
      [-6, -42],
      [16, -28],
      [-2, -40],
      [16, -64],
      [-12, -91],
      [7, -60],
      [-17, -39],
      [28, -61],
      [24, -81],
      [17, -26],
      [-4, -55],
      [17, -50],
      [-35, -28],
      [-33, -7],
      [-28, 36],
      [-24, 8],
      [-43, -17],
      [-45, 4],
      [-54, -22],
      [-35, 19],
      [-51, 7],
      [-20, -7],
      [-23, -52],
      [1, -26],
      [-89, -305],
      [-260, -39],
      [-590, -92],
      [-1, -39],
      [25, -70],
      [28, -198],
      [14, -163],
      [74, -168],
      [58, -2],
      [36, 72],
      [18, 8],
      [4, 33],
      [34, -5],
      [53, 15],
      [53, -350],
      [51, -83],
      [18, -16],
      [33, -61],
      [28, -68],
      [-1, -77],
      [-22, -179],
      [20, -156],
      [3, -97],
      [15, -69],
      [-11, -45],
      [5, -145],
      [10, -89],
      [53, -82],
      [-6, -50],
      [10, -44],
      [-9, -54],
      [-32, -33],
      [22, -42],
      [21, -74],
      [-3, -46],
      [31, -87],
      [17, -23],
      [5, -48],
      [-17, -28],
      [-6, -51],
      [43, -31],
      [4, -45],
      [-26, -23],
      [39, -94],
      [15, -16],
      [-10, -41],
      [-16, -11],
      [17, -56],
      [-2, -36],
      [29, -70],
      [-13, -37],
      [13, -21],
      [52, -19],
      [42, -41],
      [22, -108],
      [57, -165],
      [7, -112],
      [19, -75],
      [0, -46],
      [13, -76],
      [61, -99],
      [20, -18],
      [54, -146],
      [60, -70],
      [38, 28],
      [40, -65],
      [28, -22],
      [41, -10],
      [7, -62],
      [67, -54],
      [52, -76],
      [30, -12],
      [36, -34],
      [0, -40],
      [-37, -27],
      [-11, -27],
      [22, -90],
      [16, -39],
      [-15, -21],
      [-50, -19],
      [-1, -23],
      [-32, -26],
      [-31, -91],
      [-23, -17],
      [-39, 10],
      [-21, -23],
      [-20, 4],
      [-6, 30],
      [-25, -20],
      [-17, -44],
      [-61, -18],
      [-8, -27],
      [10, -60],
      [109, -111],
      [46, -118],
      [1, -15],
      [-49, -276],
      [-45, -53],
      [-81, -39],
      [-35, -32],
      [7, -19],
      [-31, -73],
      [0, -32],
      [18, -77],
      [25, -55],
      [44, -34],
      [-37, -21],
      [23, -38],
      [149, -83],
      [73, -56],
      [107, -59],
      [13, -26],
      [28, -171],
      [389, 368],
      [125, 56],
      [107, 15],
      [89, 20],
      [62, 241],
      [-130, 631],
      [61, 24],
      [81, -42],
      [255, 66],
      [266, -174],
      [235, 114],
      [162, -10],
      [40, -17],
      [50, -7],
      [38, 5],
      [84, -28],
      [21, -21],
      [112, -56],
      [40, -5],
      [22, -25],
      [51, 0],
      [44, -40],
      [21, 3],
      [61, -42],
      [42, -45],
      [-19, -72],
      [51, -56],
      [-23, -31],
      [-45, -29],
      [2, -61],
      [52, -10],
      [34, -54],
      [33, -1],
      [30, -40],
      [27, -16],
      [41, 8],
      [59, -21],
      [10, 7],
      [64, -22],
      [18, 27],
      [22, 8],
      [37, -33],
      [21, 8],
      [55, -11],
      [62, -24],
      [44, 40],
      [25, 68],
      [52, 41],
      [21, 4],
      [57, 48],
      [22, 6],
      [65, -18],
      [1, 15],
      [135, 71],
      [20, -62],
      [-10, -77],
      [-4, -125],
      [6, -196],
      [19, -8],
      [21, 33],
      [66, 36],
      [188, 31],
      [53, -41],
      [29, -7],
      [69, -34],
      [52, -8],
      [42, -64],
      [36, -37],
      [40, -27],
      [64, -65],
      [52, -42],
      [112, -126],
      [58, -70],
      [41, -37],
      [66, -83],
      [-11, -68],
      [22, -110],
      [-1, -20],
      [-30, -55],
      [21, -49],
      [-17, -47],
      [10, -43],
      [34, -70],
      [23, -4],
      [6, -47],
      [42, -66],
      [8, 10],
      [22, -61],
      [-7, -87],
      [-14, -39],
      [0, -216],
      [-11, -116],
      [8, -59],
      [2, -62],
      [52, -57],
      [23, 47],
      [67, 53],
      [25, -38],
      [19, 26],
      [-14, -73],
      [20, -69],
      [30, -14],
      [15, -39],
      [9, 26],
      [17, -1],
      [17, 44],
      [41, 41],
      [34, -29],
      [34, -4],
      [72, 99],
      [34, 29],
      [14, 35],
      [43, 77],
      [55, 77],
      [39, 46],
      [17, -29],
      [4, -90],
      [10, 5],
      [17, 53],
      [0, 31],
      [14, 15],
      [32, 62],
      [45, 39],
      [9, 45],
      [36, 38],
      [47, -75],
      [-17, -66],
      [-62, -69],
      [-35, -84],
      [-3, -37],
      [20, -13],
      [139, 41],
      [197, -15],
      [31, -10],
      [160, 28],
      [163, 38],
      [38, -131],
      [-4, -26],
      [-24, -24],
      [-46, -78],
      [94, -82],
      [100, 69],
      [144, 104],
      [331, 323],
      [16, 17],
      [106, -76],
      [63, -28],
      [152, -54],
      [43, -19],
      [62, -38],
      [123, -97],
      [124, -86],
      [130, -162],
      [93, -256],
      [2, -35],
      [19, -11],
      [10, -52],
      [23, -35],
      [6, -51],
      [25, -87],
      [19, -37],
      [26, -95],
      [-10, -26],
      [-27, -21],
      [1, -96],
      [-10, -44],
      [-33, -59]
    ],
    [
      [8961, 51480],
      [65, -20],
      [73, -5],
      [85, 25],
      [77, 52],
      [3, -69],
      [9, -30],
      [34, -24],
      [32, -89],
      [1, -21],
      [56, -47],
      [12, -60],
      [-3, -40],
      [27, -9],
      [7, -25],
      [-42, -162],
      [69, -125],
      [-14, -60],
      [9, -24],
      [-14, -50],
      [51, -60],
      [14, -25],
      [6, -60],
      [61, -122],
      [8, -1],
      [37, -77],
      [3, -47],
      [16, -16],
      [17, -146],
      [16, -43],
      [-5, -30],
      [19, -31],
      [0, -112],
      [30, -152],
      [2, -61],
      [-10, -22],
      [-20, -277],
      [-2, -87],
      [-11, -58],
      [13, -16],
      [59, -35],
      [38, 6],
      [16, -26],
      [30, -16],
      [15, -32],
      [50, -147],
      [38, -76],
      [-8, -10],
      [27, -43],
      [-35, -54],
      [12, -19],
      [-7, -61],
      [14, -8],
      [52, 7],
      [-5, 36],
      [36, 36],
      [1, 37],
      [48, -35],
      [-2, -23],
      [24, 11],
      [21, -24],
      [30, 20],
      [24, -15],
      [26, 16],
      [77, 9],
      [18, -49],
      [28, 12],
      [23, 25],
      [16, -26],
      [38, -3],
      [0, -36],
      [-33, -3],
      [-12, -14],
      [-55, -1],
      [-119, -51],
      [-26, -32],
      [-11, -35],
      [-10, 10],
      [-33, -18],
      [16, -26],
      [11, -52],
      [17, -37],
      [2, -34],
      [-16, -25],
      [23, -45],
      [36, 41],
      [51, 34],
      [106, 38],
      [28, 0],
      [60, -39],
      [30, -2],
      [6, -101],
      [30, -76],
      [39, -72],
      [44, -141],
      [28, -59],
      [44, -15],
      [70, 26],
      [39, 0],
      [92, 36],
      [94, -86],
      [9, -61],
      [89, -84],
      [60, -11],
      [27, -17],
      [-101, -19],
      [46, -12],
      [-1, -27],
      [23, -6],
      [17, -92],
      [35, -60],
      [41, 17],
      [5, -53],
      [-7, -17],
      [22, -32],
      [3, -25],
      [39, 10],
      [30, -40],
      [41, -34],
      [-6, -37],
      [40, -37],
      [12, -30],
      [27, 26],
      [24, 5],
      [69, 44],
      [26, 57],
      [36, -30],
      [29, 1],
      [38, -103],
      [22, 5],
      [20, 30],
      [60, -65],
      [20, -54],
      [-5, -50],
      [12, -53],
      [78, 83],
      [93, 35],
      [-12, -66],
      [15, -99],
      [-3, -65],
      [12, -84],
      [16, -44],
      [46, 33],
      [15, -18],
      [-25, -51],
      [-10, -41],
      [-19, -4],
      [-24, -63],
      [7, -49],
      [105, -57],
      [53, 1],
      [38, 10],
      [73, 3],
      [65, -90],
      [8, 14],
      [114, 238],
      [84, 182],
      [83, 115],
      [-3, 113],
      [157, -70],
      [78, -50],
      [-18, -45],
      [33, -15],
      [61, -2],
      [19, 15],
      [29, 69],
      [15, 11],
      [11, 75],
      [29, -43],
      [26, 4],
      [15, -15],
      [32, 21],
      [68, 4],
      [96, -18],
      [81, -33],
      [32, -112],
      [93, -287],
      [63, -392],
      [9, -161],
      [-40, -39],
      [-7, -99],
      [-12, -71],
      [-54, -40],
      [-31, -147],
      [104, -184],
      [182, -305],
      [74, -95],
      [69, -101],
      [-23, -17],
      [10, -28],
      [-24, -55],
      [-27, -18],
      [-13, -44],
      [-28, -25],
      [-66, 70],
      [-159, -236],
      [-8, -54],
      [-20, -38],
      [18, -50],
      [56, -97],
      [27, -105],
      [-48, -75],
      [-42, -75],
      [35, -120],
      [-36, -86],
      [32, -107],
      [-32, -98],
      [14, -26],
      [4, -80],
      [-25, -66],
      [-7, -47],
      [-4, -132],
      [19, -115],
      [-7, -16],
      [5, -50],
      [-11, -69],
      [20, 8],
      [42, -32],
      [1, -58],
      [250, -506],
      [38, -87],
      [32, 3],
      [46, -121],
      [56, -198],
      [59, -25],
      [17, -211],
      [-25, -87],
      [69, -201],
      [114, -289],
      [16, -101],
      [19, -41],
      [43, 59],
      [59, -128],
      [31, -100],
      [86, -147],
      [2, -13],
      [66, 143],
      [23, -38],
      [19, -10],
      [62, -104],
      [36, -20],
      [20, -28],
      [68, -30],
      [26, 3],
      [54, -32],
      [49, -56],
      [24, -79],
      [2, -28],
      [24, -40],
      [56, -42],
      [41, -55],
      [27, -13],
      [24, 10],
      [42, -45],
      [-31, -57],
      [65, -61],
      [41, 65],
      [20, -20],
      [28, -52],
      [7, -37],
      [81, -97],
      [-1, -45],
      [48, -78]
    ],
    [
      [7458, 8156],
      [-49, 8],
      [-33, -14],
      [-10, -59],
      [-27, -63],
      [-32, -32],
      [-54, -5],
      [-59, 27],
      [-51, 1],
      [-67, -25],
      [-44, -34],
      [11, -61],
      [-9, -91],
      [-35, -113],
      [-6, -66],
      [2, -68],
      [18, -29],
      [19, -61],
      [40, -84],
      [4, -42],
      [10, -2],
      [-16, 57],
      [11, 25],
      [-25, 42],
      [-26, 67],
      [2, 19],
      [86, 59],
      [10, 28],
      [23, -32],
      [51, -49],
      [-5, -45],
      [-17, -44],
      [1, -45],
      [19, -33],
      [-21, -55],
      [-64, 6],
      [-3, -12],
      [-44, 1],
      [-48, -141],
      [-17, 1],
      [-36, -36],
      [-28, 16],
      [-26, 33],
      [-50, 20],
      [-112, 7],
      [-32, -16],
      [-28, -34],
      [-26, -6],
      [-46, 32],
      [-35, 9],
      [-85, 2],
      [-26, -7],
      [-47, -30],
      [10, -14],
      [-54, -23],
      [-35, 22],
      [-63, 67],
      [-95, 120],
      [-56, 45],
      [-82, 35],
      [-71, 46],
      [-88, 29],
      [-66, -5],
      [-6, -11],
      [42, -44],
      [52, -65],
      [32, -82],
      [-18, -89],
      [34, 127],
      [18, 2],
      [-8, -45],
      [22, -27],
      [-2, -54],
      [-26, -50],
      [-11, 10],
      [-15, -90],
      [1, -92],
      [-7, -2],
      [-10, -74],
      [4, -49],
      [54, -162],
      [20, -143],
      [39, -62],
      [8, 4],
      [35, -68],
      [0, -16],
      [47, -62],
      [24, 17],
      [-8, 43],
      [-23, -22],
      [10, 37],
      [29, -13],
      [22, 38],
      [31, 16],
      [-2, 17],
      [26, 13],
      [53, -10],
      [52, -47],
      [54, -74],
      [69, -54],
      [23, -10],
      [52, -2],
      [12, -11],
      [65, 14],
      [14, 24],
      [42, 7],
      [69, -14],
      [25, -44],
      [13, -46],
      [1, -59],
      [-16, -78],
      [4, -76],
      [39, -60],
      [-5, -167],
      [9, -7],
      [0, 93],
      [50, 2],
      [1, -107],
      [9, -15],
      [-44, 7],
      [-32, -154],
      [-48, 24],
      [-78, -17],
      [-23, 7],
      [-59, -59],
      [-34, -74],
      [-2, -30],
      [15, -44],
      [-13, -34],
      [-70, -106],
      [139, -221],
      [-10, -23],
      [-16, -106],
      [46, -80],
      [23, 30],
      [23, -73],
      [42, -157],
      [-1, -254],
      [17, -10],
      [0, -121],
      [-15, 4],
      [-80, -280],
      [-5, -10],
      [-38, 61],
      [-91, -117],
      [-14, 26],
      [-104, -157],
      [55, -26],
      [22, -25],
      [27, 28],
      [35, -61],
      [5, -48],
      [49, -51],
      [4, -42],
      [34, -8],
      [28, -43],
      [38, 10],
      [6, -40],
      [26, -33],
      [-3, -37],
      [44, -24],
      [32, 3],
      [37, -56],
      [14, -45],
      [29, -31],
      [24, -4],
      [46, -67],
      [63, -35],
      [35, -47],
      [61, -41],
      [21, -56],
      [16, 14],
      [75, -41],
      [45, -73],
      [35, -39],
      [28, -6],
      [7, -18],
      [87, -25],
      [77, 1],
      [74, 42],
      [14, -2],
      [-7, -34],
      [-15, -3],
      [8, -31],
      [-7, -38],
      [12, -2],
      [15, 46],
      [20, -35],
      [19, 71],
      [13, -45],
      [31, -51],
      [5, 10],
      [29, -26],
      [24, -6],
      [28, -35],
      [63, -116],
      [24, -1],
      [39, -45],
      [29, -8],
      [28, 24],
      [50, -32],
      [25, 30],
      [30, 13],
      [70, -14],
      [79, -51],
      [90, -36],
      [38, -67],
      [33, 3],
      [19, -28],
      [66, -42],
      [112, -62],
      [37, -49],
      [72, -79],
      [27, -1],
      [56, 31],
      [9, -2],
      [42, -80],
      [16, -4],
      [51, 31],
      [12, -41],
      [32, -22],
      [-1, -92],
      [53, -165],
      [24, -20],
      [63, 19],
      [28, -46],
      [47, -26],
      [6, -40],
      [13, -2]
    ],
    [
      [9150, 1672],
      [23, 63],
      [-11, 13],
      [25, 45],
      [-13, 16],
      [16, 27],
      [16, -18],
      [30, 21],
      [14, -8],
      [17, 39],
      [-15, 73],
      [59, 28],
      [30, 52],
      [7, -47],
      [25, -13],
      [51, 13],
      [50, 4],
      [85, 44],
      [35, 44],
      [-52, 132],
      [-38, 25],
      [-9, 44],
      [-31, 64],
      [-20, 22],
      [-5, 111],
      [-18, 59],
      [40, -35],
      [38, -71],
      [55, -87],
      [29, -8],
      [41, 29],
      [11, 36],
      [-19, 47],
      [38, 23],
      [32, 44],
      [12, 59],
      [-33, 68],
      [4, 58],
      [-14, 28],
      [-63, 49],
      [58, 74],
      [1, 37],
      [-31, 47],
      [41, 45],
      [-3, 22],
      [31, 67],
      [5, 40],
      [23, 79],
      [-7, 76],
      [-25, 75],
      [34, -47],
      [25, -68],
      [17, -14],
      [16, 40],
      [21, 3],
      [49, 55],
      [105, 180],
      [19, 6],
      [10, 30],
      [39, 66],
      [-3, 20],
      [34, 64],
      [0, 23],
      [21, 10],
      [78, -59],
      [9, -16],
      [29, 11],
      [24, -11],
      [31, 99],
      [13, 71],
      [31, 33],
      [8, 57],
      [21, 98],
      [18, 155],
      [27, 70],
      [-5, 16],
      [30, 25],
      [8, 32],
      [33, 66],
      [8, 57],
      [16, 18],
      [8, 36],
      [-33, 147],
      [11, 24],
      [-5, 93],
      [20, 21],
      [-31, 82],
      [-27, 0],
      [-22, 28],
      [-31, 6],
      [-17, 27],
      [-32, -1],
      [-40, 38],
      [-15, 0],
      [-15, -34],
      [-41, 14],
      [-47, -19],
      [-40, 8],
      [-40, 37],
      [-33, -10],
      [-54, 45],
      [-31, 10],
      [-45, -14],
      [-31, 6],
      [-41, 45],
      [-21, 4],
      [-37, -24],
      [-28, 1],
      [-88, 44],
      [-32, 32],
      [-17, -17],
      [-22, 11],
      [-36, -9],
      [-25, 11],
      [4, 26],
      [-14, 30],
      [-62, 9],
      [-5, -46],
      [-32, 12],
      [-19, -32],
      [-57, -24]
    ],
    [
      [9328, 5034],
      [-43, 1],
      [-22, -76],
      [-27, -51],
      [14, -63],
      [22, 1],
      [28, -79],
      [-22, -32],
      [23, -52],
      [-19, -52],
      [-3, -51],
      [-19, -12],
      [2, -51],
      [-17, -43],
      [11, -74],
      [-12, -41],
      [-10, -73],
      [-24, -56],
      [-26, -95],
      [16, -19],
      [-15, -56],
      [17, -38],
      [-4, -129],
      [20, -23],
      [-11, -34],
      [-3, -84],
      [-32, -1],
      [-30, -69],
      [-25, 33],
      [-29, 12],
      [-9, 21],
      [-27, -19],
      [-28, 6],
      [-79, -100],
      [-74, -38],
      [-53, 10],
      [-59, -58],
      [-34, -7],
      [5, 58],
      [-23, -15],
      [0, 81],
      [-68, -72],
      [-51, 55],
      [-28, 44],
      [-31, 79],
      [51, 51],
      [39, 75],
      [13, 63],
      [18, 29],
      [-44, 28],
      [4, 22],
      [-56, 66],
      [-22, 12],
      [6, 48],
      [-6, 51],
      [-22, 9],
      [-32, 39],
      [-18, 7],
      [-19, 70],
      [-5, 114],
      [-12, 133],
      [-22, 10],
      [-78, -23],
      [-23, 5],
      [-40, -18],
      [-10, 54],
      [-17, -9],
      [-9, 35],
      [29, 55],
      [-25, 41],
      [5, 18],
      [-28, 60],
      [59, 58],
      [63, 81],
      [-23, -3],
      [-97, -35],
      [-20, -13],
      [21, 76],
      [23, 49],
      [-5, 20],
      [-38, 16],
      [-63, -61],
      [-3, -49],
      [-43, 55],
      [-24, 4],
      [-3, 21],
      [-28, -5],
      [-65, 21],
      [-67, 28],
      [-39, 32],
      [-17, 40],
      [46, 38],
      [14, 45],
      [20, 12],
      [44, 78],
      [-11, 19],
      [-12, 68],
      [-25, 16],
      [-29, 47],
      [-4, 57],
      [-18, 83],
      [-26, 16],
      [-2, 149],
      [5, 43],
      [40, 22],
      [-8, 44],
      [17, 11],
      [8, 44],
      [-15, 49],
      [6, 64],
      [13, 31],
      [35, 34],
      [-16, 30],
      [-28, -8],
      [10, 43],
      [-3, 105],
      [-18, 56],
      [-63, 64],
      [-29, 21],
      [-18, 86],
      [0, 34],
      [-32, 39],
      [-27, 9],
      [-28, 82],
      [-40, 69],
      [8, 24],
      [-2, 81],
      [-51, 93],
      [-15, 8],
      [-7, 66],
      [14, 49],
      [-14, 83],
      [12, 14],
      [15, 147],
      [18, 42],
      [5, 57],
      [-8, 53],
      [8, 88],
      [-2, 40],
      [-49, 30],
      [-29, -5],
      [-35, 21],
      [7, 33],
      [-35, 25],
      [4, 21],
      [-54, 47],
      [43, 76],
      [-15, 47],
      [-29, 0],
      [16, 74],
      [9, 73],
      [6, 99],
      [-5, 18]
    ],
    [
      [9328, 5034],
      [23, 52],
      [-4, 49],
      [31, 78],
      [18, 61],
      [10, 102],
      [50, 115],
      [12, 64],
      [26, 53],
      [-3, 78],
      [13, 92],
      [26, 64],
      [30, 41],
      [0, 38],
      [33, 41],
      [34, 102],
      [22, -10],
      [42, 73],
      [3, 63],
      [44, 68],
      [1, 39],
      [28, 64],
      [32, 39],
      [19, 42],
      [-1, 48],
      [21, 24],
      [-7, 50],
      [8, 22],
      [-8, 43],
      [15, 38],
      [-11, 77],
      [22, -7],
      [2, 24],
      [-24, 22],
      [-6, 24],
      [-33, 46],
      [-38, 69],
      [-14, 147],
      [54, 31],
      [-17, 148],
      [21, 11]
    ],
    [
      [9802, 7259],
      [-17, 104],
      [6, 117],
      [7, 35],
      [-13, 83],
      [10, 35],
      [64, 40],
      [33, 29],
      [-37, 117],
      [-16, 63],
      [1, 59],
      [-15, 84],
      [-16, 4],
      [-53, 40],
      [16, 57],
      [54, 63],
      [-47, 58],
      [-11, 146],
      [17, 79],
      [32, 66],
      [-5, 51],
      [19, 57],
      [41, 41],
      [1, 21]
    ],
    [
      [9873, 8708],
      [-64, 20],
      [-21, -5],
      [-170, -109],
      [-75, -33],
      [-67, -16],
      [-68, -41],
      [-37, -46],
      [-34, -95],
      [-36, -77],
      [-32, -43],
      [-40, -36],
      [-37, -47],
      [-42, -77],
      [-44, -22],
      [-133, 70],
      [1, 119],
      [-21, -9],
      [-26, 15],
      [-2, 38],
      [-24, -2],
      [-32, -22],
      [-38, 17],
      [-93, -27],
      [-31, 4],
      [12, -65],
      [-5, -38],
      [7, -58],
      [-9, -55],
      [18, 25],
      [16, -34],
      [-14, -15],
      [16, -58],
      [47, -40],
      [-27, -73],
      [-11, 2],
      [-25, -63],
      [-15, 11],
      [-67, -64],
      [-10, 92],
      [2, -115],
      [-18, -21],
      [-18, 13],
      [-51, 7],
      [0, 26],
      [-33, 3],
      [1, 120],
      [114, 37],
      [3, 6],
      [-124, -39],
      [2, -119],
      [-5, -17],
      [-95, -10],
      [-11, -42],
      [-31, -60],
      [-10, -32],
      [-59, 4],
      [-72, 43],
      [-48, 48],
      [-21, 1],
      [-38, -32],
      [-28, -10],
      [-51, 0],
      [-66, 15],
      [-87, 41],
      [-84, 57],
      [-76, 76],
      [-16, -13],
      [-50, 47],
      [-83, 102],
      [-40, 83],
      [-41, 67],
      [-17, 17],
      [-31, 2]
    ],
    [
      [11357, 9381],
      [-291, -19],
      [-61, -311],
      [268, 17],
      [2, -61],
      [-144, -124],
      [-166, -10],
      [-26, 19],
      [-2, -38],
      [-56, -8],
      [-26, -25],
      [-11, 7],
      [-45, -34],
      [-9, -19],
      [44, -6],
      [4, -60],
      [17, 12],
      [5, -80],
      [-175, -288],
      [-56, 29],
      [-54, 50],
      [-90, 119],
      [-64, 62],
      [-56, 26],
      [-4, -14],
      [-83, 29],
      [-52, 6],
      [-97, 45],
      [-29, 9],
      [-47, -4],
      [-74, 4],
      [-106, -6]
    ],
    [
      [9802, 7259],
      [74, -50],
      [28, -34],
      [46, -37],
      [38, -18],
      [19, 9],
      [38, -25],
      [35, 6],
      [28, -19],
      [18, 6],
      [63, -33],
      [30, 18],
      [31, 51],
      [10, 32],
      [54, 0],
      [63, 42],
      [36, 3],
      [24, -23],
      [-12, -32],
      [-51, -20],
      [-59, -46],
      [-46, -103],
      [-46, -72],
      [8, -66],
      [30, -30],
      [76, -21],
      [-18, -34],
      [-77, -70],
      [-38, -19],
      [2, -51],
      [-23, -57],
      [-4, -44],
      [50, -18],
      [5, -52],
      [13, -7],
      [35, 19],
      [38, 38],
      [17, -26],
      [6, -33],
      [49, -7],
      [33, 31],
      [28, -23],
      [34, 3],
      [15, -32],
      [-3, -22],
      [-40, -70],
      [-20, -12],
      [-52, -70],
      [-27, -47],
      [-18, -5],
      [9, -75],
      [46, -55],
      [67, -3],
      [88, -64],
      [14, -41],
      [40, 11],
      [15, -11],
      [29, 15],
      [49, 7],
      [13, 17],
      [13, -24],
      [12, 42],
      [62, 8],
      [17, 57],
      [66, -17],
      [-24, 28],
      [9, 19],
      [-34, 51],
      [0, 68],
      [-20, 12],
      [7, 41],
      [-25, 12],
      [24, 69],
      [-8, 95],
      [20, 46],
      [4, 47],
      [32, 132],
      [28, 66],
      [4, 73],
      [31, 41],
      [26, 15],
      [69, 87],
      [20, 43],
      [34, 27],
      [-22, 21],
      [70, 159],
      [34, 140],
      [5, 63],
      [-4, 355],
      [17, 39],
      [-8, 48],
      [4, 61],
      [36, 125],
      [49, 215],
      [31, 64],
      [6, -27],
      [43, -93],
      [7, -36],
      [31, 5],
      [21, -43],
      [23, -24],
      [30, 17],
      [70, 72],
      [28, 13],
      [22, 39],
      [26, 13],
      [-12, 22],
      [45, -3],
      [49, 58],
      [31, 28],
      [121, 148],
      [0, 18],
      [-38, 197],
      [-26, 173],
      [32, 178],
      [-57, 96],
      [16, 22],
      [-35, 85],
      [-56, 6],
      [-1, 41],
      [-79, 15],
      [-93, 0],
      [-1, -35],
      [-96, -38],
      [-41, 102],
      [0, 14]
    ],
    [
      [9150, 1672],
      [25, 0],
      [2, -36],
      [47, -96],
      [52, -60],
      [33, -21],
      [52, 26],
      [26, 45],
      [-26, 15],
      [-9, 56],
      [20, -3],
      [48, 22],
      [21, -57],
      [74, 21],
      [65, 95],
      [31, 10],
      [7, 18],
      [-5, 55],
      [10, 29],
      [50, 27],
      [29, 28],
      [48, 18],
      [34, 60],
      [15, 7],
      [43, 65],
      [-3, 43],
      [40, 4],
      [16, 23],
      [13, 64],
      [31, 1],
      [21, 26],
      [22, 91],
      [26, -22],
      [45, 8],
      [18, 15],
      [43, -1],
      [29, 27],
      [3, 70],
      [14, 60],
      [22, 22],
      [56, -9],
      [30, 48],
      [32, 27],
      [12, -11],
      [11, -81],
      [-42, -51],
      [32, -54],
      [1, -98],
      [14, -54],
      [77, 48],
      [75, 14],
      [50, 39],
      [86, 52],
      [119, 64],
      [41, 37],
      [29, 8],
      [51, -38],
      [-6, 123],
      [3, 52],
      [-23, 57],
      [68, 62],
      [22, -14],
      [31, 2],
      [33, -50],
      [61, -16],
      [22, 39],
      [82, 9],
      [23, 25],
      [17, -15],
      [21, 22],
      [23, 2],
      [22, 47],
      [33, 41],
      [47, 14],
      [38, -5],
      [17, 15],
      [55, -22],
      [45, -59],
      [16, -2],
      [76, 32],
      [80, -24],
      [38, 30],
      [58, 13],
      [73, 51],
      [43, 8],
      [42, 22],
      [71, 129],
      [5, 24],
      [43, 35],
      [24, 73],
      [19, 3],
      [42, 65],
      [30, 6],
      [34, -21],
      [7, -58],
      [28, -63],
      [27, -22],
      [27, 11],
      [60, 47],
      [56, -20],
      [27, -32],
      [11, -51],
      [19, -20],
      [25, 16],
      [112, 157],
      [15, 2],
      [18, -37],
      [23, -14],
      [45, -1],
      [42, 26],
      [23, 28],
      [23, -44],
      [44, -22],
      [55, -49],
      [75, -27],
      [52, -41],
      [85, -52],
      [28, -23],
      [18, -44],
      [26, -21],
      [67, -103],
      [22, -47],
      [56, -32],
      [19, 0],
      [17, -32],
      [20, -92],
      [47, -33],
      [22, -80],
      [-72, -79],
      [-30, -16],
      [-45, -58],
      [0, -46],
      [76, 18],
      [19, 28],
      [-38, -98],
      [-8, -73],
      [-1, -71],
      [-8, -42],
      [3, -63],
      [-5, -53],
      [10, -54],
      [-14, -14],
      [-35, -77],
      [-8, -105],
      [45, -41],
      [51, -14],
      [29, 5],
      [32, -42],
      [71, -8],
      [76, -62],
      [22, -50],
      [24, 9],
      [1, -50],
      [28, -148],
      [2, -34],
      [-15, -65],
      [-4, -69],
      [12, -92],
      [57, -5],
      [66, 18],
      [32, 56],
      [72, -26],
      [47, -9],
      [35, 12],
      [50, 31],
      [104, -19],
      [13, -7],
      [148, -35],
      [3, 12],
      [108, -43],
      [6, 34],
      [17, -42],
      [118, -25],
      [240, -75],
      [5, -46],
      [12, -9],
      [-15, -46],
      [83, -96],
      [51, -72],
      [-12, -96],
      [-8, -15],
      [-8, -91],
      [131, 34],
      [35, 36],
      [31, 68],
      [31, 21],
      [26, -24],
      [38, -88],
      [11, 18],
      [-16, 37],
      [24, 23],
      [34, -21],
      [31, 4],
      [23, -17],
      [18, 11],
      [31, -23],
      [113, 10],
      [134, -11],
      [26, -115],
      [27, 16],
      [-14, 42],
      [-7, 52],
      [49, -2],
      [240, -57],
      [3, 78],
      [-7, 105],
      [4, 90],
      [33, 103],
      [74, 209],
      [15, 74],
      [53, 167],
      [20, 12],
      [14, -13],
      [13, 30],
      [33, -12],
      [8, 12],
      [69, -1],
      [-20, 73],
      [2, 150],
      [34, 56],
      [42, 11],
      [59, 88],
      [6, 28],
      [48, 17],
      [23, 54],
      [60, 40],
      [40, 59],
      [85, 182],
      [-14, 33],
      [-12, 94],
      [15, -2],
      [34, 58],
      [35, 32],
      [82, 60],
      [7, 16],
      [63, -24],
      [94, 15],
      [36, -7],
      [34, -32],
      [31, -41],
      [40, 8],
      [26, 28],
      [20, -21],
      [-20, 70],
      [20, 25],
      [445, 19],
      [126, -3],
      [82, 159],
      [236, -42],
      [80, -20],
      [137, -179],
      [195, -248],
      [95, -119],
      [59, 172],
      [76, 85],
      [172, 170],
      [95, 106],
      [37, 47],
      [15, 162],
      [41, 5],
      [14, 35],
      [-40, 136],
      [-18, 45],
      [48, 226],
      [-16, 74],
      [12, 46],
      [-47, 136],
      [19, 45],
      [48, 50],
      [19, 30],
      [74, -27],
      [93, 74],
      [106, 76],
      [-121, 281],
      [-24, 45],
      [-41, 129],
      [-25, 55],
      [-90, 96],
      [-9, 67],
      [-16, 24],
      [53, -11],
      [128, 4],
      [11, 13],
      [-43, 89],
      [-52, 70],
      [-94, 147],
      [-45, 92],
      [-24, 93],
      [-79, 124],
      [-32, 23],
      [-29, 42],
      [-66, 70],
      [-19, 31],
      [-80, 51],
      [-49, 47],
      [-80, 48],
      [-88, 32],
      [-53, -15],
      [-108, 676],
      [116, 153],
      [66, 199],
      [131, 157],
      [49, 53],
      [20, 52],
      [37, 6],
      [86, -15],
      [54, -69],
      [26, -87],
      [19, -33],
      [47, -51],
      [54, -29],
      [40, -33],
      [25, -44],
      [88, -45],
      [121, -45],
      [127, 1],
      [63, -39],
      [64, 10],
      [-93, 279],
      [-39, 129],
      [-1, 143],
      [136, 271]
    ],
    [
      [19449, 6794],
      [-10, 12],
      [-49, 1],
      [-31, -39],
      [-41, 24],
      [-36, 6],
      [-23, 52],
      [-29, 16],
      [-26, 50],
      [-51, 34],
      [-28, 44],
      [-12, 40],
      [-30, 7],
      [-35, 81],
      [-32, 36],
      [-48, 37],
      [-41, 68],
      [-21, 74],
      [-24, 44],
      [-80, 107],
      [-30, 54],
      [-1, 18],
      [-91, 207],
      [-83, 220],
      [-25, 79],
      [-142, 334],
      [-57, 131],
      [-86, 245],
      [-72, 343],
      [-63, -23],
      [-415, -131],
      [-108, -50],
      [-99, -65],
      [-110, -41],
      [-218, -58],
      [-133, 2],
      [-53, -54],
      [-30, 81],
      [-78, 232],
      [-123, 359],
      [-53, 133],
      [-99, 275],
      [-18, 4],
      [-100, 74],
      [-217, -97],
      [-60, 123],
      [-83, 84],
      [-117, 226],
      [-28, 103],
      [-15, 159],
      [2, 22],
      [-52, 159],
      [3, 19],
      [-18, 52],
      [14, 45],
      [-26, -8],
      [-7, 25],
      [-19, 143],
      [-79, 228],
      [-23, 116],
      [-24, 85],
      [73, 144],
      [18, 9],
      [-11, 60],
      [-44, 138],
      [-68, 179],
      [-49, 205],
      [-75, 283],
      [-238, 121],
      [-56, -23],
      [3, 58],
      [-2, 93],
      [11, 259],
      [-5, 61]
    ],
    [
      [15323, 12928],
      [-11, -17],
      [-13, -83],
      [8, -52],
      [-9, -69],
      [-2, -91],
      [-15, -71],
      [14, -64],
      [-6, -83],
      [-31, -120],
      [-20, -53],
      [-20, -158],
      [-9, -29],
      [-37, -38],
      [-38, 1],
      [-86, -30],
      [-36, -36],
      [-41, -79],
      [-87, -54],
      [-33, -32],
      [-23, -46],
      [2, -69],
      [-26, -56],
      [-52, -64],
      [-6, -64],
      [17, -84],
      [5, -77],
      [-13, -10],
      [18, -56],
      [-42, 19],
      [-41, -1],
      [29, -25],
      [-17, -13],
      [-60, 5],
      [-51, -36],
      [-106, -60],
      [-93, -66],
      [-181, -10],
      [-237, -11],
      [-481, -73],
      [-315, 75],
      [12, 22],
      [-57, 30],
      [5, -43],
      [-203, 49],
      [-41, -14],
      [-37, 2],
      [-32, 17],
      [-46, -3],
      [-43, 44],
      [-148, 35],
      [-383, 346],
      [10, 20],
      [-17, 56],
      [-25, -46],
      [-59, 53],
      [-25, -8],
      [-3, 34],
      [-26, 5],
      [-21, 38],
      [-303, 273],
      [-40, 11],
      [-6, 32],
      [-63, 45],
      [-11, 21],
      [-85, 77],
      [-397, -129],
      [-15, -42],
      [-30, 13],
      [-18, 37],
      [-58, -63],
      [-15, 10],
      [-145, -47],
      [-70, 1],
      [15, -48],
      [-8, -20],
      [16, -33],
      [-8, -50],
      [-44, -74],
      [-23, -27],
      [-22, -6],
      [2, 55],
      [-21, -14],
      [-5, -58],
      [-60, -5],
      [-38, 29],
      [-53, 54],
      [0, 48],
      [-43, 37],
      [-42, 26],
      [-83, 11],
      [-48, -10],
      [-27, -28],
      [-62, -40],
      [-26, -44],
      [-29, -125],
      [7, -18],
      [50, -65],
      [43, -34],
      [7, -63],
      [33, -32],
      [10, 45],
      [33, -34],
      [21, -55],
      [75, -117],
      [50, -37],
      [97, -37],
      [73, -42],
      [20, 6],
      [72, -43],
      [49, -43],
      [30, -38],
      [14, -51],
      [-3, -23],
      [16, -25],
      [1, 41],
      [64, 18],
      [50, -35],
      [60, -103],
      [25, -76],
      [32, -136],
      [90, -82],
      [70, 7],
      [32, -9],
      [45, -33],
      [46, -83],
      [15, -61],
      [29, 10],
      [-11, -36],
      [20, -24],
      [31, -82],
      [27, -5],
      [30, -86],
      [-12, -58],
      [17, -9],
      [-22, -20],
      [2, -106],
      [17, -19],
      [-16, -69],
      [-21, 32],
      [-331, -21],
      [-74, -382],
      [251, 16],
      [-9, -35],
      [28, -69]
    ],
    [
      [22403, 14008],
      [-54, 97],
      [-24, 3],
      [-16, 22],
      [-38, 9],
      [-34, 24],
      [-54, 9],
      [-128, 134],
      [-32, 22],
      [-6, 26],
      [-42, 90],
      [62, 104],
      [19, -17],
      [29, -1],
      [37, 24],
      [25, 48],
      [27, 29],
      [38, 112],
      [44, 5],
      [6, 17],
      [0, 71],
      [-30, 61],
      [-1, 40],
      [-26, 39],
      [-29, 20],
      [-39, -4],
      [-37, 51],
      [-8, 41],
      [19, 115],
      [-2, 64],
      [-26, 48],
      [3, 36],
      [26, 13],
      [1, 32],
      [-27, 26],
      [-12, 58],
      [19, 30],
      [9, 45],
      [-12, 21],
      [-47, 15],
      [-89, 226],
      [-33, 56],
      [-52, 12],
      [-14, 21],
      [-18, 86],
      [-31, 65],
      [-22, 0],
      [-53, -26],
      [-20, 34],
      [-35, 0],
      [6, 38],
      [-24, 64],
      [-8, 55],
      [19, 11],
      [-1, 58],
      [16, 9],
      [15, 56],
      [15, 21],
      [55, 4],
      [28, 12],
      [-28, 35],
      [-3, 23],
      [25, 95],
      [28, 34],
      [-7, 40],
      [46, 102],
      [17, 72],
      [42, 35],
      [11, 35],
      [-54, 38],
      [-13, -31],
      [-13, 41],
      [-26, 23],
      [-11, 32],
      [-26, -15],
      [-4, 37],
      [28, 5],
      [5, 25],
      [-31, 10],
      [28, 34],
      [50, 81],
      [6, 29],
      [-33, -22],
      [-37, 5],
      [25, 25],
      [-19, 21],
      [7, 39],
      [13, 14],
      [20, 106],
      [18, -2],
      [10, 57],
      [-17, -1],
      [-10, 25],
      [22, 141],
      [-26, 1],
      [-31, 355],
      [-35, -2],
      [-57, 24],
      [-127, -17],
      [-70, 94],
      [-65, 59],
      [86, 558],
      [-39, -7],
      [-46, 13],
      [43, 92],
      [107, 215],
      [59, 124],
      [1, 189],
      [-12, 413],
      [41, -49],
      [29, 36],
      [2, -48],
      [14, -36],
      [-24, -18],
      [18, -39],
      [32, 66],
      [22, 12],
      [-6, 20],
      [18, 16],
      [-3, 22],
      [16, 34],
      [14, -9],
      [28, 58],
      [-12, 25],
      [-27, -16],
      [-13, 15],
      [1, 35],
      [30, 53],
      [24, -55],
      [6, 31],
      [34, 1],
      [6, 53],
      [-29, 32],
      [16, 56],
      [33, 23],
      [40, -30],
      [-23, -106],
      [103, -55],
      [27, 115],
      [44, -9],
      [25, -26],
      [91, -27],
      [22, -19],
      [13, -34],
      [65, -42],
      [24, -2],
      [128, 444],
      [-13, 78],
      [-43, 227],
      [-80, 403],
      [40, 8],
      [26, -22],
      [27, 49],
      [-10, 24],
      [16, 43],
      [-31, -19],
      [-15, 15],
      [3, -39],
      [-30, 23],
      [-18, -27],
      [16, -11],
      [-30, -8],
      [-15, 75],
      [-113, 2],
      [-22, 19],
      [-72, 7],
      [-32, -14],
      [31, 107],
      [16, -25],
      [35, 36],
      [83, 9],
      [-4, -60],
      [28, 14],
      [-19, -43],
      [15, 5],
      [26, 41],
      [5, 27],
      [72, -80],
      [22, 44],
      [-11, 43],
      [-38, 39],
      [-11, 40],
      [20, 6],
      [24, 35],
      [3, 21],
      [-32, -18],
      [-19, 31],
      [-14, 70],
      [30, 14],
      [35, -15],
      [18, 32],
      [-14, 21],
      [-12, -19],
      [-36, 5],
      [-35, -11],
      [-33, 19],
      [-24, 65],
      [-46, -132],
      [-25, 4],
      [-5, 20],
      [-20, -26],
      [-33, 26],
      [-37, -15],
      [-27, 1],
      [-27, 41],
      [70, 195],
      [-39, 57],
      [-79, -183],
      [-15, -58],
      [-13, 11],
      [15, 83],
      [-13, 64],
      [61, 158],
      [-11, 14],
      [-99, 29],
      [114, 144],
      [58, -43],
      [22, 66],
      [-157, 189],
      [5, 54],
      [-18, 44],
      [-10, -15],
      [-26, 13],
      [-32, 37],
      [8, 32],
      [-21, 64],
      [-15, -2],
      [-33, 48],
      [-11, -9],
      [-13, 62],
      [-23, 39],
      [-27, 17],
      [-83, 24],
      [-65, -6],
      [-14, 29],
      [-87, 44],
      [-62, 5],
      [-64, 24],
      [-56, 14],
      [-74, 10],
      [-88, 35],
      [-24, 43],
      [-1, -36],
      [-24, -39],
      [-36, 26],
      [-9, -42],
      [-43, 10],
      [-21, 96],
      [-33, -36],
      [-17, 20],
      [-8, 43],
      [-49, 44],
      [17, 16],
      [-15, 25],
      [-4, 55],
      [-29, 36],
      [-28, 20],
      [44, 50],
      [-50, 58],
      [-20, 52],
      [-23, 28],
      [-34, 67],
      [-15, 77],
      [3, 60]
    ],
    [
      [20714, 23382],
      [-29, 30],
      [-82, 108],
      [-34, 28],
      [-90, 41],
      [-92, 70],
      [-32, 3],
      [-12, 32],
      [5, 29],
      [-12, 40],
      [-28, 41],
      [-23, 50],
      [-38, 4],
      [6, 54],
      [-7, 31],
      [-30, 40],
      [-42, -11],
      [-28, 12],
      [-11, 51],
      [-56, 46],
      [-64, 13],
      [-29, 48],
      [-29, 29],
      [-53, -36],
      [-10, -37],
      [-43, -39],
      [-26, 3],
      [-50, 35],
      [-11, -12],
      [-32, 67],
      [-28, 42],
      [-18, -72],
      [12, -16],
      [-19, -35],
      [39, -54],
      [-47, -17],
      [-9, -94],
      [-35, -102],
      [10, -12],
      [-17, -26],
      [-25, -71],
      [-44, 0],
      [-13, 121],
      [8, 45],
      [39, 27],
      [-43, 76],
      [-10, -10],
      [1, -82],
      [-14, -30],
      [-53, -71],
      [-38, -68],
      [-62, -84],
      [-20, -19],
      [-47, 97],
      [-31, 35],
      [130, 211],
      [-11, -12],
      [-29, 41],
      [-50, 53],
      [-101, 65],
      [-61, 141],
      [-13, 51],
      [-39, 37],
      [-21, 43],
      [-24, 3],
      [-9, 36],
      [-27, 39],
      [-11, -8],
      [-23, 44],
      [-50, 56],
      [-11, 36],
      [-63, 45],
      [-64, -4],
      [-23, 22],
      [-12, -8],
      [-50, 31],
      [-29, 46],
      [-30, 16],
      [-20, -17],
      [-32, -1],
      [-29, 16],
      [-55, 3],
      [-20, 20],
      [-31, 10],
      [-28, 44],
      [3, 38],
      [-32, 59],
      [-15, 56],
      [-32, 34],
      [-29, -16],
      [-36, 58],
      [-33, 103],
      [-88, 1],
      [-40, -14],
      [-45, 5],
      [-27, 77],
      [-1, 79],
      [7, 31],
      [-41, -1],
      [-31, -44],
      [-26, -19],
      [-62, -9],
      [-36, 17],
      [-3, -12],
      [-63, 22],
      [-77, 73],
      [-71, 28],
      [-44, 56],
      [-32, 25],
      [-8, -19],
      [-26, 13],
      [-51, 82],
      [-48, 21],
      [-10, -10],
      [-78, -9],
      [-37, 44],
      [-14, 74],
      [-46, 11],
      [-4, 19],
      [37, 39],
      [17, 31],
      [-71, 74],
      [-51, 9],
      [-54, 99],
      [-12, 36],
      [-25, 116],
      [-37, 49],
      [-44, 49],
      [-61, 81],
      [-24, 23],
      [-19, 47],
      [-69, 49],
      [-39, 45],
      [-27, 43],
      [-44, 32],
      [-56, 76],
      [-19, 58],
      [-40, 39],
      [-51, 14],
      [-13, 41],
      [-22, 34],
      [1, 83],
      [-38, 110],
      [4, 28],
      [-17, 24],
      [-6, 35],
      [-26, 6],
      [-32, -26],
      [-52, -7],
      [-14, 17],
      [-28, -3],
      [-1, 42],
      [17, 4],
      [-2, 72],
      [18, 23],
      [24, 88],
      [-2, 22],
      [-26, 10],
      [-38, -69],
      [-40, -9],
      [-54, 0],
      [-46, 36],
      [-15, 35],
      [0, 32],
      [13, 48],
      [29, 45],
      [11, 35],
      [-37, 35],
      [25, 22],
      [-15, 40],
      [-29, 42],
      [27, 16],
      [33, 64],
      [-27, 12],
      [-30, 29],
      [-22, -25],
      [-12, 24],
      [-31, 9],
      [-25, 30],
      [16, 14],
      [-20, 23],
      [-30, -35],
      [2, -23],
      [-20, -30],
      [-12, 19],
      [-12, 63],
      [17, 16],
      [7, 84],
      [10, 15],
      [-1, 77],
      [13, 57],
      [-30, 16],
      [-50, 44],
      [-16, 1],
      [-88, -85],
      [-42, -35],
      [-64, -29],
      [-68, -12],
      [-29, -26],
      [-27, -50],
      [-68, 57],
      [-19, -33],
      [-27, 17],
      [-36, -7],
      [3, -50],
      [-14, -25],
      [-6, -77],
      [-50, -35],
      [-18, 11],
      [-47, 70],
      [-15, 44],
      [-16, 21],
      [-27, -4],
      [-17, -30],
      [-14, -50],
      [-62, -15],
      [-50, 18],
      [-28, -7],
      [-17, 43],
      [-30, 24],
      [-79, -16],
      [-28, 4],
      [-34, 24],
      [-55, 50],
      [-59, 39],
      [-54, 68],
      [-22, 58],
      [-95, -66],
      [-30, 41],
      [-6, 91],
      [-13, 19],
      [-24, 84],
      [-17, 24],
      [-42, 3],
      [-17, 20],
      [-30, 64],
      [-45, 6],
      [-28, 40],
      [8, 22],
      [49, -10],
      [15, 7],
      [-34, 83]
    ],
    [
      [14427, 28458],
      [-23, 65],
      [-54, -15],
      [-11, 35],
      [18, 45],
      [31, 26],
      [20, 56],
      [-33, 2],
      [-25, -18],
      [-13, -30],
      [-71, 60],
      [-59, 24],
      [-25, 29],
      [-16, 59],
      [-39, 0],
      [-50, 20],
      [-19, 39],
      [0, 53],
      [-53, 128],
      [-43, -21],
      [-20, -28],
      [-23, 9],
      [-35, 38],
      [-29, 7],
      [-37, 27],
      [-15, 38],
      [-25, 22],
      [-10, -29],
      [19, -14],
      [-31, -76],
      [-32, -107],
      [-60, -43],
      [-50, 6],
      [-23, 25],
      [-101, 32],
      [7, -32],
      [77, -257],
      [-34, -66],
      [-5, -101],
      [-34, -56],
      [-30, 4],
      [-16, -15],
      [-17, 11],
      [8, 37],
      [-229, -34],
      [-50, -5],
      [-12, 22],
      [-18, -27],
      [-117, -23],
      [-7, 64],
      [-32, -22],
      [-20, -54],
      [-97, -19],
      [-108, 185],
      [-122, 120],
      [-57, 47],
      [-117, 111],
      [-123, 18],
      [-40, 18],
      [3, 10],
      [-29, 55],
      [-92, 224],
      [-63, 168],
      [-23, 40],
      [-100, 122],
      [-80, 59],
      [-24, 24],
      [-55, 23],
      [-29, 22],
      [-31, 7],
      [-89, 60],
      [-38, 87],
      [-38, 56],
      [-20, 40],
      [-8, 57],
      [-94, 76],
      [-17, -4],
      [-69, 46],
      [-26, 0],
      [-203, 93],
      [-129, 64],
      [-113, 39],
      [-147, 43],
      [-95, 61],
      [-124, 65],
      [47, -207],
      [44, -80],
      [21, -145],
      [-6, -129],
      [-18, -54],
      [-44, -98],
      [-10, -152],
      [-26, -160],
      [-20, -59],
      [8, -163],
      [-17, -62],
      [26, -76],
      [-54, 17],
      [-93, -107],
      [-21, -39],
      [-45, -57],
      [-39, -32],
      [-87, -134],
      [-42, -70],
      [-40, -134],
      [-82, -12],
      [-32, 24],
      [-202, 57],
      [-82, -93],
      [-51, -320],
      [-37, -197],
      [-96, -552],
      [-36, -218],
      [-75, 6],
      [-196, -8],
      [-19, 53],
      [-40, 3],
      [-6, -59],
      [-453, -13],
      [-207, 80],
      [-242, 187],
      [-244, -26],
      [-124, -28],
      [-160, 15],
      [-78, -23],
      [-93, 44],
      [-50, -5],
      [-137, -2],
      [-67, -14],
      [-140, 31],
      [-112, -5],
      [-160, -1],
      [-46, -4]
    ],
    [
      [6881, 27364],
      [-21, -322],
      [-6, -222],
      [30, 1],
      [2, -56],
      [-34, -10],
      [8, -88],
      [-15, 2],
      [-3, -84],
      [106, -119],
      [121, -128],
      [29, -36],
      [109, -19],
      [69, -36],
      [43, -38],
      [24, 23],
      [54, 13],
      [46, -27],
      [13, -33],
      [54, -63],
      [38, -19],
      [27, -26],
      [68, -22],
      [35, 3],
      [30, -20],
      [-10, -123],
      [7, -98],
      [12, -61],
      [57, 59],
      [26, 37],
      [248, 201],
      [86, 68],
      [1, -212],
      [4, -9],
      [89, 23],
      [53, -7],
      [10, 16],
      [122, 25],
      [77, 20],
      [48, 3],
      [90, 25],
      [145, 47],
      [149, -15],
      [202, -30],
      [23, -47],
      [21, -76],
      [1, -69],
      [45, -103],
      [49, -247],
      [23, -81],
      [40, 56],
      [-1, 72],
      [25, 22],
      [82, 97],
      [31, -96],
      [113, -111],
      [71, -77],
      [54, -69],
      [126, -200],
      [128, -190],
      [26, -34],
      [113, -238],
      [69, -93],
      [222, -279],
      [142, -134],
      [155, -124],
      [102, -126],
      [47, -20],
      [143, -91],
      [31, -26],
      [160, -206],
      [28, -64],
      [42, -49],
      [-26, -24],
      [-83, -4],
      [-11, -25],
      [63, -101],
      [83, 10],
      [23, -24],
      [29, -94],
      [97, -77],
      [85, -104],
      [133, 5],
      [241, 15],
      [70, 11],
      [69, 28],
      [53, -114],
      [49, -133],
      [0, -120],
      [70, -30],
      [62, -15],
      [56, -24],
      [21, 10],
      [54, -51],
      [16, -30],
      [118, 5],
      [47, -35],
      [40, 3],
      [96, -10],
      [39, -28],
      [277, -262],
      [164, -255],
      [48, -218],
      [30, -151],
      [6, -46],
      [75, -281],
      [26, -107],
      [72, -178],
      [87, -194],
      [82, -89],
      [43, -57],
      [357, -442],
      [236, -518],
      [12, -260],
      [2, -119],
      [29, -91],
      [15, -94],
      [4, -71],
      [-116, -150],
      [-29, -196],
      [12, -80],
      [22, -81],
      [9, -73],
      [24, -82],
      [8, -83],
      [74, -60],
      [52, -68],
      [39, -63],
      [87, -107],
      [49, -68],
      [56, -70],
      [41, -112],
      [16, -33],
      [136, -366],
      [47, -73],
      [35, -82],
      [113, -357],
      [93, -141],
      [238, -355],
      [82, -108],
      [9, -66],
      [18, 14],
      [52, -61],
      [28, -46],
      [26, -13],
      [124, -162],
      [429, -493],
      [46, 0],
      [30, -69],
      [237, -101],
      [148, -206],
      [41, -49],
      [41, -38],
      [45, -67],
      [107, -130],
      [100, -131],
      [-11, -159],
      [-97, -78],
      [-55, -38],
      [-22, -27],
      [-28, -59],
      [-56, -90],
      [-66, -78],
      [-32, -57],
      [-24, 3],
      [-13, -30],
      [-14, 3],
      [-79, -111],
      [-48, -57],
      [-80, -56],
      [-39, -44],
      [-58, -4],
      [-86, -108],
      [-55, -135],
      [-35, -43],
      [-38, -23],
      [-26, 0],
      [-61, -55],
      [-30, -42],
      [-22, -7],
      [-22, -31],
      [-17, -55],
      [-121, -133],
      [-40, -31],
      [-48, -17],
      [-217, -99]
    ],
    [
      [19449, 6794],
      [281, -12],
      [0, -14],
      [242, -303],
      [188, -227],
      [46, -48],
      [48, -125],
      [79, -172],
      [83, -142],
      [78, -116],
      [203, -296],
      [44, -52],
      [87, 5],
      [95, 27],
      [84, -121],
      [101, -180],
      [38, -44],
      [81, 11],
      [304, -405],
      [0, -43],
      [15, -27],
      [26, -11],
      [18, -90],
      [50, -23],
      [32, -32],
      [16, 9],
      [21, -17],
      [174, -27],
      [97, -43],
      [255, -108],
      [60, 13],
      [216, 13],
      [23, 26],
      [112, 11],
      [106, -22],
      [106, -10],
      [199, -72]
    ],
    [
      [23057, 4127],
      [-1, 1],
      [260, 215],
      [-16, 54],
      [21, 43],
      [6, 32],
      [-9, 64],
      [20, 55],
      [7, 47],
      [-56, 74],
      [-16, 135],
      [169, -108],
      [17, -6],
      [-129, 561],
      [-128, 588],
      [49, 495],
      [-185, -154],
      [-36, -170],
      [-69, -162],
      [-114, 90],
      [-18, 1],
      [-33, 85],
      [-80, 253],
      [-70, 227],
      [-16, 25],
      [-340, 91],
      [-8, -1],
      [-78, -114],
      [9, 169],
      [18, 317],
      [145, 103],
      [107, 188],
      [41, 143],
      [24, 113],
      [26, 75],
      [-42, 121],
      [20, 72],
      [44, 124],
      [17, 94],
      [-23, 84],
      [-34, 89],
      [-26, 94],
      [-19, 89],
      [29, 47],
      [-15, 30],
      [19, 46],
      [-2, 33],
      [23, 111],
      [65, 125],
      [56, 75],
      [18, 11],
      [29, -11],
      [18, -26],
      [32, 30],
      [19, 78],
      [54, 74],
      [16, 47],
      [-5, 22],
      [22, 36],
      [0, 107],
      [-17, 85],
      [-18, 116],
      [1, 49],
      [14, 110],
      [18, 25],
      [5, 97],
      [21, 61],
      [-6, 74],
      [18, 93],
      [66, 47],
      [25, 81],
      [44, 118],
      [-59, 43],
      [-14, 23],
      [-38, -5],
      [-45, -24],
      [-62, 29],
      [-43, 50],
      [-29, 70],
      [-36, -2],
      [-37, 13],
      [-16, -28],
      [-14, -70],
      [-103, -193],
      [-35, -45],
      [-29, -17],
      [-38, -37],
      [-9, 111],
      [-10, 21],
      [-45, 39],
      [-117, 81],
      [23, 50],
      [13, 63],
      [1, 60],
      [17, 53],
      [-12, 36],
      [19, 37],
      [-17, 34],
      [-9, 85],
      [0, 67],
      [-32, 60],
      [-5, 40],
      [-25, 46],
      [5, 77],
      [23, 79],
      [17, 133],
      [18, 88],
      [-6, 23],
      [17, 79],
      [-9, 89],
      [-73, 22],
      [47, 76],
      [14, 50],
      [-2, 29],
      [35, 31],
      [26, 66],
      [-5, 32],
      [14, 54],
      [85, -45],
      [31, -30],
      [13, 29],
      [36, 33],
      [23, 52],
      [7, 57],
      [26, 10],
      [42, 61],
      [17, 49],
      [56, 84],
      [27, 62],
      [42, 151],
      [-3, 22],
      [18, 52],
      [5, 56],
      [14, 51],
      [26, 38],
      [17, 5],
      [29, 34],
      [2, 19],
      [28, 41],
      [22, -7],
      [-2, 37],
      [25, -4],
      [13, 56],
      [-8, 27],
      [-29, 12],
      [-32, 65],
      [-21, 27],
      [-58, -22],
      [-60, 3],
      [-37, 15],
      [-43, 57],
      [-8, 42],
      [-55, 47],
      [-44, -11],
      [-2, 66],
      [-142, 88],
      [-8, 24],
      [6, 61],
      [-13, 81],
      [-18, 55],
      [-14, 77],
      [-20, 58],
      [-7, 93],
      [19, 72],
      [0, 94],
      [6, 63],
      [-14, 67],
      [1, 37],
      [30, 65]
    ],
    [
      [23057, 4127],
      [149, -145],
      [142, -115],
      [185, -141],
      [88, -15],
      [6, -10],
      [208, 2],
      [47, 72],
      [174, 278],
      [14, 13],
      [100, 50],
      [172, -49],
      [43, 11],
      [76, -50],
      [40, 14],
      [46, -11],
      [5, 10],
      [32, -24],
      [26, 16],
      [148, -21],
      [136, -58],
      [46, -31],
      [66, -25],
      [71, -54],
      [91, -133],
      [24, -14],
      [89, -11],
      [61, -43],
      [52, -55],
      [43, -34],
      [35, -17],
      [61, -45],
      [305, -187],
      [-33, 636],
      [83, 89],
      [-92, 157],
      [128, 476],
      [54, -36],
      [-7, 29],
      [12, 74],
      [27, 65],
      [7, 49],
      [25, 61],
      [8, -27],
      [44, -4],
      [123, 87],
      [66, 217],
      [38, 334],
      [227, 232],
      [130, 57],
      [75, 14],
      [127, -59],
      [53, 16],
      [38, -1],
      [22, 16],
      [19, -127],
      [15, 2],
      [6, -59],
      [14, -19],
      [87, -221],
      [10, -97],
      [-3, -19],
      [43, -25],
      [46, -41],
      [31, -43],
      [48, -88],
      [60, -192],
      [16, -70],
      [11, 9],
      [126, -268],
      [38, -144],
      [-17, -32],
      [10, -20],
      [31, -17],
      [16, -81],
      [106, -38],
      [92, 228],
      [66, 26],
      [35, 58],
      [20, 107],
      [40, 62],
      [44, 1],
      [54, 69],
      [83, 5],
      [26, -64],
      [114, 62],
      [143, -373],
      [274, -202],
      [190, -120],
      [330, 191],
      [44, -304],
      [20, -171],
      [36, -209],
      [87, -170],
      [169, 125],
      [73, 95],
      [52, 62],
      [45, 84],
      [95, 114],
      [55, 141],
      [19, -25],
      [24, 12],
      [-15, 47],
      [65, 43],
      [21, -28],
      [28, 61],
      [110, 196],
      [119, 104],
      [326, -104],
      [5, 27],
      [40, 24],
      [-7, 28],
      [30, 1],
      [4, -43],
      [411, 197],
      [82, 37],
      [244, 376],
      [41, 3],
      [12, 22],
      [30, 7],
      [36, 34],
      [29, -11],
      [24, -27],
      [56, 0],
      [31, 59],
      [43, 104],
      [111, 311],
      [-58, 142],
      [47, 6],
      [59, 83],
      [24, 9],
      [40, 38],
      [39, -8],
      [15, 21],
      [33, -2],
      [30, -25],
      [17, 20],
      [5, 55],
      [24, -12],
      [38, 38],
      [9, 42],
      [23, 20],
      [31, 8],
      [60, 41],
      [17, 30],
      [-3, 22],
      [26, 102],
      [118, -20],
      [29, -33],
      [38, -11],
      [31, 55],
      [86, -71],
      [40, -18],
      [8, -82],
      [23, -32],
      [46, 57],
      [77, 105],
      [35, 35],
      [13, -17],
      [67, -21],
      [24, 35],
      [-12, 46],
      [29, 9],
      [30, 37],
      [61, 183],
      [36, 115],
      [35, 78],
      [26, 26],
      [66, 4],
      [87, 56],
      [41, 53],
      [38, 35],
      [53, 35],
      [88, 19],
      [22, 13],
      [109, 121],
      [28, 80],
      [44, 46],
      [42, 75],
      [25, 15],
      [34, 57],
      [67, 64],
      [37, 64],
      [19, 15],
      [55, 139],
      [22, 25],
      [20, 53],
      [32, 22],
      [33, 81],
      [66, 91],
      [49, 17],
      [30, -1],
      [17, 23],
      [43, 12],
      [66, 31],
      [24, 26],
      [10, 38],
      [65, 35],
      [20, 23],
      [54, 20],
      [35, -10],
      [28, 32],
      [23, 45],
      [13, 84],
      [24, 79],
      [17, 13],
      [21, 77],
      [18, 28],
      [22, 66],
      [19, 94],
      [28, 47],
      [15, 113],
      [31, 64],
      [33, 54],
      [44, 24],
      [17, 28],
      [-1, 26],
      [-47, 74],
      [-34, 79],
      [46, 53],
      [-11, 94],
      [-29, 120],
      [5, 34],
      [-6, 43],
      [19, 84],
      [-27, 56],
      [-11, 42],
      [0, 63],
      [11, 98],
      [13, 43],
      [8, 107],
      [-17, 58],
      [21, 20],
      [28, 96],
      [33, 18],
      [9, 109],
      [-16, 64],
      [3, 25],
      [-15, 98],
      [-11, 39],
      [29, 29],
      [-1, 40],
      [-31, 40],
      [11, 44],
      [-12, 37],
      [-8, 84],
      [20, 38],
      [16, -11],
      [8, 39],
      [-13, 29],
      [10, 36],
      [42, -19],
      [5, 16],
      [-19, 69],
      [0, 40],
      [29, 13]
    ],
    [
      [34979, 10867],
      [-51, 32],
      [-23, 1],
      [-32, 22],
      [-33, 2],
      [-49, 28],
      [-78, 143],
      [-17, 15],
      [-11, 61],
      [-44, 20],
      [-30, 34],
      [-28, -35],
      [-45, -4],
      [-45, 17],
      [-37, -38],
      [-21, -4],
      [-25, -50],
      [-60, -25],
      [-21, -26],
      [-47, -5],
      [-36, 47],
      [-26, 4],
      [-15, 25],
      [-37, 10],
      [-45, 47],
      [-9, -23],
      [-37, 4],
      [-25, -266],
      [-230, 256],
      [-92, 20],
      [-399, -158],
      [-56, 49],
      [-44, 24],
      [-116, 49],
      [-77, -93],
      [-79, -3],
      [-93, 18],
      [108, 90],
      [-34, 255],
      [-23, 191],
      [349, -100],
      [10, -35],
      [7, 29],
      [95, 680],
      [87, 110],
      [-186, 59],
      [-15, 76],
      [2, 65],
      [-8, 28],
      [4, 53],
      [-32, 72],
      [1, 34],
      [-37, 28],
      [-7, 54],
      [-41, 30],
      [4, 79],
      [-46, 103],
      [-62, 74],
      [-51, 2],
      [-60, -18],
      [-30, 41],
      [-35, 18],
      [-49, -6],
      [-22, 15],
      [-22, -12],
      [-23, 9],
      [-13, 39],
      [-36, -27],
      [-26, 31],
      [-39, -16],
      [-34, 7],
      [-31, 48],
      [-21, 143],
      [-49, 27],
      [-55, 77],
      [-1, 31],
      [-31, 35],
      [-24, 0],
      [2, 22],
      [-35, 53],
      [35, 32],
      [16, 50],
      [1, 36],
      [19, 102],
      [10, 19],
      [40, 3],
      [38, -28],
      [54, 15],
      [57, 100],
      [3, 25],
      [-10, 47],
      [15, 20],
      [7, 61],
      [-9, 26],
      [4, 40],
      [-24, 88],
      [0, 23],
      [-26, 70],
      [-49, 12],
      [33, 49],
      [-9, 36],
      [18, 18],
      [21, -8],
      [18, 26],
      [3, 54],
      [15, 22],
      [8, 95],
      [16, 19],
      [6, 79],
      [15, 45],
      [-11, 61],
      [7, 21],
      [40, 50],
      [-5, 52],
      [-31, 29],
      [-20, 35],
      [12, 37],
      [32, -6],
      [31, 32],
      [30, -21],
      [18, 11],
      [-5, 76],
      [4, 43],
      [-47, 73],
      [-5, 38],
      [20, 58],
      [7, 46],
      [-33, 31],
      [-3, 37],
      [-21, 18]
    ],
    [
      [32702, 15456],
      [-63, -25],
      [-39, -6],
      [-53, 13],
      [-42, -57],
      [-73, -24],
      [-32, 10],
      [-19, -11],
      [-54, -59],
      [-14, -32],
      [-54, -7],
      [-43, 16],
      [-54, -6],
      [-46, -15],
      [-27, 22],
      [-63, 10],
      [-35, -14],
      [-72, -3],
      [-49, 15],
      [-19, 59],
      [-47, -2],
      [-31, 24],
      [-9, 26],
      [-23, 12],
      [-59, 83],
      [-37, 13],
      [-80, -80],
      [-31, -6],
      [-32, 25],
      [0, -30],
      [-27, -6],
      [-33, -52],
      [-40, 24],
      [-9, 31],
      [-42, 27],
      [-12, -13],
      [-15, -69],
      [-20, -18],
      [-26, 6],
      [-13, 25],
      [-28, -8],
      [-42, 16],
      [-32, -7],
      [-34, 68],
      [-16, 8],
      [-32, 83],
      [-14, 110],
      [-34, 26],
      [92, 599],
      [-106, 260],
      [-152, 356],
      [-145, 347],
      [-107, 207],
      [-336, 642],
      [-52, 79],
      [-161, -116],
      [-389, -260],
      [-133, -93],
      [-13, -4],
      [-17, -71],
      [52, -17],
      [16, -29],
      [-9, -51],
      [-47, -2],
      [-11, -40],
      [-6, -70],
      [73, -48],
      [4, -98],
      [-43, -8],
      [-38, 16],
      [-15, -38],
      [7, -60],
      [36, -18],
      [36, 1],
      [28, -11],
      [17, 10],
      [59, -15],
      [62, 57],
      [48, -8],
      [54, -73],
      [8, -53],
      [20, -71],
      [39, -69],
      [11, -90],
      [16, -51],
      [5, -145],
      [-19, -61],
      [-1, -28],
      [-23, -27],
      [-63, -35],
      [-24, 4],
      [-33, 27],
      [-54, -18],
      [-39, -46],
      [-72, 24],
      [-26, 16],
      [-42, 53],
      [-52, -49],
      [-66, -49],
      [-70, -43],
      [-6, -11],
      [-48, 21],
      [-50, 5],
      [-71, -29],
      [-24, -20],
      [-23, -2],
      [-9, 19],
      [-30, -25],
      [-79, -20],
      [-12, -16],
      [-101, -41],
      [-18, -23],
      [-47, -28],
      [-45, -41],
      [-76, -101],
      [-58, 37],
      [-55, 12],
      [-43, 52],
      [-16, 30],
      [-44, 15],
      [-94, -20],
      [-26, -26],
      [-51, 12],
      [-76, -8],
      [-20, 5],
      [-16, 65],
      [-27, 60],
      [-31, 44],
      [-133, -230],
      [-52, -75],
      [-90, -116],
      [-200, -170],
      [-188, -157],
      [-80, -64],
      [-165, -82],
      [-34, -22],
      [-36, 13],
      [-27, -11],
      [-45, -66],
      [-37, -21],
      [-14, 33],
      [-42, 19],
      [-34, -11],
      [-26, -42],
      [-9, -35],
      [-25, -26],
      [-30, -3],
      [-37, -40],
      [-3, -31],
      [-24, -18],
      [7, -87],
      [-20, -24],
      [20, -44],
      [-28, -50],
      [-23, -66],
      [-93, -116],
      [-22, -9],
      [-23, -32],
      [-12, -56],
      [-26, -10],
      [-40, -40],
      [18, -83],
      [-12, -38],
      [-138, -142],
      [-142, -125],
      [-84, -84],
      [-20, -65],
      [-179, -18],
      [-37, 21],
      [-51, 2],
      [-51, -25],
      [-61, -46],
      [-20, -26],
      [-40, -11],
      [-112, 57],
      [-37, 120],
      [-24, 5],
      [-2, 27],
      [-33, 34],
      [-21, 9],
      [-22, -12],
      [-22, 17],
      [-57, -63],
      [-9, -37],
      [-50, -85],
      [-43, -32],
      [-38, -64],
      [-34, -6],
      [-31, -30],
      [-79, -7],
      [-9, -10],
      [-62, -11],
      [-25, -55],
      [-40, -24],
      [-17, 21],
      [-18, -32],
      [-25, -19],
      [-77, 6],
      [-14, 14],
      [-46, 3],
      [-42, -31],
      [-41, -12],
      [-18, -34],
      [-32, 18],
      [-16, -16],
      [-24, 28],
      [-47, 12],
      [-15, -15],
      [-23, 6],
      [-50, -19],
      [-11, 57],
      [-84, 106],
      [-78, 85],
      [-28, 53],
      [-65, 70],
      [-35, 8],
      [-54, 33],
      [-27, 7],
      [-42, 66],
      [-40, 42],
      [-79, 68],
      [-43, 27],
      [-43, 15],
      [-41, 59],
      [-21, 79],
      [-19, 124],
      [-18, 32],
      [-27, -22],
      [-9, -49],
      [-48, -16],
      [-66, -6],
      [-39, -25],
      [-21, 23],
      [-24, -3],
      [-38, -36],
      [-29, -73],
      [-24, 2],
      [-60, 54],
      [-85, 113],
      [-23, 57],
      [-4, 28],
      [-31, -30],
      [-64, -39],
      [-4, -12],
      [-53, -30],
      [-31, -47],
      [-36, -115],
      [-29, -53],
      [5, -23],
      [-23, -27],
      [-1, -92],
      [14, -70],
      [-12, -84],
      [2, -26],
      [-26, -89],
      [-54, -42],
      [-23, -103],
      [-52, -25],
      [-71, -61],
      [-21, -54],
      [-12, 17],
      [-65, -2],
      [-31, -47],
      [-14, 7],
      [-67, -14],
      [-34, 70],
      [-31, 121],
      [-11, 23],
      [-1, 53],
      [-14, 49],
      [-24, 43],
      [-51, -59]
    ],
    [
      [23404, 30795],
      [-23, -10],
      [-31, 8],
      [-36, -5],
      [-28, -51],
      [-38, -41],
      [-28, -54],
      [-2, -72],
      [-13, -55],
      [-24, -36],
      [5, -23],
      [-81, -3],
      [-7, -6],
      [-38, 45],
      [-8, -15],
      [-78, 7],
      [-25, -104],
      [-25, -5],
      [-73, -112],
      [-27, 30],
      [-26, -55],
      [-78, -186],
      [-229, -510],
      [89, -145],
      [-125, -60],
      [-275, -134],
      [-328, -163],
      [-356, -167],
      [-73, -33],
      [-381, -187],
      [-112, -58],
      [57, -159],
      [68, -180],
      [291, -756],
      [102, -259],
      [128, -332],
      [-42, -409],
      [-35, -280],
      [-28, -313],
      [-94, 406],
      [-240, -320],
      [-10, -149],
      [-32, -416],
      [-3, -55],
      [-42, -557],
      [6, -64],
      [21, -44],
      [-15, -29],
      [10, -117],
      [13, -10],
      [3, -78],
      [-8, 2],
      [17, -197],
      [-10, -139],
      [-20, -125],
      [-48, 51],
      [-36, 4],
      [-125, 135],
      [-98, -551],
      [12, -6],
      [-23, -55],
      [-29, -152],
      [-6, -59]
    ],
    [
      [32702, 15456],
      [32, 26],
      [7, 91],
      [-3, 44],
      [21, 104],
      [23, 35],
      [26, 111],
      [14, 90],
      [-13, 24],
      [-6, 47],
      [18, -5],
      [58, 31],
      [41, 2],
      [23, 40],
      [-1, 68],
      [-34, 62],
      [-15, 52],
      [-6, 57],
      [8, 67],
      [16, 59],
      [-19, 65],
      [17, 19],
      [-43, 57],
      [-22, 7],
      [-37, 63],
      [-22, 62],
      [-17, 23],
      [-23, -2],
      [-13, 19],
      [-78, -18],
      [-50, 45],
      [-22, -12],
      [-49, 36],
      [-16, -9],
      [-13, 30],
      [-56, 30],
      [-17, 58],
      [-296, 25],
      [-151, 266],
      [-73, 124],
      [-86, 155],
      [-44, 71],
      [-9, 38],
      [-237, 622],
      [-93, 226],
      [-177, 405],
      [-98, 296],
      [19, 23],
      [42, -7],
      [16, 14],
      [40, 78],
      [6, 31],
      [17, -4],
      [58, 77],
      [82, 65],
      [96, -3],
      [21, 23],
      [-53, 204],
      [-15, 69],
      [-50, 66],
      [-139, 166],
      [-196, 250],
      [-35, 39],
      [-168, 210],
      [-195, 330],
      [-32, 56],
      [-167, 277],
      [-52, 81],
      [-30, 61],
      [-78, 132],
      [-216, 353],
      [-49, 73],
      [11, 92],
      [-233, -123],
      [-217, 284],
      [-66, 467],
      [-66, 479],
      [-17, 146],
      [-64, -28],
      [-142, -6],
      [-106, -21],
      [-139, -19],
      [-134, -25],
      [-91, -5],
      [-110, 29],
      [-167, 49],
      [-264, 441],
      [-23, 36],
      [-197, 328],
      [-157, 270],
      [-163, 270],
      [93, 112],
      [28, 44],
      [-18, 37],
      [-2, 42],
      [-20, 1],
      [-20, 41],
      [-147, 265],
      [-226, 429],
      [-223, 429],
      [12, 101],
      [28, 14],
      [36, 1],
      [20, -22],
      [23, 15],
      [58, -1],
      [20, 10],
      [57, 76],
      [15, 38],
      [51, 36],
      [60, 67],
      [9, 30],
      [34, 50],
      [9, 51],
      [24, 37],
      [-14, 47],
      [9, 38],
      [-2, 57],
      [26, 134],
      [-15, 43],
      [0, 71],
      [-10, 46],
      [-31, 81],
      [39, 80],
      [27, 83],
      [11, 60],
      [50, 60],
      [28, 89],
      [8, 48],
      [17, 22],
      [6, 49],
      [33, 7],
      [17, -12],
      [-20, 153],
      [48, 73],
      [19, 104],
      [-38, 118],
      [-10, 42],
      [14, 55],
      [45, 51],
      [5, 35],
      [-9, 66],
      [-3, 100],
      [55, 105],
      [65, 3],
      [17, -40],
      [22, 4],
      [-18, 66],
      [2, 33],
      [-25, 71],
      [30, 20],
      [-5, 73],
      [3, 59],
      [16, 22],
      [6, 60],
      [33, 47],
      [8, 61],
      [-27, 109],
      [-3, 29],
      [16, 28],
      [27, 2],
      [51, -44],
      [48, 5],
      [16, 62],
      [-29, 55],
      [-10, 46],
      [-22, 58],
      [-39, 26],
      [-35, 10],
      [-81, 94],
      [-38, 71],
      [5, 94],
      [-6, 22],
      [-97, 86],
      [-26, 52],
      [-12, 61],
      [-27, 27],
      [-48, 19],
      [-22, -40],
      [-12, -46],
      [-27, -37],
      [-24, -1],
      [-22, 40],
      [-54, 47],
      [-43, 23],
      [-101, -78],
      [-10, -28],
      [-33, 18],
      [-7, 30],
      [3, 92],
      [39, 41],
      [49, 28],
      [28, 31],
      [12, 55],
      [-56, 49],
      [-15, -2],
      [-20, -39],
      [-29, -28],
      [-58, -25],
      [-25, -30],
      [-14, -36],
      [-103, -235],
      [-19, -62],
      [-42, -57],
      [-19, 12],
      [-42, 130],
      [28, 52],
      [-1, 27],
      [-26, 53],
      [-59, -10],
      [-38, -104],
      [-29, 16],
      [-26, 70],
      [-2, 47],
      [14, 57],
      [0, 30],
      [-29, 23],
      [-36, 11],
      [-60, 6],
      [-24, 43],
      [-4, 42],
      [35, 48],
      [50, -2],
      [47, -19],
      [28, 24],
      [20, 39],
      [-11, 89],
      [-30, 65],
      [-22, 6],
      [-45, -18],
      [-56, -58],
      [-22, 11],
      [-24, 44],
      [-29, -2],
      [0, -34],
      [-50, -36],
      [-22, 54],
      [-35, 32],
      [-90, -108],
      [-55, 29],
      [-43, 49],
      [-30, 8],
      [-23, -36],
      [-79, -31],
      [-29, -23],
      [-28, 14],
      [-20, 94],
      [-19, 39],
      [133, 155],
      [-15, 43],
      [-55, 58],
      [-45, 75],
      [-34, 75],
      [-12, 64],
      [-26, 10],
      [-20, 41],
      [-49, 51],
      [-22, 10],
      [-17, 35],
      [-92, 8],
      [-35, -61],
      [-54, -17],
      [-23, -38],
      [-14, 45],
      [-28, 13],
      [-88, 99],
      [-36, 29],
      [-93, 194],
      [-4, 53],
      [-52, 1],
      [-21, 31],
      [-14, 48],
      [-42, -32],
      [-44, 12],
      [-19, -5],
      [-4, -25],
      [-41, 15],
      [-45, 95],
      [12, 79],
      [-19, 43],
      [-15, 75],
      [-223, -146],
      [-196, -132],
      [-89, -57],
      [-403, -133],
      [-133, 5],
      [-118, 153],
      [-115, 158],
      [-70, -20],
      [-16, -33],
      [-97, -42],
      [-34, -72],
      [-41, -38],
      [-27, -4],
      [-22, -58],
      [-39, -32],
      [-25, 8],
      [-35, -18],
      [-29, 27],
      [-83, 38],
      [-52, -112],
      [-11, -48],
      [-37, -62],
      [-15, -48]
    ],
    [
      [7324, 33153],
      [-25, -99],
      [-1, -70],
      [-16, 0],
      [-34, -134],
      [-11, -21],
      [-31, 2],
      [-15, -37],
      [-34, -2],
      [-2, -40],
      [-52, -26],
      [-135, -128],
      [-48, -2],
      [-35, -28],
      [-36, -12],
      [11, -135],
      [-22, -32],
      [-3, -77],
      [-46, 26],
      [-22, -11],
      [-18, -39],
      [18, -36],
      [-5, -42],
      [-19, -3],
      [-60, -156],
      [-11, -38],
      [-88, -232],
      [-33, -126],
      [5, -82],
      [29, -66],
      [61, -83],
      [64, -146],
      [52, -109],
      [-1, -11],
      [-187, -233],
      [-75, -242],
      [-22, -23],
      [6, -53],
      [-81, -466],
      [-29, -65],
      [-13, -72],
      [-24, -42],
      [9, -58],
      [-14, -32],
      [-11, 16],
      [-20, -46],
      [-51, -40],
      [-45, -84],
      [-6, -28],
      [21, -22],
      [-9, -52],
      [22, -26],
      [16, -60],
      [-10, -84],
      [-41, -300],
      [13, -57],
      [36, -84],
      [-32, -15],
      [-38, 12],
      [6, -66],
      [48, -1],
      [11, -40],
      [14, 8],
      [360, -447],
      [70, -501],
      [49, -322],
      [148, -258],
      [-1, -11]
    ],
    [
      [14427, 28458],
      [27, 24],
      [-31, 56],
      [19, 41],
      [53, 41],
      [5, -21],
      [40, -2],
      [2, 43],
      [13, 24],
      [-5, 38],
      [-35, 49],
      [-37, 75],
      [-23, 8],
      [22, 49],
      [0, 85],
      [-36, 101],
      [-33, 2],
      [8, 66],
      [52, 45],
      [-2, 34],
      [-36, 35],
      [-1, 32],
      [-22, -19],
      [-83, 12],
      [-63, -4],
      [2, -22],
      [-49, -15],
      [-8, 20],
      [-33, -12],
      [-44, 9],
      [-39, -33],
      [-20, 24],
      [-26, -30],
      [-37, 22],
      [-5, 30],
      [27, 66],
      [23, 11],
      [3, 89],
      [10, 62],
      [-37, -9],
      [-107, -13],
      [-23, -24],
      [-45, 14],
      [-38, 91],
      [-46, 24],
      [-41, 1],
      [-40, 16],
      [6, 31],
      [-47, 94],
      [-16, -12],
      [-36, 36],
      [-35, -37],
      [-58, 59],
      [-9, -25],
      [11, -34],
      [-25, 35],
      [10, 24],
      [17, 92],
      [-5, 19],
      [-71, 12],
      [-23, -14],
      [-19, 16],
      [-3, 65],
      [-13, 11],
      [7, 61],
      [15, 40],
      [-22, 81],
      [-26, -6],
      [-28, 106],
      [21, 62],
      [6, 39],
      [-36, -3],
      [-51, 18],
      [-38, -37],
      [-20, 10],
      [-15, 87],
      [-14, 22],
      [-1, 66],
      [-7, 44],
      [13, 49],
      [-23, -12],
      [-14, 30],
      [-50, 0],
      [-13, -22],
      [0, 73],
      [-21, 54],
      [12, 62],
      [-14, 16],
      [51, 61],
      [4, 37],
      [78, 21],
      [24, 73],
      [0, 39],
      [-21, 36],
      [-41, 18],
      [-63, 60],
      [-91, 67],
      [-26, 28],
      [-7, 28],
      [12, 53],
      [-23, 20],
      [-26, -57],
      [-81, 79],
      [-33, 27],
      [-34, 12],
      [-48, 55],
      [-51, 33],
      [-30, 28],
      [-27, 50],
      [-69, 175],
      [-31, 26],
      [-30, -8],
      [-32, -25],
      [-89, 63],
      [-24, 27],
      [-55, 33],
      [-53, 66],
      [-44, -7],
      [-132, 64],
      [-97, 25],
      [-32, 22],
      [-33, 47],
      [-27, 18],
      [-57, -18],
      [-9, 73],
      [18, 54],
      [-8, 24],
      [-23, 18],
      [29, 71],
      [-9, 57],
      [15, 12],
      [6, 47],
      [-19, 22],
      [-9, 45],
      [-16, 12],
      [-33, 109],
      [-14, 24],
      [2, 82],
      [13, 19],
      [-18, 87],
      [-19, 36],
      [-16, 69],
      [-56, -14],
      [-33, 34],
      [-21, 35],
      [-93, 66],
      [-21, 36],
      [-34, -28],
      [-9, -25],
      [-15, 22],
      [-59, -15],
      [-23, -16],
      [-67, 0],
      [-15, -28],
      [3, -35],
      [-14, -40],
      [-34, 51],
      [-40, 30],
      [-32, 61],
      [-44, 70],
      [14, 40],
      [39, 59],
      [20, 51],
      [26, 31],
      [27, -1],
      [45, 27],
      [32, -21],
      [20, 10],
      [25, -34],
      [14, 23],
      [19, -12],
      [32, 4],
      [60, -45],
      [9, 4],
      [21, 57],
      [34, 7],
      [22, 61],
      [30, 49],
      [-1, 25],
      [30, 17],
      [-13, 36],
      [38, 28],
      [44, 72],
      [6, 69],
      [29, 18],
      [32, 76],
      [45, -35],
      [23, 8],
      [159, 9],
      [61, -4],
      [61, 14],
      [29, 21],
      [40, 55],
      [-7, 16],
      [18, 34],
      [14, -8],
      [41, 34],
      [26, -2],
      [26, 18],
      [53, 88],
      [115, 179],
      [76, 192],
      [23, 35],
      [63, 62],
      [135, 212],
      [251, 486],
      [28, 166],
      [290, 771],
      [77, 364],
      [-72, 600],
      [-62, 518],
      [-48, 408],
      [-14, 102],
      [41, -22],
      [446, -201],
      [367, -182],
      [175, 76],
      [112, 54],
      [484, 235],
      [21, 18],
      [325, 185],
      [-503, 1010],
      [-142, 287],
      [293, 173],
      [69, 38]
    ],
    [
      [8961, 51480],
      [-39, -135],
      [-57, -125],
      [-34, -44],
      [-9, -36],
      [-24, -14],
      [-22, -32],
      [-24, -8],
      [-25, -49],
      [-7, -38],
      [-35, -54],
      [1, -24],
      [-28, -9],
      [-8, -44],
      [-14, -15],
      [-4, -58],
      [16, -48],
      [-17, -78],
      [22, -33],
      [18, -61],
      [1, -49],
      [16, -27],
      [17, -92],
      [-31, -37],
      [-11, -38],
      [11, -53],
      [-7, -62],
      [3, -51],
      [-18, -27],
      [-12, -67],
      [-27, -43],
      [-7, -44],
      [3, -45],
      [-68, -182],
      [-22, -28],
      [-3, -70],
      [-18, -79],
      [-42, -44],
      [-1, -55],
      [-25, -32],
      [-8, -51],
      [-22, -51],
      [-26, -8],
      [-3, -42],
      [-17, -36],
      [-2, -34],
      [-17, -33],
      [-48, -32],
      [-17, -24],
      [-18, -51],
      [-60, -86],
      [-14, -7],
      [-28, 27],
      [-53, -7],
      [-40, 21],
      [-13, -5],
      [-32, -65],
      [-19, -1],
      [-31, -82],
      [-48, -42],
      [-20, -47],
      [16, -33],
      [-3, -24],
      [-28, -29],
      [-25, -74],
      [-57, -10],
      [-17, -84],
      [-26, -43],
      [1, -52],
      [-28, -72],
      [-2, -48],
      [-15, -31],
      [-34, -22],
      [-28, -50],
      [-67, -66],
      [-17, -76],
      [-78, -4],
      [-32, -77],
      [-36, -17],
      [-17, -29],
      [-48, -30],
      [-5, -20],
      [-5, -104],
      [-10, -24],
      [-47, -45],
      [-77, 27],
      [-20, -18],
      [-46, -89],
      [-6, -31],
      [-23, -28],
      [-61, -55],
      [-42, -22],
      [18, -56],
      [6, -41],
      [-16, -48],
      [-54, -39],
      [4, -66],
      [12, -37],
      [-6, -27],
      [-39, -54],
      [-55, -18],
      [-19, -15],
      [15, -95],
      [-12, -56],
      [-60, -75],
      [-65, -10],
      [-62, -48],
      [-28, -39],
      [-16, -66],
      [-48, -66],
      [-25, -12],
      [-34, 8],
      [-42, 26],
      [-32, 1],
      [-8, -15],
      [1, -74],
      [-33, -76],
      [-24, -6],
      [-20, 15],
      [-19, -16],
      [-18, -43],
      [-15, -109],
      [-13, -32],
      [-35, -15],
      [-24, -46],
      [-7, -41],
      [6, -63],
      [-38, -83],
      [-41, -34],
      [-11, -43],
      [-5, -70],
      [-24, -84],
      [-19, -14],
      [-46, 61],
      [-36, 4],
      [-59, -62],
      [-34, -66],
      [-82, 25],
      [-40, -4],
      [-42, -35],
      [-15, -34],
      [-15, -75],
      [-114, -51],
      [-75, -69],
      [-39, -3],
      [-30, 54],
      [-27, -20],
      [-4, -121],
      [-19, -44],
      [-27, 10],
      [-22, 29],
      [-65, 57],
      [-47, -2],
      [-52, -45],
      [-18, -64],
      [18, -139],
      [-9, -96],
      [-22, -74],
      [-29, -32],
      [-89, -14],
      [-9, -24],
      [-7, -79],
      [-26, -55],
      [-53, -62],
      [-45, -31],
      [-22, -64],
      [-5, -34],
      [11, -117],
      [-7, -19],
      [-29, -9],
      [-27, 13],
      [-39, 54],
      [-21, -6],
      [-15, -67],
      [7, -44],
      [22, -63],
      [0, -75],
      [-53, -1],
      [-29, 18],
      [-22, 38],
      [-42, 8],
      [-33, -39],
      [-37, -77],
      [-48, -59],
      [-50, -34],
      [-89, -91],
      [-37, -54],
      [-54, -30],
      [-32, 5],
      [-85, 63],
      [-42, -13],
      [-32, -84],
      [-41, -69],
      [-61, 107],
      [-17, 43],
      [-49, -6],
      [-44, -52],
      [-30, -85],
      [-20, -90],
      [-35, 3],
      [-25, -10],
      [-44, -57],
      [0, -41],
      [34, -83],
      [5, -46],
      [-9, -175],
      [1, -39],
      [18, -68],
      [-17, -40],
      [-3, -37],
      [-20, -64],
      [-11, -87],
      [42, -19],
      [23, -49],
      [62, -13],
      [191, -94],
      [27, 12],
      [36, -6],
      [6, -133],
      [-21, -39],
      [16, -32],
      [50, -59],
      [-13, -22],
      [-4, -60],
      [-22, -111],
      [-3, -111],
      [-16, -87],
      [10, -28],
      [-14, -23],
      [16, -48],
      [-15, -24],
      [-2, -64],
      [-42, -114],
      [-20, -14],
      [-8, -66],
      [-33, -28],
      [-11, -88],
      [6, -82],
      [-13, -50],
      [-4, -55],
      [-32, -76],
      [-26, -43],
      [-22, -16],
      [4, -38],
      [-14, -4],
      [-13, -70],
      [-21, -52],
      [-17, -20],
      [-11, -78],
      [-20, -39],
      [-1, -34],
      [-25, -58],
      [-10, -120],
      [-14, -40],
      [-70, -102],
      [-8, -25],
      [-18, 22],
      [-28, -6],
      [-35, -34],
      [-58, 19],
      [-16, -12],
      [-11, 30],
      [-37, -23],
      [-12, -24],
      [-27, -8],
      [-5, -30],
      [-42, -68],
      [-44, 15],
      [-57, -49],
      [-38, -16],
      [-33, -32],
      [11, -72],
      [32, -56],
      [-36, -53],
      [-25, 4],
      [-59, -85],
      [-6, -65],
      [-14, 4],
      [-9, -47],
      [42, -31],
      [35, -144],
      [52, -81],
      [39, -13],
      [42, -57],
      [60, -56],
      [34, -66],
      [31, -115],
      [-3, -24],
      [42, -82],
      [-7, -109],
      [13, -17],
      [0, -32],
      [20, -11],
      [7, -38],
      [31, -56],
      [24, -22],
      [16, -62],
      [23, -47],
      [22, -74],
      [33, -44],
      [1, -69],
      [16, -14],
      [11, -70],
      [26, -50],
      [7, -32],
      [59, -88],
      [14, -57],
      [35, -14],
      [19, -36],
      [9, -66],
      [42, -89],
      [46, 2],
      [20, -10],
      [56, 20],
      [63, -33],
      [24, -33],
      [31, 4],
      [2, 15],
      [32, 13],
      [28, -7],
      [34, 10],
      [36, -16],
      [58, -102],
      [16, -63],
      [25, -52],
      [14, -50],
      [9, -74],
      [19, -12],
      [57, -65],
      [38, -54],
      [29, -9],
      [94, 21],
      [33, -34],
      [39, -157],
      [4, -44],
      [-7, -88],
      [16, -96],
      [79, -57],
      [28, 5],
      [119, -36],
      [51, 19],
      [48, -16],
      [51, -53],
      [51, -20],
      [67, 28],
      [53, 38],
      [19, 55],
      [25, 168],
      [33, 71],
      [19, -15],
      [24, 38],
      [8, -7],
      [58, 20],
      [61, -11],
      [31, 6],
      [111, -40],
      [53, -14],
      [47, 23],
      [35, -17],
      [75, -54],
      [16, 11],
      [71, -44],
      [23, 15],
      [14, 111],
      [39, 77],
      [25, 86],
      [27, 31],
      [52, 90],
      [29, 69],
      [20, 32],
      [17, 54],
      [16, 109],
      [18, 29],
      [-18, 106],
      [13, 22],
      [-5, 27],
      [19, 30],
      [-2, 39],
      [10, 51],
      [38, 57],
      [26, 6],
      [32, 30],
      [19, -3],
      [13, 53],
      [16, 1],
      [9, 46],
      [29, 29],
      [32, 0],
      [43, 64],
      [-33, 90],
      [1, 15],
      [43, 17],
      [44, 4],
      [32, -10],
      [20, 16],
      [9, 39],
      [48, 38],
      [26, -18],
      [14, 11],
      [28, -16],
      [12, 10],
      [18, -33],
      [45, -32],
      [56, -9],
      [23, -48],
      [74, -28],
      [13, 16],
      [75, -19],
      [38, -46],
      [16, -3],
      [15, -55],
      [21, -41],
      [36, -48],
      [38, -28],
      [31, 18],
      [51, 52],
      [20, 7],
      [18, -18],
      [22, 15],
      [31, -34],
      [19, 37],
      [20, -3],
      [-8, -73],
      [18, -17],
      [35, 10],
      [7, -51],
      [42, -15],
      [26, 10],
      [49, 84]
    ],
    [
      [7617, 38709],
      [-19, 15],
      [-84, 113],
      [-18, 51],
      [59, 91],
      [52, 5],
      [43, 13],
      [50, 2],
      [41, 35],
      [17, 49],
      [64, 35],
      [140, 94],
      [6, 36],
      [-35, 45],
      [-41, 14],
      [-48, 61],
      [-21, 48],
      [-25, 105],
      [-42, 123],
      [-87, 165],
      [-71, 163],
      [-26, 1],
      [-19, 50],
      [-28, 32],
      [-69, 53],
      [-11, 29],
      [-26, 8],
      [-48, 49],
      [-84, 104],
      [-41, 74],
      [116, 181],
      [13, -50],
      [27, -51],
      [49, -33],
      [55, 21],
      [31, -15],
      [50, -51],
      [76, -100],
      [96, -98],
      [53, -72],
      [100, -143],
      [46, -195],
      [29, -62],
      [58, -70],
      [31, -19],
      [56, -57],
      [47, 25],
      [415, 165],
      [25, 11],
      [23, 29],
      [58, -67],
      [22, -67],
      [134, -173],
      [20, -33],
      [54, -322],
      [-35, -259],
      [33, -131],
      [65, 74],
      [34, 18],
      [21, -8],
      [39, 57],
      [46, 184],
      [-5, 16],
      [17, 54],
      [21, 10],
      [42, 66],
      [5, 19],
      [26, -21],
      [23, 6],
      [8, -66],
      [21, -9],
      [42, -75],
      [13, -73],
      [14, -39],
      [22, -11],
      [6, -34],
      [25, -58],
      [15, -74],
      [36, -77],
      [10, -42],
      [36, -36],
      [52, 13],
      [63, -61],
      [29, -80],
      [16, -120],
      [-21, -25],
      [2, -43],
      [-22, -6],
      [0, -41],
      [12, -46],
      [34, -62],
      [6, -58],
      [16, -33],
      [39, -28],
      [71, -102],
      [199, -338],
      [103, -66],
      [133, -56],
      [115, -46],
      [285, -124],
      [205, -87],
      [-148, -260],
      [-65, -54],
      [-15, 4],
      [-17, -50],
      [-15, -18],
      [-10, -72],
      [-35, -64],
      [-11, -69],
      [-15, -39],
      [-84, -106],
      [-32, -48],
      [-93, -183],
      [-10, -27],
      [0, -126],
      [11, -125],
      [-9, -90],
      [13, -74],
      [6, -103],
      [21, -98],
      [3, -37],
      [-11, -36],
      [-146, -272],
      [-13, -60],
      [-17, -320],
      [-13, -78],
      [23, 2],
      [34, -20],
      [32, 17],
      [26, 52],
      [36, 15],
      [42, -25],
      [42, 8],
      [23, -9],
      [26, 13],
      [109, -16],
      [118, -40],
      [16, -12],
      [-18, -187],
      [-11, -66],
      [-2, -67],
      [-12, -67],
      [-16, -125],
      [-17, -90],
      [-19, -165],
      [0, -53],
      [-10, -79],
      [25, -65],
      [14, -11],
      [19, -75],
      [-17, -25],
      [-19, -105],
      [-8, -73],
      [8, -65],
      [-20, -78],
      [11, -30],
      [0, -85],
      [-14, -41],
      [75, -30],
      [51, 12],
      [10, -80],
      [-15, 9],
      [-29, -14],
      [-57, 5],
      [-18, 44],
      [-17, -17],
      [-16, 11],
      [-55, -26],
      [-27, 13],
      [-22, -97],
      [12, -4],
      [-5, -83],
      [-42, -15],
      [-43, -79],
      [-24, -1],
      [-19, -60],
      [-19, -25],
      [-27, 35],
      [-16, -50],
      [-19, 23],
      [-45, 18],
      [8, -23],
      [-21, -18],
      [-53, -1],
      [-24, -38],
      [-14, 13],
      [-15, -77],
      [-25, -25],
      [-20, -57],
      [53, -12],
      [40, -24],
      [-21, -55],
      [-2, -105],
      [-17, -36],
      [-55, -53],
      [-43, -17],
      [-49, 29],
      [-25, 34],
      [-40, -7],
      [-7, -29],
      [-63, -37],
      [-75, 14],
      [-22, -25],
      [50, -35],
      [5, -38],
      [-23, -9],
      [-46, 25],
      [-33, 4],
      [-29, -11],
      [-53, -1],
      [-48, -13],
      [-37, -30],
      [-67, -8],
      [-4, 15],
      [21, 57],
      [-12, 48],
      [-18, 19],
      [-14, -10],
      [-29, 20],
      [-67, 140],
      [-13, 89],
      [-10, 33],
      [-21, 14],
      [-34, -8],
      [-35, -45],
      [-20, -71],
      [-5, -53],
      [-24, -32],
      [-10, -58],
      [-26, -23],
      [-25, 10],
      [-69, 45],
      [-15, 0],
      [-43, -32],
      [-55, -52],
      [5, -56],
      [-12, -31],
      [-59, -14],
      [-36, -53],
      [-18, 0],
      [-4, 55],
      [22, 42],
      [-9, 69],
      [-88, 77],
      [-44, 8],
      [-28, -50],
      [20, -94],
      [22, -72],
      [-22, -46],
      [-46, 6],
      [-21, 38],
      [28, 52],
      [0, 52],
      [-17, 74],
      [-20, 28],
      [3, 51],
      [43, 54],
      [15, 112],
      [24, 23],
      [-48, 12],
      [-7, 31],
      [-40, 6],
      [-49, 41],
      [23, 38],
      [-7, 47],
      [-37, 13],
      [6, 16],
      [-48, 45],
      [-13, -21],
      [-28, 12],
      [-43, -13],
      [-17, 12],
      [-16, -42],
      [-52, -9],
      [-6, 58],
      [-23, -22],
      [25, -34],
      [-54, -8],
      [0, -34],
      [14, -16],
      [-13, -25],
      [-94, -13],
      [-44, 6],
      [-29, -15],
      [1, -29],
      [-20, 10],
      [-1, 43],
      [-24, -9],
      [-86, -4],
      [-43, 5],
      [-47, -11],
      [-2, -11],
      [-68, 24],
      [-24, 2],
      [12, -42],
      [-57, 26],
      [-61, 48],
      [-5, 25],
      [19, 125],
      [-69, 53],
      [-8, -44],
      [21, -14],
      [-25, -16],
      [-12, 30],
      [14, 20],
      [-23, 34],
      [2, 40],
      [45, 26],
      [34, 38],
      [-1, 24],
      [17, 16],
      [-87, 63],
      [-11, -23],
      [-65, 27],
      [-46, 9],
      [-5, -12],
      [-106, 4]
    ],
    [
      [7617, 38709],
      [59, 17],
      [10, 16],
      [77, 39],
      [39, 54],
      [53, 60],
      [48, -22],
      [36, 31],
      [31, 62],
      [42, 55],
      [18, -36],
      [42, -49],
      [40, -77],
      [36, -32],
      [32, -62],
      [29, -30],
      [30, -61],
      [66, -82],
      [3, -14],
      [-116, -222],
      [9, -70],
      [14, -167],
      [-8, -60],
      [12, -81],
      [-11, -165],
      [2, -61],
      [23, -44],
      [-59, -51],
      [-25, 1],
      [5, -70],
      [-20, -130],
      [23, -84],
      [-28, -183],
      [-22, -58],
      [1, -38],
      [-54, -345],
      [1, -31],
      [-13, -83],
      [4, -19],
      [-19, -83],
      [-18, -191],
      [-19, -60],
      [16, -12],
      [1, -82],
      [42, -228],
      [38, -183],
      [23, -122],
      [-11, -14],
      [11, -66],
      [28, -127],
      [14, -39],
      [-2, -96],
      [-78, -115],
      [-32, -27],
      [-22, -78],
      [-89, -148],
      [-58, -230],
      [-72, -136],
      [9, -22],
      [-5, -141],
      [-71, -133],
      [-61, 57],
      [-20, -88],
      [-58, -116],
      [-65, -167],
      [-33, -160],
      [-14, -92],
      [-13, -126],
      [-11, -164],
      [-50, 2],
      [1, -63],
      [-31, 2],
      [-53, -216]
    ],
    [
      [23404, 30795],
      [-43, 171],
      [-120, 457]
    ],
    [
      [34979, 10867],
      [18, 73],
      [36, 34],
      [39, 82],
      [7, 29],
      [-7, 146],
      [6, 44],
      [27, 58],
      [7, 76],
      [19, 55],
      [5, 77],
      [-2, 247],
      [-5, 104],
      [-9, 17],
      [-39, 163],
      [-26, 165],
      [-26, 123],
      [-27, 158],
      [-32, 121],
      [-19, 183],
      [30, 21],
      [44, -36],
      [47, 13],
      [74, -45],
      [72, 5],
      [51, -18],
      [20, 14],
      [15, -13],
      [73, 26],
      [28, 32],
      [12, 35],
      [27, 41],
      [14, 54],
      [47, 19],
      [61, 4],
      [87, 39],
      [27, 0],
      [49, -24],
      [38, 29],
      [55, 64],
      [14, 33],
      [37, 29],
      [15, 23],
      [114, 75],
      [18, 61],
      [-8, 12],
      [130, 265],
      [59, 102],
      [70, 139],
      [53, 131],
      [-13, 50],
      [99, 192],
      [-3, 69],
      [11, 39],
      [14, 150],
      [25, 45],
      [6, 53],
      [20, -1],
      [41, 128],
      [-4, 28],
      [60, 75],
      [16, 38],
      [18, 108],
      [19, 25],
      [23, 5],
      [55, 95],
      [21, 74],
      [-8, 30],
      [24, 40],
      [21, 74],
      [-9, 49],
      [29, 102],
      [18, 39],
      [68, 67],
      [-3, 89],
      [20, 66],
      [34, 64],
      [-4, 56],
      [39, 68],
      [18, 78],
      [14, 127],
      [-19, 16],
      [43, 104],
      [-10, 48],
      [-5, 69],
      [11, 0],
      [22, 92],
      [-18, 17],
      [5, 27],
      [-16, 23],
      [5, 47],
      [18, 21],
      [-33, 46],
      [25, 28],
      [2, 58],
      [-7, 33],
      [7, 47],
      [14, 22],
      [-13, 36],
      [-1, 103],
      [6, 35],
      [31, -35],
      [-11, 69],
      [0, 67],
      [10, 74],
      [-12, 32],
      [15, 31],
      [5, 69],
      [15, 46]
    ],
    [
      [37082, 17299],
      [0, 15],
      [-34, 24],
      [-24, 33],
      [-42, 23],
      [-17, -22],
      [-28, 15],
      [-16, -23],
      [-21, 14],
      [-4, 37],
      [-32, 6],
      [1, -33],
      [-23, 10],
      [-13, 31],
      [-27, -10],
      [-26, 146],
      [22, 369],
      [-9, 75],
      [-28, 662],
      [-40, 190],
      [-10, -19],
      [-7, 44],
      [10, 4],
      [-18, 76],
      [-33, 76],
      [-50, 153],
      [-20, 168],
      [-8, 96],
      [-46, 267],
      [-6, 68],
      [-22, 136],
      [-95, 286],
      [-20, 70],
      [-49, 135],
      [-97, 319],
      [-7, 53],
      [-24, 81],
      [-24, 166],
      [-107, 754],
      [-14, 80],
      [176, 213],
      [51, 33],
      [62, 9],
      [33, 44],
      [108, -232],
      [5, 7],
      [85, -192],
      [41, -83],
      [-15, -22],
      [13, -82],
      [25, -32],
      [34, 3],
      [-5, -33],
      [23, -8],
      [5, 44],
      [31, -11],
      [-7, -42],
      [55, -28],
      [47, 42],
      [60, -42],
      [18, 43],
      [26, 99],
      [32, 25],
      [12, -21],
      [42, 58],
      [23, -1],
      [19, -25],
      [41, 59],
      [51, 11],
      [63, -29],
      [16, 42],
      [29, -42],
      [-6, -36],
      [25, -2],
      [2, -24],
      [27, 63],
      [16, -10],
      [22, 28],
      [2, 37],
      [-48, -1],
      [-4, -17],
      [-31, 38],
      [11, 84],
      [2, 74],
      [-15, 10],
      [-2, 34],
      [-36, 17],
      [-14, 32],
      [-33, 36],
      [-5, 23],
      [15, 39],
      [-45, 11],
      [2, 28],
      [-32, 53],
      [-9, 49],
      [10, 32],
      [2, 67],
      [-12, -31],
      [-21, 8],
      [16, 91],
      [-11, 35],
      [-6, -84],
      [-40, 58],
      [18, 57],
      [18, -23],
      [10, 19],
      [-38, 82],
      [7, 22],
      [-22, 40],
      [5, 65],
      [-32, 21],
      [-18, 26],
      [-40, -8],
      [2, 24],
      [-20, 39],
      [7, 105],
      [-15, 32],
      [29, 101],
      [-9, 43],
      [13, 6],
      [18, 50],
      [15, 12],
      [-5, 30],
      [-22, -13],
      [3, 73],
      [-18, 64],
      [26, 37],
      [17, 51],
      [54, 44],
      [46, 107],
      [-10, 50],
      [15, 58],
      [-12, 36],
      [26, 65],
      [-11, 47],
      [13, 53],
      [-51, 95],
      [-1, 77],
      [9, 33],
      [-14, 59],
      [8, 47],
      [-29, 41],
      [-4, 43],
      [21, 85],
      [2, 50],
      [11, 98],
      [-46, 102],
      [-126, 26],
      [-46, 5],
      [-44, -31],
      [-47, 31],
      [-167, -35],
      [-17, 85],
      [-77, 90],
      [1, 16],
      [-58, 95],
      [-14, 36],
      [-31, 26],
      [-13, 41],
      [-27, 18],
      [-27, 42],
      [12, 50],
      [31, 178],
      [60, 13],
      [48, -92],
      [59, 22],
      [26, 60],
      [19, 20],
      [60, -29],
      [54, -1],
      [28, -10],
      [35, 11],
      [47, -1],
      [24, 17],
      [18, -6],
      [31, 27],
      [29, 104],
      [6, 69]
    ],
    [
      [36925, 25445],
      [-47, 150],
      [6, 63],
      [-24, -10],
      [-71, 143],
      [-36, 32],
      [-60, 17],
      [-41, -14],
      [-108, 96],
      [-47, 96],
      [-26, 133],
      [-23, 75],
      [-10, 53],
      [-8, 120],
      [0, 72],
      [-25, 110],
      [39, 126],
      [7, 64],
      [-17, 11],
      [1, 40],
      [-22, 34],
      [-13, 37],
      [-18, 14],
      [-43, 72],
      [-15, -20],
      [-40, 16],
      [-23, 29],
      [-56, 2],
      [-58, -27],
      [-23, 32],
      [-52, -8],
      [-32, 17],
      [-9, 27],
      [-25, 26],
      [-56, -34],
      [-8, -22],
      [-40, -54],
      [-29, 52],
      [-24, 3],
      [-18, 38],
      [9, 31],
      [-21, 118],
      [-16, 19],
      [16, 70],
      [27, 33],
      [-27, 38],
      [-21, 151],
      [-39, 36],
      [-4, 40],
      [-45, 12],
      [-28, 49],
      [10, 45],
      [-27, 46],
      [-22, 81],
      [23, 40],
      [-20, 71],
      [-52, 30],
      [-18, 35],
      [-23, -6],
      [-50, 131],
      [-44, 23],
      [-20, -10],
      [-26, 18],
      [-9, 49],
      [-57, 89],
      [-22, 67],
      [-25, 133],
      [-42, -2],
      [-12, 119],
      [-30, -3],
      [-30, 32],
      [0, 49],
      [-34, 26],
      [-28, 39],
      [-37, -12],
      [-21, 92],
      [3, 81],
      [33, 16],
      [23, -41],
      [48, 83],
      [4, 45],
      [-11, 83],
      [-73, 37],
      [-25, 29],
      [1, 58],
      [-23, 58],
      [-29, 11],
      [-29, 75],
      [-27, 43],
      [12, 45],
      [-14, 11],
      [-52, -6],
      [-39, 62],
      [-20, -10],
      [-17, 33],
      [-7, 57],
      [-15, 42],
      [5, 87],
      [48, 64],
      [-12, 39],
      [-58, 56],
      [-19, 95],
      [1, 42],
      [39, 106],
      [26, 16],
      [35, -47],
      [21, -12],
      [33, 95],
      [35, -4],
      [6, 40],
      [-22, 33],
      [1, 91],
      [27, 14],
      [23, 33],
      [-13, 53],
      [-2, 45],
      [35, 90],
      [-9, 46],
      [-27, 42],
      [-4, 60],
      [21, 96],
      [-34, 39],
      [-14, 41],
      [-37, 19],
      [-37, -48],
      [-12, 24],
      [13, 106],
      [-18, 62],
      [34, 73],
      [45, 29],
      [-1, 43],
      [-33, 25],
      [-39, -23],
      [-45, 44],
      [-19, 102],
      [-30, 53],
      [-30, -47],
      [-28, 51],
      [-28, 11],
      [-9, 32],
      [6, 85],
      [-37, 48],
      [-17, 69],
      [-19, -17],
      [-30, 17],
      [-21, -60],
      [-31, 10],
      [-17, -45],
      [1, -60],
      [-28, -59],
      [-39, -10],
      [-22, -31],
      [-25, 21],
      [-18, -42],
      [-31, -9],
      [-29, 12],
      [-20, -52],
      [3, -20],
      [-26, -48],
      [-22, -97],
      [-35, -22],
      [-44, -85],
      [-51, -59],
      [-39, -59],
      [-86, -22],
      [-29, 34],
      [-36, -14],
      [-7, -29],
      [10, -70],
      [-33, -72],
      [-20, -24],
      [-26, 48],
      [-25, 28],
      [-12, 52],
      [-32, 49],
      [-25, 60],
      [-36, 1],
      [-65, -53],
      [-20, 9],
      [-17, 67],
      [-25, 10],
      [-57, -58],
      [-3, -32],
      [-23, -66],
      [-21, -13],
      [-18, -36],
      [-17, -55],
      [-47, -68],
      [-32, 0],
      [-1, -57],
      [-68, -41],
      [-17, -39],
      [-24, -11],
      [20, -37],
      [-3, -27],
      [-33, -63],
      [-1, -41],
      [-39, -67],
      [-2, -30],
      [-33, -7],
      [-61, -1],
      [-45, -49],
      [-15, 12],
      [-11, -22],
      [-40, -7],
      [-26, -57],
      [-24, -32],
      [-38, -16],
      [-19, 15],
      [-40, -11],
      [-42, 6],
      [-31, -19],
      [-25, 38],
      [-3, 41],
      [-22, 28],
      [-36, 67],
      [-36, 20],
      [7, 49],
      [-12, 36],
      [-17, 8],
      [-25, 45],
      [-15, -3],
      [-27, 45],
      [-12, 63],
      [-21, 17],
      [-30, 123],
      [-26, -3],
      [-24, 73],
      [-3, 28],
      [-54, 111],
      [-11, 61],
      [-26, 19]
    ],
    [
      [32373, 30961],
      [-66, -4],
      [-36, -9],
      [-86, 17],
      [-102, 59],
      [-82, -284],
      [-37, -169],
      [-4, -42],
      [-24, -61],
      [-9, -38],
      [-32, -67],
      [-5, -66],
      [-15, -65],
      [-37, -77],
      [-47, -194],
      [-32, 18],
      [-43, 76],
      [-27, 17],
      [-45, -15],
      [-37, 2],
      [-24, 36],
      [-35, 6],
      [7, 20],
      [-18, 71],
      [13, 28],
      [4, 53],
      [13, 37],
      [-16, 25],
      [-1, 131],
      [-31, 52],
      [3, 24],
      [-35, 30],
      [-28, 9],
      [-83, -16],
      [-13, -10],
      [-24, 39],
      [-3, 24],
      [-29, 63],
      [-11, 68],
      [-20, 2],
      [-2, 51],
      [-54, -4],
      [-26, 20],
      [-26, 56],
      [3, 32],
      [-14, 79],
      [-21, 36],
      [3, 63],
      [-17, 48],
      [-14, 1],
      [-17, 40],
      [-78, 109],
      [-46, 25],
      [-11, 32],
      [-49, 8],
      [-159, -445],
      [-6, -22],
      [-34, 14],
      [-17, -50],
      [-19, -6],
      [-20, 60],
      [7, -53],
      [-23, -4],
      [-17, -38],
      [-29, 0],
      [3, 31],
      [-31, -7],
      [-42, 36],
      [-44, 24],
      [-21, 24],
      [-20, 0],
      [-42, 25],
      [51, 28],
      [8, 43],
      [4, 76],
      [-11, 55],
      [-6, 76],
      [2, 94],
      [-21, 52],
      [-15, 88],
      [3, 73],
      [-26, 21],
      [-18, 84],
      [-44, 77],
      [-14, 58],
      [-30, 66],
      [-15, -16],
      [-43, 17],
      [-13, -61],
      [27, -51],
      [-13, -36],
      [-228, -208],
      [-126, 239],
      [-127, 229],
      [-6, 15],
      [-146, 269],
      [-87, 132],
      [-10, 43],
      [-16, 16],
      [-68, 8],
      [-26, -13],
      [-27, 5],
      [-22, 34],
      [-19, 3],
      [-51, 46],
      [-18, -17],
      [-44, -77],
      [-63, -22],
      [-36, -4],
      [-21, 43],
      [-19, 9],
      [-33, -38],
      [-48, -74],
      [-30, -72],
      [-32, -26],
      [-26, -51],
      [-18, -16],
      [-8, -33],
      [-33, -6],
      [-23, -39],
      [-26, 31],
      [-32, -71],
      [-34, -39],
      [-9, 90],
      [-44, 111],
      [-20, 70],
      [-83, 191],
      [-26, 163],
      [-35, 158],
      [-2, 159],
      [7, 112],
      [-3, 172],
      [-201, 345],
      [-454, 787],
      [-17, 21],
      [-255, 447],
      [-145, 248],
      [-60, 17],
      [-30, -7],
      [-25, 15],
      [-48, 79],
      [-30, 29],
      [-14, 55],
      [34, 201],
      [52, 155],
      [-1, 7],
      [-81, 53],
      [-21, 28],
      [-89, -41],
      [-43, -3],
      [-1, 46],
      [23, 72],
      [25, 164],
      [-75, -7],
      [-20, 10],
      [-33, -6],
      [-75, 55],
      [-60, 96],
      [-21, 61],
      [-18, -19],
      [-32, 13],
      [-2, 38],
      [-49, 31],
      [-98, 19],
      [-54, 39],
      [-33, 41],
      [-8, -11],
      [-45, 18],
      [-26, 35],
      [0, 98],
      [5, 34],
      [-26, -15],
      [-13, 9],
      [-16, -55],
      [-15, 22],
      [-56, 52],
      [-17, 48],
      [-9, -41],
      [2, -98],
      [-16, -68],
      [-39, -66],
      [-32, 53],
      [-12, -26],
      [-47, -2],
      [-22, -35],
      [-52, 45],
      [-22, 1],
      [-3, 26],
      [37, 21],
      [-28, 67],
      [-21, 5],
      [17, 54],
      [-13, 65],
      [31, 103],
      [-16, -14],
      [-90, 38],
      [-20, -19],
      [-3, 36],
      [-33, 54],
      [-42, 13],
      [-43, 44],
      [-15, 28],
      [-61, 38],
      [-5, 39],
      [10, 35],
      [28, 6],
      [45, 55],
      [72, 116],
      [27, 12],
      [23, 45],
      [49, 50],
      [31, 5],
      [6, 19],
      [28, 10],
      [32, 30],
      [-3, 20],
      [21, 30],
      [46, -3],
      [69, 59],
      [55, 38],
      [-5, 69],
      [-33, 47],
      [-27, 97],
      [38, -10],
      [-39, 89],
      [43, 36],
      [-12, 92],
      [-59, 146],
      [-49, -19],
      [-33, -35],
      [-61, 17],
      [-11, 12],
      [-26, -30],
      [-26, 3],
      [-13, 96],
      [15, 55],
      [13, 83],
      [-4, 111],
      [20, 37],
      [-7, 99],
      [7, 43],
      [-24, 55],
      [-16, 67],
      [9, 64],
      [55, -14],
      [32, 24],
      [27, 5],
      [24, 48],
      [20, 15],
      [2, 56],
      [10, 31],
      [-20, 119],
      [13, 48],
      [-18, 66],
      [13, 39],
      [-1, 47],
      [7, 101],
      [97, -77],
      [70, -2],
      [51, 75],
      [47, 45],
      [65, 50],
      [48, -1],
      [25, -26],
      [61, 49],
      [30, 6],
      [24, -27],
      [22, 17],
      [24, 61],
      [-25, 23],
      [-4, 48],
      [-68, 86],
      [-69, 44],
      [-22, 22],
      [-125, 150],
      [-53, 33],
      [-28, 36],
      [-7, 26],
      [-50, 77],
      [-4, 23],
      [-46, 52],
      [5, 22],
      [-25, 29],
      [-34, 22],
      [-36, 3],
      [-45, -13],
      [-11, -14],
      [-36, 46],
      [-32, 69],
      [8, 58],
      [-14, 37],
      [35, 56],
      [-40, -17],
      [-19, 4],
      [-42, -28],
      [-175, 125],
      [-73, 16],
      [-24, -2],
      [-29, -35],
      [-31, -62],
      [-75, 107],
      [-135, -118],
      [-70, -150],
      [-39, -66],
      [-52, 103],
      [-4, 50],
      [25, 63],
      [7, 80],
      [46, 200],
      [13, 23],
      [3, 64],
      [-50, 81],
      [-12, 54],
      [12, 27],
      [-15, 74],
      [6, 62],
      [-12, 108],
      [21, 79],
      [3, 34],
      [-12, 79],
      [3, 74],
      [-21, 55]
    ],
    [
      [25266, 41432],
      [-23, 91],
      [-5, 41],
      [26, 93],
      [17, 36],
      [7, 44],
      [40, 138],
      [5, 92],
      [23, 60],
      [50, 38],
      [7, 19],
      [-25, 84],
      [-18, 40],
      [-39, 48],
      [-44, 104]
    ],
    [
      [32373, 30961],
      [-34, 79],
      [-2, 45],
      [-28, 57],
      [4, 59],
      [-12, 65],
      [-31, 43],
      [-25, 49],
      [-24, 19],
      [-11, 30],
      [-74, 18],
      [-22, -4],
      [24, 58],
      [16, 6],
      [-14, 84],
      [19, 16],
      [-12, 105],
      [7, 21],
      [-4, 61],
      [-20, 90],
      [15, 56],
      [-22, 113],
      [15, 66],
      [-2, 90],
      [-18, 109],
      [-27, 23],
      [-23, 69],
      [-42, 31],
      [-31, 11],
      [-11, 35],
      [-37, -17],
      [10, 22],
      [-6, 61],
      [45, 73],
      [25, -6],
      [20, 42],
      [83, 79],
      [18, 37],
      [28, 21],
      [27, 6],
      [63, -44],
      [21, 4],
      [51, 83],
      [36, 30],
      [9, 62],
      [-7, 30],
      [4, 73],
      [-35, 94],
      [-26, 41],
      [-24, 64],
      [-15, 55],
      [5, 40],
      [-41, 43],
      [37, 72],
      [12, -9],
      [80, 70],
      [42, 11],
      [14, 572],
      [7, 423],
      [12, 437],
      [-20, -41],
      [-66, -179],
      [-40, 34],
      [-33, 12],
      [2, 64],
      [-18, 27],
      [-45, 5],
      [-14, 27],
      [-50, 48],
      [-67, -22],
      [-40, 47],
      [-23, -117],
      [-32, -18],
      [-31, -71],
      [-92, 67],
      [-77, 69],
      [-57, 44],
      [-61, 85],
      [-48, 93],
      [-92, -34],
      [-57, 98],
      [-94, 187],
      [-21, 73],
      [-27, 16],
      [-39, 74],
      [-28, 65],
      [-46, 86],
      [-20, 77],
      [-73, 106],
      [-15, 27],
      [-36, 37],
      [-17, 29],
      [-71, 94],
      [-14, -27],
      [-19, 36],
      [16, 28],
      [-6, 25],
      [-26, -6],
      [10, 20],
      [-19, 78],
      [-2, 41],
      [13, 0],
      [-27, 94],
      [-11, 82],
      [-53, -52],
      [4, -23],
      [-21, -21],
      [-9, 100],
      [-63, 190],
      [-40, 106],
      [-50, 156],
      [25, 43],
      [75, 104],
      [39, 81],
      [15, -12],
      [11, 19],
      [-7, 36],
      [-54, 31],
      [-17, 60],
      [24, 15],
      [10, 45],
      [25, -1],
      [11, 44],
      [-32, 26],
      [5, 31],
      [49, 8],
      [61, -1],
      [-1, 48],
      [-22, 35],
      [-6, 61],
      [45, 28],
      [20, 40],
      [3, 87],
      [82, 79],
      [0, 14],
      [40, 48],
      [107, 78],
      [101, 53],
      [-74, 297],
      [-193, 642],
      [-89, 291],
      [-49, 233],
      [-6, 109],
      [27, 67],
      [-57, 113],
      [66, 109],
      [75, 45],
      [66, 147],
      [7, 98],
      [12, 18],
      [44, 26],
      [30, -2],
      [41, -20],
      [-10, 73],
      [36, -8],
      [36, -36],
      [14, 55],
      [78, 24],
      [28, 68],
      [201, -20],
      [409, -54],
      [71, 11],
      [12, 69],
      [0, 46]
    ],
    [
      [32061, 40371],
      [-30, 69],
      [-46, 38],
      [-19, 53],
      [-28, 30],
      [-41, 75],
      [-30, 87],
      [-56, 108],
      [-1, 24],
      [32, 154],
      [2, 140],
      [-6, 57],
      [-12, 27],
      [-5, 103],
      [9, 60],
      [-33, 56],
      [-43, 23],
      [-42, 12],
      [-36, -12],
      [-63, 45],
      [-36, 70],
      [-52, 27],
      [-8, 36],
      [-77, 115],
      [-24, -33],
      [-14, 19],
      [-17, -13],
      [-10, 51],
      [20, 80],
      [-31, 31],
      [-61, -13],
      [-43, -27],
      [-53, -21],
      [-38, 2],
      [-52, -34],
      [-58, -19],
      [-51, 42],
      [-49, 9],
      [-81, 39],
      [-80, -66],
      [-79, -88],
      [-6, -34],
      [-23, -25],
      [-40, -19],
      [-9, -36],
      [-34, -61],
      [-10, -62],
      [-62, -26],
      [-53, -64],
      [23, -150],
      [2, -57],
      [16, -55],
      [2, -39],
      [59, -32],
      [-13, -6],
      [7, -79],
      [-19, -67],
      [-2, -29],
      [-20, -50],
      [-33, 49],
      [-27, -33],
      [-30, -15],
      [-45, 13],
      [-45, -6],
      [-38, -44],
      [-59, 11],
      [-33, -38],
      [-46, -77],
      [-49, 20],
      [0, -20],
      [-30, -45],
      [-32, 2],
      [-24, 23],
      [-41, -2],
      [-54, -35],
      [-15, 3],
      [-36, -51],
      [-24, -1],
      [-34, -43],
      [-99, -14],
      [-39, -27],
      [-48, 11],
      [-96, 41],
      [-29, 24],
      [-40, 14],
      [-118, -37],
      [-96, -27],
      [-52, -22],
      [-29, -59],
      [-29, 17],
      [-39, -39],
      [8, -68],
      [-6, -54],
      [-26, -58],
      [-32, -3],
      [-23, -41],
      [-35, 8],
      [-37, -7],
      [-32, -25],
      [4, -24],
      [-24, 11],
      [-28, -15],
      [-58, -62],
      [-42, -14],
      [-28, -35],
      [-73, -51],
      [-75, -8],
      [-107, 18],
      [-70, -17],
      [-51, -3],
      [-55, 13],
      [-10, 32],
      [-21, 10],
      [-53, -6],
      [-44, 15],
      [-8, -37],
      [-23, 23],
      [-20, 53],
      [-35, 44],
      [-66, -41],
      [-22, -61],
      [-28, -38],
      [15, -18],
      [8, -94],
      [5, -148],
      [7, -37],
      [-7, -28],
      [25, -27],
      [26, -58],
      [18, -7],
      [14, -45],
      [4, -49],
      [20, -79],
      [23, -64],
      [-22, -54],
      [-34, -15],
      [-43, -36],
      [-67, -3],
      [-86, -21],
      [-53, 25],
      [-20, 36],
      [35, 171],
      [-6, 66],
      [-35, 7],
      [-18, 25],
      [-47, 9],
      [-60, 69],
      [-75, 65],
      [-90, -38],
      [-13, -35],
      [-22, 6],
      [-38, -48],
      [-27, 40],
      [-116, 41],
      [-76, 54],
      [-114, 69],
      [-49, 70],
      [-26, 5],
      [-92, -7],
      [-33, 94],
      [-45, 40],
      [-35, 52],
      [-38, 29],
      [17, 25],
      [-13, 53],
      [-40, 39],
      [-81, 25],
      [17, 59],
      [4, 51],
      [-31, 53],
      [-8, 43],
      [-24, 45],
      [42, 35],
      [30, 45],
      [12, 44],
      [22, 17],
      [38, 5],
      [32, 110],
      [40, -2],
      [34, 43],
      [45, 39],
      [28, -12],
      [29, -39],
      [14, -2],
      [61, -42],
      [49, -20],
      [62, 2],
      [55, -22],
      [27, 9],
      [14, 27],
      [-35, 9],
      [-27, 38],
      [13, 84],
      [-20, 33],
      [-17, 49],
      [-43, 8],
      [13, 67],
      [-129, -2],
      [-15, 53],
      [-12, 106],
      [-10, 6],
      [-12, 80],
      [-83, 126],
      [-20, -79],
      [-55, -26],
      [-60, -15],
      [-26, 19],
      [-46, 63],
      [-61, 18],
      [-103, -94],
      [-20, -42],
      [-35, -32],
      [-47, 30],
      [-50, 50],
      [-18, 6],
      [-46, 42],
      [-28, -2],
      [-27, -24],
      [-75, -18],
      [-55, 13],
      [-18, -14],
      [-32, 8],
      [-13, -19],
      [-31, 6],
      [-36, 52],
      [-44, 47],
      [-27, 9],
      [-18, 22],
      [-28, -5],
      [-12, 14],
      [-16, 60],
      [-54, -13],
      [-23, -14],
      [-76, 46],
      [-14, -4],
      [1, 66],
      [-28, 2],
      [-24, 17],
      [-62, 13],
      [-71, -2],
      [-29, -23],
      [-52, -14],
      [-39, -2],
      [-35, -17],
      [-21, 2],
      [-79, -51]
    ],
    [
      [34455, 40354],
      [-121, -109],
      [-73, -48],
      [-44, -44],
      [-54, -65],
      [-89, -74]
    ],
    [
      [34074, 40014],
      [-91, -118],
      [-69, -121],
      [-91, -79],
      [-104, -73],
      [-76, -67],
      [-100, -56],
      [-153, -109],
      [-128, -63],
      [-108, 46],
      [-18, 1],
      [-10, 32],
      [44, 40],
      [45, 53],
      [97, -12],
      [31, 25],
      [83, 48],
      [42, 12],
      [66, 58],
      [39, 43],
      [-18, 43],
      [128, 104],
      [46, 2],
      [-6, 79],
      [18, 43],
      [13, 3],
      [28, 84],
      [-5, 14],
      [52, 83],
      [-14, 110],
      [-16, 45],
      [-41, 77],
      [-35, 37],
      [-27, 14],
      [-48, 56],
      [-49, 21],
      [-44, 31],
      [-56, 7],
      [-12, -48],
      [-84, 27],
      [-54, 41],
      [-143, 63],
      [-6, 40],
      [23, 1],
      [0, 31],
      [-108, -17],
      [-55, 14],
      [-82, 2],
      [-27, -68],
      [-68, 23],
      [-1, 13],
      [-81, 39],
      [-27, -52],
      [-16, -74],
      [-45, 55],
      [-12, -12],
      [-31, 38],
      [-32, 10],
      [-28, -21],
      [-40, -8],
      [-6, 108],
      [-197, -110],
      [1, 16],
      [-140, -15],
      [-46, 17],
      [-9, 66],
      [7, 105],
      [-39, 18],
      [-26, 37],
      [-75, -99],
      [-11, -62],
      [36, -72],
      [35, -93],
      [-14, -28],
      [-7, -89],
      [-18, -52]
    ],
    [
      [36925, 25445],
      [36, 69],
      [34, 211],
      [34, 8],
      [77, -56],
      [444, -72],
      [206, -16],
      [96, 8],
      [-7, 144],
      [25, 28],
      [8, 74],
      [-31, 87],
      [6, 53],
      [-8, 48],
      [1, 56],
      [32, 37],
      [16, 3],
      [16, -27],
      [23, -11],
      [48, -72],
      [111, -17],
      [14, 44],
      [52, -25],
      [54, 14],
      [-1, 30],
      [15, 36],
      [32, 37],
      [48, 14],
      [28, 45],
      [32, 27],
      [32, 13],
      [41, 34],
      [81, 10],
      [93, -57],
      [41, -51],
      [40, 1],
      [12, -41],
      [89, 50],
      [32, 4],
      [60, -55],
      [7, -69],
      [15, 0],
      [64, 32],
      [20, 0],
      [-9, -51],
      [-19, -45],
      [11, -21],
      [33, 29],
      [55, 69],
      [-19, 45],
      [-5, 56],
      [7, 18],
      [68, 70],
      [39, 17],
      [72, -42],
      [-8, -39],
      [5, -30],
      [38, -53],
      [54, 3],
      [82, 59],
      [31, 11],
      [27, -5],
      [63, -50],
      [37, 38],
      [36, 79],
      [34, 15],
      [66, 60],
      [9, 27],
      [44, 17],
      [-1, 69],
      [43, 21],
      [43, -10],
      [41, -33],
      [0, 58],
      [12, 31],
      [2, 83],
      [31, 74],
      [63, -22],
      [6, 5],
      [85, -76],
      [7, 17],
      [-10, 71],
      [43, 99],
      [17, 58],
      [24, 46],
      [11, 64],
      [48, 38],
      [8, 29],
      [65, 112],
      [85, 89],
      [14, 54],
      [-14, 13],
      [-9, 44],
      [20, 48],
      [-4, 65],
      [32, 42],
      [39, 9],
      [57, -33],
      [63, 13],
      [41, 1],
      [104, -78],
      [48, -31],
      [26, 258],
      [-151, 340],
      [-66, 153],
      [-4, 38],
      [-59, -50],
      [-106, 210],
      [-87, 183],
      [-63, 147],
      [-45, 114],
      [-128, 18],
      [-53, 62],
      [-64, 61],
      [-21, 14],
      [-45, 72],
      [-57, 130],
      [-57, 106],
      [-25, 15],
      [-301, 281],
      [-13, -29],
      [-22, -84],
      [-7, -157],
      [-21, -43],
      [-20, -105],
      [-58, -28],
      [-53, 94],
      [-31, 36],
      [4, 20],
      [-90, 93],
      [-19, 30],
      [-12, 229],
      [-12, 77],
      [-5, 92],
      [-22, 35],
      [13, 51],
      [5, 80],
      [14, 37],
      [47, 37],
      [25, 31],
      [33, 84],
      [-1, 37],
      [19, 38],
      [46, 36],
      [16, -29],
      [14, 6],
      [16, 104],
      [14, 40],
      [-10, 63],
      [0, 176],
      [4, 65],
      [-20, 62],
      [0, 41],
      [23, 118],
      [-5, 76],
      [-22, 56],
      [-1, 66],
      [-8, 62],
      [-11, 15],
      [-17, 104]
    ],
    [
      [39265, 31208],
      [0, 78],
      [-15, 17],
      [-15, 51],
      [-13, -29],
      [-84, -64],
      [-50, -45],
      [-76, 107],
      [-1, 55],
      [-34, 184],
      [-69, 92],
      [-8, 22],
      [28, 47],
      [3, 26],
      [-8, 74],
      [20, 14],
      [6, 48],
      [-62, 1],
      [-26, -18],
      [-7, 24],
      [6, 55],
      [-74, 176],
      [23, 134],
      [61, 1],
      [8, 154],
      [-69, 96],
      [-6, 61],
      [-14, 11],
      [12, 38],
      [-3, 40],
      [-70, 59],
      [-29, 45],
      [14, 29],
      [-15, 49],
      [-34, 20],
      [28, -102],
      [-17, -22],
      [-17, 24],
      [-4, 39],
      [-30, 4],
      [-2, 32],
      [-27, 11],
      [-8, -33],
      [-432, 598],
      [-11, 27],
      [-2, 45],
      [-15, 21],
      [-38, -23],
      [-3, 56],
      [10, 15],
      [-41, 32],
      [-23, 65],
      [-49, -21],
      [19, 101],
      [-36, 19],
      [-31, -5],
      [-28, 55],
      [6, 38],
      [-11, 81],
      [2, 49],
      [-26, 68],
      [10, 42],
      [-12, 16],
      [6, 31],
      [-27, 77],
      [-14, 61],
      [1, 56],
      [-9, 40],
      [-25, 37],
      [1, 84],
      [-16, 28],
      [-20, 81],
      [-42, 61],
      [-8, 60],
      [-16, 63],
      [-21, 48],
      [7, 97],
      [-16, 81],
      [21, 156],
      [12, 62],
      [57, 91],
      [14, 78],
      [34, 23],
      [-8, 29],
      [50, 8],
      [-11, 96],
      [-24, 160],
      [-24, 50],
      [23, 43],
      [11, 63],
      [26, 42],
      [-12, 46],
      [-3, 95],
      [-15, 51],
      [2, 31],
      [21, 16],
      [10, 109],
      [-8, 68],
      [52, 151],
      [-17, 44],
      [-31, 35],
      [-54, 20],
      [28, 73],
      [23, 43],
      [15, 8],
      [29, 64],
      [10, 146],
      [-4, 54],
      [-20, 53],
      [-5, 67],
      [-16, 62],
      [-51, 46],
      [-8, 49],
      [10, 16],
      [53, 27],
      [33, 68],
      [26, 30],
      [22, 8],
      [-10, 44],
      [-30, 53],
      [-20, -18],
      [-31, -5],
      [-41, -49],
      [-61, -5],
      [-24, -17],
      [-41, 61],
      [-4, 40],
      [8, 38],
      [48, 119],
      [-7, 21],
      [-25, -3],
      [-7, 39],
      [-14, 2],
      [11, 67],
      [-17, 34],
      [3, 64],
      [-6, 17],
      [30, 78],
      [23, 24],
      [-8, 23],
      [-10, 92],
      [-27, 12],
      [-23, 95],
      [-36, 19],
      [-25, 79],
      [13, 5],
      [-15, 82],
      [-48, 62],
      [12, 100],
      [-28, 44],
      [0, 76],
      [34, 18],
      [26, 32],
      [46, 8],
      [35, 42],
      [53, 32],
      [11, -6],
      [45, 26],
      [17, -4],
      [38, 33],
      [105, 0],
      [23, 42],
      [44, 32],
      [39, -15],
      [5, 34],
      [25, 27],
      [-25, 78],
      [-22, 0],
      [33, 62],
      [38, 50],
      [21, 53],
      [49, 17],
      [-6, -98],
      [17, -59],
      [24, 13],
      [11, -22],
      [37, 2],
      [40, 50],
      [12, -17],
      [13, 44],
      [32, -47],
      [58, 1],
      [41, 15],
      [-3, 66],
      [8, 133],
      [-3, 105],
      [-19, 46],
      [22, 58]
    ],
    [
      [38462, 39522],
      [30, 15],
      [0, -41],
      [20, -21],
      [26, 20],
      [28, 72],
      [11, 79],
      [-30, 46],
      [-38, 16],
      [-24, 58],
      [-22, 0],
      [-24, 105],
      [1, 21],
      [-31, 21],
      [-41, -40],
      [-22, 8],
      [-34, -10],
      [-19, -24],
      [-16, 35],
      [-12, -5],
      [-28, 30],
      [-30, 82],
      [-65, 50],
      [-47, 46],
      [-18, 1],
      [-48, 34],
      [-10, 37],
      [-30, 31]
    ],
    [
      [37989, 40188],
      [5, -33],
      [-76, -43],
      [5, -29],
      [-21, -11],
      [-16, 40],
      [-37, 45],
      [-59, -6],
      [-48, -126],
      [-26, -22],
      [7, -47],
      [-90, -84],
      [-58, -11],
      [-42, -64],
      [-20, 14],
      [-12, -24],
      [-46, -43],
      [-19, 28],
      [-33, 8],
      [-16, -29],
      [3, -83],
      [-26, -17],
      [-17, -29],
      [-25, 7],
      [-58, -98],
      [-31, -5],
      [-67, 29],
      [-49, -48],
      [-34, -22],
      [-17, -35],
      [-16, -65],
      [-34, -4],
      [-22, -41],
      [-10, -58],
      [-21, -9],
      [-31, -94],
      [-20, -17],
      [27, -33],
      [-71, -176],
      [-108, -188],
      [-35, -55],
      [-218, -376],
      [-20, -18],
      [-35, 235],
      [-19, 100],
      [-162, 91],
      [-243, 134],
      [-35, 22],
      [-32, 142],
      [-9, 57],
      [3, 41],
      [72, 626],
      [54, 210],
      [8, -7],
      [17, 69],
      [-14, 15],
      [104, 123],
      [-83, 132],
      [4, 4],
      [-92, 138],
      [-56, 76],
      [-161, 202],
      [63, 204],
      [-50, 126],
      [128, 120],
      [36, 110],
      [-118, 117],
      [-16, -40],
      [-109, 129],
      [38, 77],
      [-56, 58],
      [-44, -92],
      [-93, 109],
      [-14, -28],
      [-25, 0],
      [-18, -86],
      [-12, -24],
      [-41, 35],
      [22, 111],
      [-60, 47],
      [31, 144],
      [-89, 89],
      [8, 22],
      [-129, 124],
      [0, 7],
      [-87, 85],
      [-7, 29],
      [-11, -38],
      [-6, -64],
      [1, -188],
      [-12, -139],
      [-9, -153],
      [8, -80],
      [19, -68],
      [0, -72],
      [-28, -90],
      [1, -101],
      [8, -46],
      [23, -41],
      [5, -31],
      [-11, -66],
      [-31, -67],
      [-28, -30],
      [-24, -49],
      [-22, -25],
      [-55, -39],
      [-46, -78],
      [-55, -31],
      [-62, -76],
      [-63, -50],
      [-53, -57],
      [-86, -72],
      [-70, -12],
      [-51, -32],
      [-53, -50]
    ],
    [
      [34942, 42941],
      [-18, -153]
    ],
    [
      [34924, 42788],
      [-5, -66],
      [-12, -79],
      [-4, -258],
      [11, -16],
      [3, -145],
      [10, -169],
      [-11, -24],
      [-76, -57],
      [-35, -3],
      [-86, -54],
      [-110, -39],
      [-62, 1],
      [-57, 36],
      [-34, 5],
      [-34, -22],
      [-42, 6],
      [-58, 84],
      [-25, 19],
      [-50, -11],
      [-55, 38],
      [-57, -104],
      [-19, -45],
      [-68, -81],
      [43, -135],
      [59, -136],
      [27, -84],
      [82, 47],
      [7, -112],
      [-12, 5],
      [31, -87],
      [120, -380],
      [38, -130],
      [-1, -268],
      [4, -114],
      [9, -56]
    ],
    [
      [37989, 40188],
      [-32, 57],
      [-8, 65],
      [18, 44],
      [-22, 21],
      [-40, -15],
      [-50, -44],
      [-35, 39],
      [-32, -28],
      [-45, 14],
      [-26, 40],
      [-84, 173],
      [48, 62],
      [-21, 38],
      [1, 55],
      [-35, 45],
      [-45, 100],
      [10, 13],
      [9, 70],
      [-23, -8],
      [-50, 15],
      [-47, 51],
      [25, 89],
      [-78, -21],
      [-27, 13],
      [-71, -8],
      [-10, -15],
      [-79, -26],
      [-14, 73],
      [-33, -4],
      [-5, -36],
      [10, -29],
      [-32, -73],
      [19, -33],
      [-33, -26],
      [-64, 23],
      [-39, 2],
      [-41, 39],
      [-32, 8],
      [-33, 24],
      [-51, 8],
      [-13, 22],
      [-50, -4],
      [-15, 41],
      [-28, 39],
      [-18, 60],
      [-55, 102],
      [-18, 19],
      [-34, 3],
      [-20, -11],
      [10, 36],
      [-17, 81],
      [-25, 44],
      [-40, 154],
      [-7, 49],
      [43, 74],
      [20, 62],
      [-23, 93],
      [-33, 40],
      [-58, 49],
      [-33, 0],
      [-34, 44],
      [-18, 2],
      [-38, -20],
      [-30, 11],
      [-35, -11],
      [-16, 24],
      [7, 34],
      [-40, 50]
    ],
    [
      [36274, 42090],
      [-48, -27],
      [-55, 8],
      [-15, 20],
      [-31, 11],
      [-41, -4],
      [-30, 25],
      [-17, 34],
      [-13, 104],
      [3, 66],
      [-25, 111],
      [-5, 54],
      [-30, 101],
      [8, 88],
      [-8, 18],
      [-86, 70]
    ],
    [
      [35881, 42769],
      [-22, 26],
      [-34, -55],
      [-71, 14],
      [-24, 14],
      [-13, 31],
      [-25, -46],
      [0, -25],
      [-66, -18],
      [-15, -65],
      [-26, -27],
      [-70, -30],
      [-48, -11],
      [-46, -61],
      [-18, 86],
      [1, 83],
      [-26, -10],
      [-16, 19],
      [-92, -211],
      [-35, 110],
      [-15, 32],
      [-106, 131],
      [-20, -6],
      [-18, 35],
      [4, 57],
      [-6, 81],
      [-5, -15],
      [-91, 18],
      [-36, 15]
    ],
    [
      [34924, 42788],
      [-35, -34],
      [-43, 22],
      [-26, -16],
      [-32, -38],
      [-46, -70],
      [-27, -16],
      [-89, -30],
      [-128, 27],
      [-45, 152],
      [-43, 124],
      [-215, -206],
      [-15, 26],
      [14, 18],
      [-4, 94],
      [-52, 17],
      [0, 96],
      [12, 137],
      [33, 42],
      [-19, 44],
      [-26, 9],
      [-44, 43],
      [-49, 31],
      [-106, 9],
      [-36, 19],
      [-37, -27],
      [-16, -50],
      [22, -145],
      [-9, -47],
      [-42, 5],
      [-22, -72],
      [3, -42],
      [-70, -3],
      [18, -82],
      [17, -1],
      [4, -45],
      [-40, 4],
      [-13, 26],
      [-92, 58],
      [-122, 139],
      [-28, 7],
      [-1, 31],
      [-44, -10],
      [-52, 46],
      [-27, 13],
      [-10, 23],
      [10, 72],
      [-16, 47],
      [-11, -41],
      [-53, -3],
      [-6, 86],
      [-12, 51],
      [-43, 11],
      [-22, 29],
      [-9, 32],
      [-38, 88],
      [-27, 47],
      [-35, 17],
      [-62, -33],
      [56, -97],
      [-3, -87],
      [-44, -113],
      [28, -3],
      [4, -36],
      [67, -78],
      [41, -84],
      [27, -19],
      [4, -59],
      [17, -70],
      [39, -14],
      [6, -88],
      [12, -60],
      [37, -108],
      [25, -56],
      [44, -58],
      [58, -52],
      [77, -61],
      [88, 38],
      [3, 21],
      [24, 25],
      [32, -44],
      [11, -66],
      [-32, -34],
      [20, -108],
      [28, -57],
      [37, -15],
      [20, -31],
      [45, -933],
      [-57, -40],
      [-79, -9],
      [-50, -36],
      [99, -225],
      [164, -350],
      [22, -57],
      [43, -36],
      [34, -126],
      [65, -178],
      [44, -101]
    ],
    [
      [33933, 44020],
      [-23, 0],
      [-41, 33],
      [-81, 8],
      [-45, -7],
      [-49, -24],
      [-21, 16],
      [-25, -96],
      [-75, 50],
      [-8, -57],
      [-25, -30],
      [-38, -17],
      [-33, 46],
      [-3, 37],
      [36, 41],
      [-2, 24],
      [-85, -31],
      [-25, 14],
      [-29, 100],
      [-32, 38],
      [-35, -35],
      [-3, -47],
      [-64, 8],
      [-14, -17],
      [-33, 26],
      [-6, -9],
      [-74, 31],
      [-43, 4],
      [-80, 34],
      [-10, -28],
      [-52, 10],
      [3, -42],
      [-62, 20],
      [-49, -11],
      [-32, -28],
      [-59, -93],
      [0, -59],
      [-32, 28],
      [2, 57],
      [-47, 119],
      [-13, 8],
      [26, 40],
      [18, 7],
      [13, -26],
      [87, 31],
      [-19, 42],
      [3, 41],
      [-62, 1],
      [-14, 59],
      [-23, -5],
      [17, -55],
      [-62, 17],
      [-12, 21],
      [70, 87],
      [-1, 39],
      [40, -44],
      [14, 23],
      [-14, 70],
      [-64, 4],
      [-28, 40],
      [-9, -9],
      [-9, 41],
      [-96, 93],
      [6, 75],
      [-22, 103],
      [8, 58],
      [19, 39],
      [4, 37],
      [43, 100],
      [6, 36],
      [-15, 84],
      [-18, 24],
      [27, 62],
      [-26, 21],
      [-16, 37],
      [-17, 1],
      [-29, 34],
      [-18, -56],
      [7, -52],
      [-32, 0],
      [-43, -46],
      [-25, 37],
      [-30, 78],
      [-32, 23],
      [2, 28],
      [-48, 27],
      [-49, -1],
      [-48, -36],
      [-18, 3],
      [-50, -17],
      [-14, 4]
    ],
    [
      [32073, 45361],
      [-20, 11],
      [-32, -52],
      [-63, -7],
      [-75, -31],
      [-17, -17],
      [-50, -15],
      [-26, -25],
      [-43, -10],
      [1, 37],
      [-26, 25],
      [-45, 62],
      [-39, 45],
      [-47, 91],
      [-30, 36],
      [-25, 81],
      [-27, 47],
      [-30, 31],
      [-44, 10],
      [-39, 30],
      [-30, -3],
      [-35, -24],
      [-52, 91],
      [-5, 47],
      [-16, 63],
      [-4, 46],
      [13, 11],
      [-5, 65],
      [-22, 15],
      [-41, 85],
      [-33, 15],
      [-6, -63],
      [-46, 0],
      [-13, 46],
      [-32, -24],
      [-42, 2],
      [-40, -40],
      [-61, -6],
      [-39, 46],
      [-25, -44],
      [-13, 6],
      [-18, -51],
      [-58, -34],
      [-69, -50],
      [-22, -3],
      [-37, -28],
      [-35, -71],
      [-41, -26],
      [-52, -12],
      [-6, -11],
      [44, -22],
      [33, -97],
      [52, -110],
      [65, -56],
      [84, -35],
      [17, 7],
      [63, -81],
      [14, 9],
      [28, -33],
      [17, 2],
      [49, -36],
      [17, 11],
      [-47, -166],
      [-46, -8],
      [-44, -19],
      [4, -20],
      [-55, 14],
      [-49, -11],
      [-26, 16],
      [-73, -13],
      [-66, -4],
      [-49, -23],
      [-26, 0],
      [-1, 17],
      [-38, -11],
      [-35, 20],
      [-12, 31],
      [-2, 56],
      [-51, 48],
      [-26, -6],
      [-4, 58],
      [23, 3],
      [0, 34],
      [-17, 37],
      [-51, 61],
      [-46, -68],
      [-7, 52],
      [-42, 18],
      [3, 38],
      [-26, 7],
      [-12, 79],
      [75, 66],
      [34, 41],
      [-19, 44],
      [-110, -42],
      [-34, 9],
      [-57, -24],
      [-22, 4],
      [-32, -27],
      [-32, -11],
      [-33, 12],
      [-27, -14],
      [-45, -4],
      [-38, 7],
      [-51, -68],
      [-47, -12],
      [-19, 76],
      [-2, 61],
      [-21, 60],
      [10, 43],
      [-16, 59],
      [-4, 49],
      [24, 64],
      [-9, 64],
      [-40, 92],
      [-42, 49],
      [-12, 69],
      [-46, 70],
      [-12, 47],
      [-26, 49]
    ],
    [
      [34942, 42941],
      [-146, 66],
      [-35, 35],
      [-11, -8],
      [-19, 67],
      [-5, 47],
      [-15, 48],
      [53, 54],
      [-64, 57],
      [-123, 60],
      [-79, 53],
      [28, 51],
      [-9, 101],
      [-64, -17],
      [-2, 36],
      [7, 87],
      [-9, 76],
      [16, 56],
      [47, 62]
    ],
    [
      [34512, 43872],
      [21, 23],
      [-14, 9],
      [-41, -30],
      [-48, -60],
      [-44, -25],
      [-58, -19],
      [7, 19],
      [-21, 31],
      [-31, 15],
      [-34, 32],
      [-87, -3],
      [-19, -9],
      [-46, 22],
      [-59, 42],
      [-11, -7],
      [-53, 53],
      [-29, 4],
      [-48, -27],
      [36, 78]
    ],
    [
      [35024, 43821],
      [-5, -22],
      [-40, -18],
      [17, -41],
      [-36, -54],
      [-10, 1],
      [-21, 51],
      [-53, -99],
      [-7, 6],
      [-75, -49],
      [-70, 31],
      [-5, 34],
      [11, 39],
      [-21, 54],
      [14, 7],
      [-18, 38],
      [-13, 55],
      [-21, 2],
      [-36, 27],
      [-54, -39],
      [-51, 2],
      [-18, 26]
    ],
    [
      [35881, 42769],
      [5, 68],
      [37, 111],
      [5, 84]
    ],
    [
      [35928, 43032],
      [-39, -23],
      [-35, 7],
      [-25, -24],
      [-13, 67],
      [-21, 22],
      [-80, -48],
      [22, 64],
      [0, 23],
      [31, 60],
      [72, 114],
      [11, 37],
      [6, 83],
      [-18, 103],
      [-20, 66],
      [-29, 59],
      [-51, 85],
      [-55, 43],
      [-28, 6],
      [-66, -5],
      [-32, 9],
      [0, 34]
    ],
    [
      [35558, 43814],
      [-13, 25],
      [0, 37],
      [-412, -8],
      [-8, -54],
      [-58, -2],
      [-43, 9]
    ],
    [
      [34784, 45744],
      [-17, -50],
      [-33, -67],
      [33, -73],
      [53, -64],
      [63, -98],
      [-20, 6],
      [-7, -36],
      [16, -77],
      [-51, -151],
      [-79, -365],
      [-6, -2],
      [-77, 166],
      [-29, -104],
      [-49, -246],
      [-80, 193],
      [-9, -7],
      [-30, 67],
      [-81, 152],
      [-50, -50],
      [-36, 1],
      [-12, -77],
      [10, -34],
      [-30, -156],
      [-15, -31],
      [30, -32],
      [-66, -130],
      [-83, -97],
      [-12, -29],
      [-15, -124],
      [-25, -54],
      [-94, -52],
      [-25, -31],
      [-25, -72]
    ],
    [
      [35024, 43821],
      [-56, 54],
      [-6, 87],
      [43, 59],
      [14, 57],
      [-50, 108],
      [-20, 20],
      [-24, 68],
      [-4, 118],
      [51, 360],
      [6, 91],
      [30, 210]
    ],
    [
      [35008, 45053],
      [5, 16],
      [87, 602],
      [-4, 2],
      [15, 103],
      [-10, -16],
      [-64, 14],
      [0, -8],
      [-78, 8],
      [5, 45],
      [-51, -3],
      [-69, -16],
      [-48, -63],
      [-12, 7]
    ],
    [
      [34514, 46063],
      [-26, -30],
      [-14, -56],
      [-24, -46],
      [-52, -62],
      [-36, -30],
      [-41, 85],
      [-82, -89],
      [118, -259],
      [-165, -125],
      [-84, -34],
      [-82, -41],
      [-53, -38],
      [40, -136],
      [57, -154],
      [76, -157],
      [-50, -22],
      [-84, 9],
      [1, 21],
      [-34, 30],
      [-12, 34],
      [-27, -40],
      [-62, -169],
      [-136, 106],
      [-27, 16],
      [-103, -30],
      [-37, -17],
      [-54, 0],
      [-22, 33],
      [16, 15],
      [18, 75],
      [-3, 25],
      [22, 58],
      [-8, 93],
      [-6, 17],
      [58, 17],
      [-20, 50],
      [32, 43],
      [4, -11],
      [34, 23],
      [11, 58],
      [-6, 71],
      [11, 13],
      [-12, 28],
      [-41, 45],
      [-61, 20],
      [-28, -9],
      [-28, 84],
      [-125, 162],
      [-40, -1],
      [-55, 44],
      [-86, -3],
      [-42, 24],
      [-1, 32],
      [-68, 77],
      [-18, -18],
      [-31, 31],
      [-74, -30],
      [-66, 37],
      [-59, -44],
      [-70, 12],
      [-116, -27],
      [-29, -27],
      [-18, -1],
      [-33, -108],
      [-14, 7],
      [-43, -17],
      [-34, -28],
      [-53, 23],
      [-2, 31],
      [17, 42],
      [2, 43],
      [-18, 38],
      [-5, 74],
      [8, 25],
      [38, 40],
      [11, 52]
    ],
    [
      [32468, 46067],
      [-43, 13],
      [-38, -9],
      [-28, 22],
      [-11, 38],
      [-19, -42],
      [-24, -22],
      [-7, -31],
      [-34, -2],
      [4, -70],
      [-33, -44],
      [-2, -16],
      [-40, -10],
      [-29, -31],
      [-13, -137],
      [22, -66],
      [-73, -93],
      [-13, -82],
      [-14, -124]
    ],
    [
      [34784, 45744],
      [-117, 98],
      [-81, 88],
      [-41, 86],
      [-31, 47]
    ],
    [
      [34514, 46063],
      [-34, 111],
      [-32, 143],
      [-51, 143],
      [-22, 71],
      [43, -30],
      [35, 113],
      [-44, 12],
      [-3, 38],
      [25, 89],
      [-29, 36],
      [-61, 21],
      [-71, 12],
      [-42, 24],
      [-35, 75],
      [75, 29],
      [12, 105],
      [17, -4],
      [17, 51],
      [-63, 136],
      [2, 15],
      [43, 7],
      [62, -43],
      [27, -12],
      [55, 16],
      [75, 116],
      [9, 6],
      [-138, 400]
    ],
    [
      [34386, 47743],
      [-55, -25],
      [-105, 12],
      [-67, 14],
      [-165, -2],
      [-65, 14],
      [-101, 52],
      [-24, 8],
      [-117, 1],
      [-36, 11],
      [-30, -4],
      [-35, -21],
      [-58, -18],
      [-48, 1],
      [-47, 18],
      [-56, 41],
      [-63, 75],
      [-31, 19],
      [-15, -51],
      [-32, -51],
      [16, -75],
      [-59, -101],
      [9, -11],
      [-44, -50],
      [75, -236],
      [26, -65],
      [31, -51],
      [73, -71],
      [34, -54],
      [29, -74],
      [-20, -28],
      [-53, -97],
      [-14, 22],
      [-44, -80],
      [-25, -69],
      [-26, 12],
      [-45, -22],
      [-49, -54],
      [-17, -6],
      [-32, 30],
      [-20, -72],
      [-41, -56],
      [-36, -7],
      [-19, -32],
      [68, -40],
      [45, -88],
      [20, -50],
      [8, -78],
      [-24, -34],
      [-31, -13],
      [-42, 21],
      [-19, -17],
      [-44, -16],
      [-27, -33],
      [-10, -46],
      [15, -31],
      [-54, -7],
      [-31, 52],
      [-29, 24],
      [-74, 39],
      [-25, -43],
      [-13, -74],
      [-15, -27],
      [-21, 22],
      [-86, -24],
      [-37, -34],
      [-84, -7],
      [-7, -19]
    ],
    [
      [34386, 47743],
      [138, 38],
      [40, 6],
      [60, -2],
      [62, -24],
      [105, -67],
      [92, -78],
      [115, -104],
      [197, -171],
      [59, -84],
      [24, 14],
      [59, -3],
      [52, 23],
      [6, 17],
      [52, 36],
      [14, 25],
      [-2, 31],
      [-19, 21],
      [-43, 2],
      [-17, 28],
      [24, 78],
      [54, 115],
      [10, 49],
      [-42, 49],
      [-26, 3],
      [-29, 35],
      [42, 42],
      [35, 0],
      [51, 53],
      [30, 45],
      [23, 68],
      [7, 75],
      [-5, 79],
      [15, 64],
      [11, 73],
      [-9, 32],
      [4, 49],
      [29, 74]
    ],
    [
      [35604, 48434],
      [18, 41],
      [-45, 46],
      [-17, 62],
      [-7, 114],
      [-17, 89],
      [-15, 20],
      [13, 93],
      [8, 13],
      [2, 76],
      [-61, 114],
      [-64, 35],
      [-28, 52],
      [-25, 16],
      [-25, 71],
      [-24, 41],
      [26, 49],
      [41, 113],
      [-15, 36],
      [-18, 83],
      [-13, 82],
      [51, 29],
      [63, -10],
      [16, 34],
      [46, 29],
      [46, 2],
      [42, 43],
      [-9, 18],
      [4, 87],
      [-15, 41],
      [-22, 114],
      [39, 70],
      [-14, 29],
      [47, 68],
      [-9, 25],
      [15, 70],
      [24, 37],
      [22, 95],
      [1, 51],
      [33, -11],
      [8, 34],
      [32, -21],
      [3, 19],
      [37, -43],
      [32, 51],
      [25, 22],
      [23, -15],
      [18, 35],
      [-2, 25],
      [57, 49],
      [20, 37],
      [63, 12],
      [81, 55],
      [53, 17],
      [31, 33],
      [-18, 63],
      [9, 41],
      [-5, 39],
      [-48, 46],
      [8, 21],
      [-61, 55],
      [-16, 45],
      [-26, 21],
      [-6, 64],
      [-12, 3],
      [54, 85],
      [33, 40],
      [-33, 97],
      [15, 45],
      [-9, 41],
      [5, 36],
      [-9, 49]
    ],
    [
      [40769, 10993],
      [45, -41],
      [5, -40],
      [-15, -46],
      [1, -46],
      [14, -29],
      [52, -34],
      [22, -30],
      [24, -145],
      [13, -147],
      [-14, -86],
      [28, -93],
      [48, -5],
      [21, -18],
      [8, -40],
      [39, -101],
      [-28, -104],
      [27, -61],
      [10, -117],
      [43, -51],
      [8, -36],
      [-47, -39],
      [-20, -111],
      [5, -44],
      [-8, -61],
      [-17, -65],
      [-29, -54],
      [-28, -4],
      [9, -39],
      [-13, -38],
      [-39, -24],
      [-53, 10],
      [-30, -7],
      [-30, -28],
      [-43, -103],
      [-15, -60],
      [-1, -43],
      [59, -86],
      [3, -91],
      [10, -70],
      [-13, -60],
      [-26, -56],
      [-45, -27],
      [-34, -50],
      [3, -50],
      [40, -81],
      [1, -55],
      [-29, -35],
      [-14, -82],
      [3, -36],
      [37, -88],
      [1, -14],
      [-42, -84],
      [1, -49],
      [-14, -57],
      [-48, -90],
      [-3, -55],
      [37, -121],
      [-7, -81],
      [9, -69],
      [11, 11],
      [41, -66],
      [-14, -34],
      [34, -22],
      [21, -72],
      [38, -105],
      [77, 83],
      [49, -33],
      [26, -75],
      [26, 4],
      [91, -41],
      [25, -33],
      [19, 5],
      [33, 40],
      [23, 54],
      [11, 45],
      [10, 161],
      [-20, 116],
      [-24, 64],
      [-1, 24],
      [20, 63],
      [31, 62],
      [18, -1],
      [27, 26],
      [35, 14],
      [51, -15],
      [49, -80],
      [64, -48],
      [32, 20],
      [9, 47],
      [17, 37],
      [22, 17],
      [31, -70],
      [30, -32],
      [33, 38],
      [56, 2],
      [72, 21],
      [58, -51],
      [14, -24],
      [45, -34],
      [18, -25],
      [15, -89],
      [30, -35],
      [48, -19],
      [82, -94],
      [33, -15],
      [37, 48],
      [64, 37],
      [46, -120],
      [30, -140],
      [20, -121],
      [20, -34],
      [68, -31],
      [50, -90],
      [63, -83],
      [63, -111],
      [33, -38],
      [37, 14],
      [55, -78],
      [19, -43],
      [44, -62],
      [80, -77],
      [26, -36],
      [17, -49],
      [29, -140],
      [41, -80],
      [43, -37],
      [12, 4],
      [24, 57],
      [27, 31],
      [71, 38],
      [84, 28],
      [26, 1],
      [21, -19],
      [-1, -65],
      [-18, -41],
      [-44, -64],
      [-16, -80],
      [8, -66],
      [31, -76],
      [19, -25],
      [51, 0],
      [81, 113],
      [76, -30],
      [21, 6],
      [65, -8],
      [97, 6],
      [29, -17],
      [62, -5],
      [82, -19],
      [45, -119],
      [31, -61],
      [2, -54],
      [-19, -31],
      [-38, -30],
      [-28, -37],
      [3, -34],
      [29, -43],
      [54, -37],
      [56, -10],
      [35, 40],
      [20, 71],
      [69, 110],
      [22, 3],
      [25, -38],
      [14, -69],
      [56, -96],
      [19, -22],
      [21, -50],
      [6, -103],
      [21, -41],
      [48, -15],
      [20, -23],
      [19, -49],
      [-32, -117],
      [-45, -29],
      [-46, -52],
      [-22, -49],
      [2, -42],
      [26, -79],
      [-1, -31],
      [27, -76],
      [29, -5],
      [76, -75],
      [16, -25],
      [23, -90],
      [8, -52],
      [-4, -37],
      [7, -94],
      [13, -94],
      [2, -57],
      [-23, -60],
      [-15, -86],
      [5, -18],
      [52, -65],
      [27, -13],
      [28, -47],
      [-4, -31],
      [12, -36],
      [68, -101],
      [24, -29],
      [44, -73],
      [76, -77],
      [14, -34],
      [5, -143],
      [-6, -62],
      [-15, -75],
      [6, -21],
      [2, -82],
      [9, -123],
      [16, -135],
      [-4, -59],
      [9, -69],
      [36, -71],
      [25, -14],
      [19, 9],
      [40, 53],
      [36, 18],
      [107, 32],
      [63, 5],
      [120, -9],
      [41, -20],
      [33, 0],
      [55, 36],
      [104, 40],
      [72, 10],
      [120, 29],
      [46, 27],
      [60, 13],
      [144, 73],
      [26, 7],
      [94, 51],
      [34, 33],
      [40, 63],
      [35, 34],
      [35, 14],
      [151, -54],
      [28, -6],
      [70, 12],
      [71, 66],
      [0, 18],
      [46, 116],
      [32, 109],
      [18, 83],
      [20, 34],
      [83, -2],
      [81, 7],
      [49, 43],
      [42, 50],
      [58, 39],
      [61, 60],
      [44, 35],
      [100, 40],
      [53, 12],
      [77, -12],
      [124, -45],
      [48, -14],
      [22, 5],
      [79, 44],
      [66, 47],
      [65, 80],
      [30, 52],
      [57, 198],
      [7, 41],
      [-9, 142],
      [-11, 93],
      [-27, 56],
      [-2, 103],
      [29, 99],
      [30, 49],
      [49, 126],
      [36, 64],
      [20, 55],
      [17, 78],
      [-33, 89],
      [-2, 38],
      [-49, 36],
      [-40, 96],
      [-7, 37],
      [6, 36],
      [-11, 97],
      [5, 37],
      [19, 36],
      [98, 84],
      [25, 36],
      [4, 76],
      [-21, 63],
      [-34, 136],
      [-13, 34],
      [-31, 122],
      [-9, 63],
      [5, 164],
      [14, 100],
      [1, 51],
      [-9, 122],
      [4, 93],
      [17, 61],
      [29, 65],
      [41, 13],
      [59, 56],
      [32, 68],
      [13, 49],
      [2, 144],
      [6, 58],
      [14, 60],
      [18, 36],
      [22, 16],
      [85, 7],
      [97, 25],
      [80, 61],
      [38, -3],
      [18, -14],
      [66, -82],
      [71, -105],
      [50, -30],
      [37, -45],
      [72, -64],
      [62, -65],
      [31, -48],
      [46, -92],
      [11, -33],
      [40, -44],
      [50, -46],
      [86, -89],
      [27, -33],
      [77, -146],
      [33, -48],
      [108, -168],
      [35, -34],
      [57, -69],
      [44, -25],
      [67, -13],
      [23, -19],
      [37, -68],
      [37, -133],
      [25, -65],
      [66, -127],
      [55, -84],
      [52, -104],
      [91, -151],
      [52, -58],
      [61, -33],
      [148, -122],
      [52, -25],
      [105, 24],
      [145, -1],
      [27, -6],
      [51, 4],
      [89, 51],
      [67, 22],
      [62, 6],
      [83, 16],
      [50, 2],
      [44, -20],
      [35, -30],
      [17, -35],
      [16, -131],
      [21, -59],
      [40, -56],
      [100, -53],
      [77, -73],
      [27, -58],
      [18, -134],
      [23, -104],
      [21, -31],
      [55, -42],
      [40, 0],
      [107, 43],
      [58, 0],
      [128, 25],
      [63, 41],
      [98, 54],
      [55, 53],
      [37, 72],
      [28, 71],
      [40, 145],
      [5, 36],
      [119, 38],
      [39, 18],
      [32, -10],
      [46, -37],
      [30, -74],
      [9, -52]
    ],
    [
      [52206, 4835],
      [28, 21],
      [132, 164],
      [10, 18],
      [-45, 135],
      [-6, 35],
      [2, 88],
      [15, 45],
      [-4, 47],
      [30, 25],
      [26, 114],
      [59, 13],
      [30, 50],
      [47, 17],
      [54, 6],
      [52, 68],
      [-3, 20],
      [52, 34],
      [14, 22],
      [-14, 28],
      [42, 67],
      [4, 17],
      [70, 103],
      [16, 66],
      [29, 35],
      [29, -101],
      [192, 248],
      [30, 27],
      [139, 100],
      [39, 41],
      [65, 25],
      [56, -25],
      [58, -62],
      [44, 9],
      [15, -26],
      [13, 11],
      [55, -15],
      [64, 13],
      [11, -15],
      [49, 23],
      [22, 34],
      [21, 6],
      [-1, 31],
      [20, 60],
      [76, 81],
      [25, 71],
      [0, 50],
      [21, 82],
      [-5, 29],
      [24, 74],
      [-4, 40],
      [48, -17],
      [-36, 118],
      [-3, 46],
      [-23, 14],
      [-72, 19],
      [-244, 444],
      [-204, -96],
      [1, -18],
      [-45, 38],
      [-22, -37],
      [-14, -42],
      [-58, 29],
      [0, -19],
      [-49, -4],
      [-115, -192],
      [-27, -70],
      [-94, -93],
      [-114, -103],
      [-55, -47],
      [-103, -95],
      [-173, -101],
      [-29, 31],
      [-17, -37],
      [-27, -14],
      [-42, 33],
      [-25, 49],
      [-25, 15],
      [-40, -23],
      [-55, 5],
      [-35, 38],
      [5, 30],
      [-30, 89],
      [-20, 47],
      [-86, 105],
      [71, 129],
      [9, 338],
      [-34, 100],
      [-17, 16],
      [-4, 48],
      [33, 20],
      [-11, 57],
      [16, 33],
      [37, 14],
      [12, 25],
      [-16, 50],
      [37, 81],
      [-9, 50],
      [2, 46],
      [19, 17],
      [31, 7],
      [17, 46],
      [-4, 45],
      [38, 51],
      [3, 51],
      [-29, -22],
      [-6, -28],
      [-29, 27],
      [4, 46],
      [-16, 40],
      [-12, -15],
      [-7, 32],
      [14, 33],
      [-6, 28],
      [51, 54],
      [15, 30],
      [12, -14],
      [37, 72],
      [12, -2],
      [34, -47],
      [0, -104],
      [21, 24],
      [20, -19],
      [49, -22],
      [30, 15],
      [8, 54],
      [16, 35],
      [3, 55],
      [27, 62],
      [4, 45],
      [32, 16],
      [-5, -49],
      [34, 5],
      [10, 64],
      [29, 31],
      [50, 3],
      [29, -17],
      [63, 37],
      [23, 99],
      [-7, 44],
      [11, 21],
      [-9, 86],
      [20, 96],
      [28, -4],
      [12, -22],
      [18, 3],
      [75, -29],
      [-16, -80],
      [1, -44],
      [25, -35],
      [8, -57],
      [20, -58],
      [23, -5],
      [-24, -27],
      [-5, -52],
      [26, 44],
      [104, -22],
      [82, -9],
      [8, 48],
      [25, 87],
      [16, 150],
      [39, -3],
      [2, 114],
      [13, 89],
      [17, 20],
      [22, 83],
      [-3, 104],
      [-59, 64],
      [-10, -8],
      [-32, 54],
      [-59, 47],
      [-21, 39],
      [-118, 55],
      [-13, -16],
      [-39, 40],
      [-25, 5],
      [-17, 38],
      [-66, 25],
      [-7, -13],
      [-35, -4],
      [-60, -45],
      [-74, -35],
      [-80, 120],
      [-16, 31],
      [-54, -5],
      [10, 33],
      [-14, 66],
      [18, 94],
      [24, 59],
      [-21, 6],
      [6, 25],
      [-25, 52],
      [4, 96],
      [15, 39],
      [-13, 23],
      [26, 39],
      [-34, 19],
      [8, 48],
      [46, 64],
      [-16, 40],
      [-6, 74],
      [-38, 39],
      [2, 95],
      [21, 63],
      [12, 1],
      [23, 100],
      [19, 14],
      [8, 51],
      [31, 54],
      [-14, 17],
      [48, 24],
      [26, 71],
      [31, 44],
      [-43, 45],
      [-43, 135],
      [-24, 35],
      [-23, 91],
      [-23, 23],
      [-32, 82],
      [-31, 31],
      [-30, 14],
      [-79, 116],
      [13, 33],
      [34, 17],
      [42, 85],
      [1, 73],
      [34, 41],
      [29, 1],
      [12, 27],
      [-8, 60],
      [2, 94],
      [-19, 24],
      [24, 23],
      [3, 61],
      [-3, 150],
      [-24, -12],
      [-110, 51],
      [-87, 59],
      [-60, 86],
      [73, 207],
      [-294, 141],
      [-154, 136],
      [-86, 79],
      [-42, 126],
      [-12, 78],
      [-136, 160],
      [1, 20],
      [30, 106],
      [17, 25],
      [-9, 50],
      [-24, 72],
      [-241, 726],
      [-151, 204],
      [-26, 62],
      [-14, 1]
    ],
    [
      [51253, 14740],
      [-96, 146],
      [-104, 129],
      [-75, 100],
      [-15, 101],
      [-76, 440],
      [-109, 620],
      [3, 65],
      [1, 195],
      [3, 193],
      [11, 417],
      [17, 530],
      [-106, 6],
      [-113, 115],
      [-74, 24],
      [-66, 164],
      [-139, 120],
      [-41, 6],
      [9, 31],
      [-84, 92],
      [-49, 48],
      [-70, 77],
      [-28, 47],
      [-220, 413],
      [-9, 255],
      [-78, -13],
      [-38, 3],
      [-27, 118],
      [26, 63],
      [-45, 49],
      [-32, 50],
      [-35, 37],
      [-87, 42],
      [-16, 17],
      [-129, 74],
      [-42, 3],
      [-19, 18],
      [-25, -14],
      [-10, 33],
      [-31, 37],
      [2, 41],
      [-22, 46],
      [14, 19],
      [11, -23],
      [67, 2],
      [47, 37],
      [-5, 149],
      [-12, 181],
      [-2, 72],
      [-11, 156],
      [-2, 71],
      [-23, 400],
      [-4, 36],
      [67, -71],
      [24, 2],
      [9, 82],
      [-7, 38],
      [11, 51],
      [-20, 159],
      [-6, 0],
      [-12, 88],
      [6, 8],
      [-25, 188],
      [75, 305],
      [22, 45],
      [14, -66],
      [28, -27],
      [12, 42],
      [10, -42],
      [56, 29],
      [17, 0],
      [10, -28],
      [23, 17],
      [42, -16],
      [6, -38],
      [23, 14],
      [-8, 63],
      [25, 25],
      [11, 57],
      [29, 3],
      [-18, 37],
      [23, 31],
      [-9, 22],
      [6, 36],
      [-51, 20],
      [-13, 41],
      [-42, 4],
      [-12, 56],
      [-23, -15],
      [23, 34],
      [11, 43],
      [1, 47],
      [37, 114],
      [28, 15],
      [-3, 32],
      [15, 54],
      [26, -4],
      [41, -43],
      [3, 41],
      [29, 35],
      [65, 156],
      [24, 51],
      [6, 40],
      [-7, 75],
      [6, 41],
      [-86, 25],
      [-29, 21],
      [-33, 3],
      [-41, 34],
      [37, 157],
      [31, 111],
      [44, 90],
      [-13, 9],
      [15, 67],
      [-11, 13],
      [1, 39],
      [-27, 27],
      [-10, 30],
      [-12, 91],
      [-26, 36],
      [16, 36],
      [-5, 28],
      [14, 52],
      [38, 82],
      [-15, 47],
      [14, 38],
      [-25, 24],
      [-272, 82],
      [-93, 25],
      [-24, -8],
      [-188, -33],
      [-67, 10],
      [-184, 65],
      [-62, 43],
      [-47, 23],
      [-31, -6],
      [-88, 67],
      [-347, 324],
      [-18, 22],
      [-23, 3],
      [-29, 32],
      [-44, 4],
      [-84, -4],
      [-35, -15],
      [-20, 36],
      [-19, -30],
      [14, -105],
      [1, -90],
      [-49, -30],
      [-5, -43],
      [-19, -14],
      [1, -45],
      [-43, -38],
      [-28, 21],
      [-44, -4],
      [-17, 30],
      [-31, 24],
      [-38, -24],
      [-71, 23],
      [-19, -41],
      [-14, 10],
      [-39, -85],
      [13, -31],
      [-13, -15],
      [7, -75],
      [-16, -3],
      [-23, -52],
      [2, -45],
      [-19, -32],
      [-16, -56],
      [-38, -22],
      [-52, 26],
      [-36, -57],
      [-74, -153],
      [5, -29],
      [-18, -46],
      [39, -56],
      [38, -26],
      [13, -53],
      [7, -81],
      [28, -94],
      [-12, -128],
      [15, -89],
      [-11, -53],
      [-40, -32],
      [-25, 23],
      [-30, -10],
      [-39, -64],
      [-16, -11],
      [-29, -65],
      [-11, -54],
      [-36, -58],
      [-3, -43],
      [-49, -45],
      [-24, -52],
      [-20, -102],
      [-30, -43],
      [8, -13],
      [-27, -32],
      [-20, -52],
      [-18, -8],
      [-30, 30],
      [-33, -33],
      [-33, 14],
      [-75, 66],
      [-38, 17],
      [-10, 55],
      [19, 34],
      [-6, 16],
      [-60, 63],
      [-40, -5],
      [-97, -40],
      [-4, -48],
      [-73, -75],
      [-30, -20],
      [-69, 13],
      [-26, 25],
      [-6, -13],
      [-53, 54],
      [-20, 48],
      [-9, 82],
      [4, 210],
      [16, 54],
      [16, 20],
      [14, 59],
      [-56, 64],
      [-59, 153],
      [-73, 101],
      [-55, -15],
      [-64, 68],
      [-44, 30],
      [-15, 33],
      [-41, 31],
      [-38, -47],
      [-81, -41],
      [-52, 0],
      [-71, -54],
      [-44, 58],
      [-65, 17],
      [-60, 34],
      [-24, -52],
      [-93, -125],
      [-17, 0],
      [-84, 40],
      [-83, 128],
      [25, 128],
      [18, 49],
      [-18, 27],
      [25, 87],
      [24, -17],
      [8, 37],
      [-22, 47],
      [-101, 118],
      [-31, -55],
      [-5, -33],
      [-42, -120],
      [-21, -2],
      [-14, -48],
      [21, -29],
      [-21, -46],
      [-15, -99],
      [-16, 6],
      [-30, 39],
      [-33, -88],
      [36, -33],
      [-38, -79],
      [-39, 5],
      [-41, -45]
    ],
    [
      [45042, 23025],
      [59, -53],
      [59, -62],
      [42, -69],
      [21, -53],
      [10, -73],
      [-27, -130],
      [-25, -97],
      [4, -19],
      [24, 6],
      [64, -16],
      [43, -17],
      [63, -73],
      [72, -112],
      [-6, -6],
      [49, -93],
      [-7, -9],
      [41, -81],
      [-52, -22],
      [-76, -71],
      [24, -50],
      [-61, -72],
      [-51, -73],
      [-86, -196],
      [-55, -133],
      [-12, -52],
      [-52, -62],
      [-145, -352],
      [-70, 86],
      [-64, 98],
      [-42, -78],
      [-106, -220],
      [-17, -28],
      [-56, -121],
      [-56, -100],
      [-82, -173],
      [-25, -43],
      [163, -185],
      [-27, -7],
      [-9, -63],
      [-33, -71],
      [-10, 30],
      [-79, -127],
      [-92, -160],
      [-60, -96],
      [-258, -447],
      [-204, -340],
      [-114, -195],
      [-57, -91],
      [-35, 45],
      [-20, -1],
      [-24, -55],
      [-30, -35],
      [-187, -471],
      [85, -234],
      [16, -82],
      [25, -156],
      [38, -205],
      [14, -93],
      [1, -66],
      [14, -78],
      [22, -47],
      [2, -138],
      [15, -24],
      [17, -64],
      [31, -67],
      [67, -68],
      [82, -184],
      [14, -18],
      [-15, -72],
      [-48, -31],
      [3, -45],
      [-36, 9],
      [-14, -44],
      [19, -51],
      [-14, -85],
      [-33, 7],
      [-44, -230],
      [-58, 2],
      [-8, -144],
      [-37, -182],
      [-57, -71],
      [61, -283],
      [-6, -249],
      [36, -20],
      [-16, -39],
      [-3, -78],
      [-111, -74],
      [-5, 45],
      [-50, -141],
      [-31, 17],
      [-36, -30],
      [7, -45],
      [-316, 104],
      [-128, -14],
      [0, 25],
      [-69, 24],
      [-5, 32],
      [-48, 22],
      [-7, -15],
      [-140, -8],
      [-88, 138],
      [-194, 265],
      [-35, 87],
      [-20, 76],
      [-50, 122],
      [-11, 14],
      [-36, -37],
      [-64, 19],
      [-48, 51],
      [-15, -107],
      [-42, -48],
      [21, -136],
      [5, -82],
      [-19, -16],
      [5, -28],
      [-22, -51],
      [44, -218],
      [-89, -138],
      [-377, -52],
      [-261, -30],
      [-297, -43],
      [512, -845],
      [40, -212],
      [162, -873],
      [88, -465],
      [-791, -671],
      [6, -11],
      [-151, -113],
      [88, -113],
      [-21, -30],
      [-27, -85],
      [-61, -171],
      [-81, -135],
      [-4, -18]
    ],
    [
      [37082, 17299],
      [33, -9],
      [17, -45],
      [69, 26],
      [12, -41],
      [28, 8],
      [4, -34],
      [-14, -2],
      [10, -47],
      [14, 5],
      [7, -80],
      [17, -28],
      [10, -73],
      [22, -3],
      [10, 117],
      [11, 27],
      [31, -80],
      [-17, -13],
      [-12, -66],
      [5, -59],
      [31, -7],
      [18, -65],
      [-30, -22],
      [-22, 6],
      [8, -40],
      [38, 22],
      [66, -14],
      [28, -43],
      [21, -10],
      [11, 26],
      [23, 4],
      [49, 99],
      [23, -16],
      [20, 8],
      [8, -21],
      [104, 27],
      [8, 53],
      [38, 41],
      [1, -29],
      [60, 7],
      [78, 84],
      [-9, 38],
      [12, 15],
      [16, -45],
      [21, -13],
      [23, -105],
      [-1, -57],
      [10, 13],
      [24, -26],
      [18, 5],
      [-15, 37],
      [5, 25],
      [21, 11],
      [1, -44],
      [18, 2],
      [54, -43],
      [28, 12],
      [16, -57],
      [-14, -32],
      [15, -32],
      [39, -16],
      [8, 45],
      [-14, 41],
      [6, 25],
      [20, -46],
      [19, -4],
      [21, -65],
      [-48, -102],
      [-17, -3],
      [21, -65],
      [20, 0],
      [4, -26],
      [-27, -29],
      [10, -75],
      [13, -39],
      [27, 60],
      [16, -73],
      [35, -27],
      [-26, -49],
      [-24, -12],
      [-17, -165],
      [-82, -608],
      [-73, -122],
      [-36, -70],
      [-8, -193],
      [33, -82],
      [-10, -382],
      [-20, -61],
      [-25, 6],
      [-17, -33],
      [-8, -57],
      [-13, -32],
      [14, -62],
      [-29, -81],
      [-23, 30],
      [-70, -143],
      [1, -52],
      [24, -28],
      [17, 13],
      [40, -39],
      [31, -46],
      [13, -51],
      [28, -17],
      [80, -119],
      [41, -29],
      [5, -37],
      [42, -13],
      [16, 14],
      [15, -31],
      [38, -12],
      [0, -40],
      [33, -116],
      [68, -117],
      [60, -50],
      [42, 12],
      [53, -16],
      [20, 18],
      [25, -45],
      [35, 12],
      [30, -57],
      [-1, -18],
      [31, -18],
      [31, -88],
      [35, -27],
      [29, 38],
      [26, -48],
      [55, 43],
      [18, 32],
      [-6, -80],
      [11, -40],
      [4, -60],
      [-10, -38],
      [17, -46],
      [-2, -35],
      [37, -61],
      [9, -2],
      [24, -64],
      [-17, -60],
      [26, -105],
      [24, -15],
      [-12, -55],
      [59, -99],
      [32, -25],
      [102, 48],
      [-10, 32],
      [13, 16],
      [43, 5],
      [29, -24],
      [9, -26],
      [-11, -60],
      [16, -12],
      [46, 19],
      [5, -37],
      [-28, -44],
      [-9, -47],
      [27, -27],
      [35, -5],
      [30, 15],
      [21, -73],
      [27, -50],
      [10, -66],
      [20, -19],
      [35, -57],
      [38, -38],
      [12, -101],
      [51, -80],
      [24, -66],
      [7, -65],
      [30, -20],
      [58, 7],
      [40, -21],
      [58, 21],
      [38, -74],
      [19, 5],
      [49, -10],
      [59, -3],
      [48, -66],
      [25, -12],
      [63, 30],
      [19, 31],
      [31, -64],
      [22, -10],
      [39, 22],
      [42, 38],
      [33, -4],
      [21, -33],
      [117, -24],
      [38, -15],
      [45, -29],
      [30, -56],
      [3, -113],
      [28, -33],
      [43, 8],
      [17, -16],
      [10, -45],
      [-32, -63],
      [16, -66],
      [74, -59],
      [21, -10],
      [49, 10],
      [15, -55]
    ],
    [
      [45042, 23025],
      [-31, 55],
      [-56, 25],
      [-182, 92],
      [-207, 110],
      [-63, 37],
      [-3, 23],
      [-84, 359],
      [-49, 202],
      [-47, 202],
      [-10, 62],
      [-32, 134],
      [-13, 83],
      [-52, 22],
      [9, 25],
      [24, 5],
      [43, 67],
      [3, 29],
      [-28, 20],
      [2, 23],
      [-17, 56],
      [-25, 43],
      [-2, 61],
      [13, 19],
      [-26, 87],
      [18, 53],
      [-28, 46],
      [24, 13],
      [13, 52],
      [-7, 27],
      [37, 43],
      [-4, 42],
      [-31, -8],
      [-8, -29],
      [-26, 32],
      [11, 86],
      [13, 17],
      [50, 19],
      [-3, 13],
      [35, 25],
      [9, 27],
      [-13, 39],
      [21, 52],
      [-14, 0],
      [10, 45],
      [23, 18],
      [22, 45],
      [33, -38],
      [31, 33],
      [-54, 106],
      [-22, 76],
      [-18, 34],
      [-13, -5],
      [-11, 67],
      [37, 17],
      [26, 40],
      [2, 71]
    ],
    [
      [44372, 25924],
      [-92, 197],
      [6, 12],
      [-5, 66],
      [-20, 27],
      [-32, 23],
      [-34, -9],
      [-23, 48],
      [-39, 13],
      [-46, 0],
      [-22, 50],
      [-26, 6],
      [-18, -14],
      [-138, 73],
      [-71, 33],
      [-48, 9],
      [-109, 56],
      [-31, 22],
      [-12, 145],
      [17, 68],
      [8, 162],
      [9, 49],
      [43, 148],
      [52, 49],
      [-30, 135],
      [-2, 49],
      [-24, 44],
      [-29, -9],
      [-61, 15],
      [-25, 54],
      [-26, 36],
      [-19, 53],
      [3, 55],
      [-20, 37],
      [-52, 9],
      [-4, 63],
      [-19, 12],
      [-40, -21],
      [-22, -50],
      [-12, 51],
      [13, 58],
      [-25, 23],
      [-23, -29],
      [-15, 13],
      [-9, -21],
      [-24, 1],
      [-15, 22],
      [12, 45],
      [-23, 103],
      [11, 74],
      [-1, 122],
      [-12, 25],
      [-5, 60],
      [-41, 25],
      [-5, 28],
      [-56, 18],
      [0, 66],
      [-33, -24],
      [-14, 38],
      [-39, 59],
      [-8, 32],
      [-242, -276],
      [5, 241],
      [8, 591],
      [-70, 223],
      [17, 286],
      [-33, 24],
      [6, 39],
      [30, -11],
      [9, 183],
      [-23, 46],
      [15, 10],
      [54, 106],
      [51, 14],
      [40, -14],
      [21, 29],
      [30, 13],
      [9, 72],
      [53, 54],
      [-17, 76],
      [20, 45],
      [-3, 34],
      [52, -16],
      [2, 25],
      [-27, 99],
      [38, 56],
      [23, -27],
      [31, 23],
      [-8, 34],
      [51, -22],
      [47, 25],
      [40, 3],
      [5, -60],
      [13, -8],
      [34, 39],
      [21, 42],
      [-2, 28],
      [-49, 42],
      [-5, 47],
      [-18, 60],
      [-8, 49],
      [-22, 19],
      [6, 64],
      [17, 111],
      [1, 78],
      [-77, 193],
      [-38, 104],
      [-10, 44],
      [-40, 83],
      [-40, 70],
      [-24, 57],
      [-40, 117],
      [-93, 98],
      [-125, 40],
      [-68, 89],
      [1, 9]
    ],
    [
      [42715, 31828],
      [-31, -3],
      [-33, -28],
      [-41, -49],
      [-25, -14],
      [-23, -37],
      [-23, -14],
      [37, -64],
      [-32, 1],
      [17, -42],
      [-72, -12],
      [-14, -28],
      [-37, -11],
      [-14, -24],
      [-3, -38],
      [-30, -14],
      [-35, -35],
      [-69, 18],
      [-57, -1],
      [-18, -68],
      [-30, -79],
      [-30, -11],
      [-31, -40],
      [-11, -68],
      [-13, 3],
      [-75, -35],
      [-25, 7],
      [-21, -17],
      [-108, -47],
      [-15, -14],
      [-20, 14],
      [-3, 24],
      [-37, 88],
      [-89, 106],
      [-27, 16],
      [5, -69],
      [-15, 9],
      [-20, -29],
      [-50, -5],
      [-23, 34],
      [13, 35],
      [-178, 77],
      [-65, 38],
      [-16, 1],
      [0, 28],
      [52, 44],
      [20, 42],
      [-46, 33],
      [10, 21],
      [-90, 51],
      [14, 52],
      [-54, 4],
      [12, 36],
      [-77, 55],
      [-101, -34],
      [-47, 14],
      [-15, -203],
      [-58, 41],
      [3, 66],
      [-61, 33],
      [6, 28],
      [-50, 23],
      [-1, -75],
      [-62, 31],
      [18, 44],
      [-11, 5],
      [-35, 65],
      [-28, -36],
      [-23, 55],
      [-8, -35],
      [-86, 70],
      [-40, 7],
      [-37, 54],
      [-58, 69],
      [14, 57],
      [1, 69],
      [-20, 81],
      [-48, -5],
      [-23, -12],
      [-18, 11],
      [-4, 52],
      [-30, 82],
      [-62, 99],
      [-14, 7],
      [-29, -36],
      [-70, -29],
      [-30, -20],
      [0, -47],
      [-25, 38],
      [-31, 16],
      [9, 36],
      [-46, 63],
      [6, -43],
      [-103, -42],
      [-2, -38],
      [-24, -29],
      [22, -13],
      [-12, -57],
      [9, -47],
      [18, -38],
      [-6, -46],
      [-14, 18],
      [-67, 11],
      [-47, -49],
      [-86, -43],
      [55, -54],
      [36, -59],
      [24, 17],
      [49, -106],
      [-3, -8],
      [41, -84],
      [-148, -282],
      [-25, -37],
      [-104, -209],
      [-18, -2],
      [-40, 23],
      [-22, -39],
      [-7, 17],
      [-30, 9],
      [-27, 47],
      [-32, 16],
      [-47, -11],
      [-31, 8],
      [-106, -56],
      [-43, -19]
    ],
    [
      [42715, 31828],
      [7, 20],
      [-46, 111],
      [-56, 79],
      [-20, -2],
      [-19, 31],
      [-13, 55],
      [-21, 33],
      [6, 17],
      [41, 30],
      [-31, 1],
      [-18, 15],
      [1, 43],
      [-28, 81],
      [2, 65],
      [-14, 44],
      [22, 31],
      [6, 40],
      [-24, 31],
      [-14, 53],
      [-27, 50],
      [30, 75],
      [17, 70],
      [-16, 130],
      [28, 13],
      [27, 52],
      [-16, 72],
      [-7, 75],
      [3, 87],
      [-23, 102],
      [33, 42],
      [23, -11],
      [35, -99],
      [29, -20],
      [27, 7],
      [17, -15],
      [37, -7],
      [37, 54],
      [8, 38],
      [39, 92],
      [-18, 66],
      [-23, 50],
      [-45, 62],
      [-16, 40],
      [-65, 67],
      [-31, 58],
      [-88, 84],
      [-22, 36],
      [-29, 82],
      [-25, 44],
      [34, 29],
      [-28, 104],
      [-12, 77],
      [-53, 77],
      [-34, 61],
      [-38, 104],
      [-15, 98],
      [-28, 56],
      [-9, 46],
      [21, 134],
      [-6, 71],
      [-17, 64],
      [-7, 84],
      [-41, 43],
      [-12, 37],
      [-3, 100],
      [28, 3],
      [-15, 21],
      [-2, 98],
      [-22, 50],
      [8, 40],
      [-5, 38],
      [-33, 32],
      [6, 47],
      [-39, 40],
      [19, 62],
      [-13, 43],
      [-59, 7],
      [-6, 68],
      [18, 40],
      [-39, 91],
      [-16, 12],
      [31, 36],
      [40, -21],
      [62, 21],
      [21, 33],
      [33, 14],
      [29, 71],
      [0, 64],
      [-20, 8],
      [-37, -6],
      [6, 81],
      [-44, 43],
      [-71, -4],
      [-23, -21],
      [-23, 19],
      [14, 156],
      [-20, -9],
      [-24, 25],
      [0, -27],
      [-23, -28],
      [-23, 5],
      [-31, 34],
      [-8, 33],
      [-13, -15],
      [-20, 12],
      [-1, -87],
      [-11, -10],
      [-4, -47],
      [-47, 21],
      [18, 64],
      [-24, 11],
      [-45, 78],
      [16, 41],
      [-31, 42],
      [-26, -68],
      [-18, 71],
      [-14, 1],
      [6, 46],
      [-32, -9],
      [-72, 20],
      [-68, -20],
      [-45, -3],
      [5, -26],
      [29, -12],
      [26, -32],
      [15, -35],
      [19, -11],
      [-18, -46],
      [-43, -50],
      [-6, 30],
      [-45, 58],
      [-22, 6],
      [-54, 137],
      [-4, 71],
      [-21, 45],
      [-5, 44],
      [-35, 31],
      [-15, 37],
      [-37, 54],
      [39, 77],
      [34, 51],
      [31, 17],
      [15, 44],
      [15, -5],
      [17, 80],
      [35, 79],
      [-2, 35],
      [28, 104],
      [0, 24],
      [23, 89],
      [-3, 131],
      [14, -4],
      [40, 38],
      [-6, 32],
      [48, -21],
      [-21, -68],
      [30, -17],
      [5, 33],
      [26, 1],
      [19, 23],
      [52, 34],
      [-25, 59],
      [-25, 110],
      [7, 68],
      [33, 35],
      [24, 10],
      [17, 36],
      [6, 61],
      [44, 45],
      [31, -10],
      [25, 51],
      [89, 55],
      [-4, 21],
      [-1, 110],
      [-15, 14],
      [4, 63],
      [-19, 31],
      [-27, 108],
      [15, 48],
      [-2, 35],
      [16, 28],
      [2, 41],
      [22, 45],
      [1, 31],
      [40, 64],
      [25, 58],
      [29, 40],
      [25, 19],
      [40, 88],
      [31, 38],
      [38, 71],
      [91, 135],
      [25, -33],
      [43, -21],
      [39, -43],
      [51, -22],
      [28, 68],
      [40, 71],
      [-10, 45],
      [-48, 16],
      [-21, -54],
      [-26, 56],
      [29, 76],
      [19, 104],
      [-11, 43],
      [-2, 53]
    ],
    [
      [42396, 39599],
      [-72, 12],
      [-9, -4],
      [-88, 36],
      [-52, -1],
      [-29, -19],
      [-48, -6],
      [-6, 126],
      [-44, 1],
      [-40, 20],
      [-66, 0],
      [-35, 25],
      [-27, 91],
      [-1, 42],
      [-33, 102],
      [-28, -150],
      [4, -23],
      [-15, -26],
      [-56, -8],
      [-25, 54],
      [-5, 53],
      [1, 67],
      [-16, 13],
      [4, 50],
      [-7, 47],
      [-14, 27],
      [5, 81],
      [-70, 34],
      [-25, -19],
      [-26, 59],
      [-14, 67],
      [25, 31],
      [-11, 39],
      [-35, 29],
      [30, 135],
      [-14, 21],
      [-76, -35],
      [-29, 71],
      [-22, -10],
      [-14, 55],
      [-26, 16],
      [-43, 47],
      [-27, 1],
      [-58, 68],
      [-31, -40],
      [-34, -75],
      [6, -48],
      [-28, -34],
      [-44, -78],
      [-43, -60],
      [-48, 76],
      [-8, 45],
      [-31, 21],
      [-55, -231],
      [1, -50],
      [-22, -16],
      [-34, 30],
      [-17, -8],
      [-48, 12],
      [-27, 30],
      [-26, 49],
      [-93, 76],
      [-78, -26],
      [-16, -18],
      [-7, -38],
      [-17, -19],
      [-2, -44],
      [-24, -56],
      [-60, -96],
      [-32, -26],
      [-89, -97],
      [-27, -18],
      [31, -81],
      [2, -39],
      [78, -88],
      [32, -8],
      [44, -27],
      [78, -75],
      [8, -65],
      [-14, -45],
      [-26, -36],
      [-6, -55],
      [-57, -38],
      [-21, -34],
      [-27, -8],
      [-36, 26],
      [-39, -14],
      [-28, -31],
      [-24, -5],
      [-37, 16],
      [-52, -45],
      [-15, -41],
      [-26, -38],
      [-39, -19],
      [-10, -68],
      [-26, -97],
      [22, -137],
      [27, -46],
      [-49, -27],
      [-30, -33],
      [-23, -6],
      [-23, 22],
      [-59, 4],
      [-23, -38],
      [-76, 55],
      [-28, 12],
      [-35, 40],
      [2, -17],
      [-36, 18],
      [11, -71],
      [-71, -18],
      [-23, 16],
      [-35, 53],
      [-75, 52],
      [-22, 23],
      [-50, -25],
      [-19, 7],
      [-41, -9],
      [8, -56],
      [-54, -15],
      [-25, 46],
      [-40, 4],
      [-30, 29],
      [-19, 46],
      [-18, -63],
      [9, -70],
      [-1, -45],
      [-32, 21],
      [-8, 38],
      [8, 36],
      [-22, 10],
      [-12, 48],
      [15, 59],
      [-33, -16],
      [-27, 35],
      [-31, 103],
      [-44, 81],
      [-13, 42],
      [7, 60],
      [-48, 35],
      [-40, -3],
      [-3, -34],
      [-39, -8],
      [-18, -46],
      [52, -185],
      [-8, -38],
      [20, -45],
      [14, -66],
      [11, -12],
      [5, 36],
      [20, -42],
      [31, -29],
      [45, -57],
      [9, -41],
      [-72, -24],
      [-45, 7],
      [-1, -16],
      [-65, 21],
      [1, 22],
      [-55, -13],
      [-116, 19],
      [-33, -10],
      [0, 80],
      [-10, 17],
      [-23, -19],
      [-74, -5],
      [-2, 29],
      [-21, 45],
      [-25, 8],
      [-65, 204],
      [-7, 67],
      [-28, 27],
      [-13, 66],
      [-23, 57],
      [-9, 43]
    ],
    [
      [42617, 39911],
      [-32, -87],
      [-38, -59],
      [-31, -6],
      [-17, -27],
      [-40, -110],
      [-63, -23]
    ],
    [
      [44372, 25924],
      [2, 21],
      [146, 13],
      [63, 39],
      [9, 13],
      [13, -31],
      [9, -61],
      [22, -28],
      [116, 155],
      [34, 64],
      [16, 0],
      [35, -46],
      [20, 9],
      [19, -39],
      [40, -28],
      [25, 4],
      [28, 22],
      [37, -3],
      [50, -47],
      [21, -8],
      [60, -86],
      [2, -19],
      [29, -31],
      [36, -7],
      [32, 16],
      [41, -54],
      [14, -52],
      [36, -9],
      [24, 19],
      [29, -21],
      [74, 22],
      [54, -22],
      [22, -17],
      [29, 13],
      [114, 7],
      [62, 17],
      [39, 3],
      [63, -11],
      [20, 59],
      [32, 45],
      [127, 257],
      [27, 81],
      [4, 76],
      [-21, 80],
      [-19, 113],
      [-29, 63],
      [0, 29],
      [18, 83],
      [-1, 77],
      [-17, 22],
      [21, 186],
      [2, 112],
      [16, 91],
      [9, 14],
      [19, 110],
      [-19, 87],
      [9, 90],
      [-3, 57],
      [-12, -10],
      [0, 200],
      [3, 198],
      [-5, 190],
      [12, -6],
      [-12, 106],
      [17, 258],
      [-36, 30],
      [-65, -23],
      [-42, -70],
      [-61, 70],
      [-35, 80],
      [-14, 223],
      [1, 30],
      [-49, -6],
      [7, 21],
      [51, 76],
      [50, 107],
      [34, 135],
      [-62, 27],
      [-84, -23],
      [-77, 24],
      [-65, 381],
      [-15, -2],
      [12, 50],
      [-3, 29],
      [12, 38],
      [-4, 119],
      [-17, 34],
      [-5, 75],
      [8, 49],
      [34, 7],
      [34, 49],
      [40, 31],
      [39, 20],
      [37, -37],
      [-2, -33],
      [19, -29],
      [35, 37],
      [41, 20],
      [67, 1],
      [50, 17],
      [29, -19],
      [43, -48],
      [32, -10],
      [44, -43],
      [23, -3],
      [47, 52],
      [117, 23],
      [56, -48],
      [72, -5],
      [135, -31],
      [62, 26],
      [47, -20],
      [31, -33],
      [18, 95],
      [-6, 0],
      [4, 101],
      [-26, 36],
      [22, 31],
      [28, 18],
      [-31, 25],
      [-40, 10],
      [-16, -10],
      [-33, 23],
      [16, 51],
      [28, 29],
      [52, 4],
      [57, -20],
      [20, 136],
      [-17, 78],
      [-8, 65],
      [5, 51],
      [-6, 28],
      [-23, 0],
      [-25, 27],
      [-52, -3],
      [-19, 18],
      [-26, 53],
      [-32, 41],
      [-27, 88],
      [1, 47],
      [14, 16]
    ],
    [
      [46586, 30845],
      [-10, 111],
      [-150, 126],
      [8, 79],
      [11, 33],
      [7, 87],
      [34, 58],
      [-17, 25],
      [-31, 12],
      [-41, 35],
      [-18, 28],
      [-48, 108],
      [-16, 56],
      [2, 27],
      [-57, 54],
      [-38, 44],
      [-23, 71],
      [-27, 38],
      [-26, 11],
      [-48, 72],
      [69, 51],
      [108, 136],
      [41, 131],
      [18, 33],
      [8, 100],
      [34, 135],
      [45, 48],
      [17, 30],
      [66, 24],
      [58, 80],
      [0, 152],
      [12, 38],
      [20, 22],
      [-18, 54],
      [-6, 47],
      [36, 111],
      [29, 57],
      [65, 65],
      [36, -10],
      [28, -31],
      [11, 18],
      [1, 58],
      [18, 114],
      [-1, 71],
      [-25, 111],
      [-8, 65],
      [-12, 24],
      [-12, 68],
      [5, 33],
      [-31, 94],
      [-20, 24],
      [-9, 64],
      [-22, 33],
      [-18, 76],
      [15, 169],
      [-15, 22],
      [31, 114],
      [0, 63],
      [26, 78],
      [20, 35],
      [-41, 41],
      [-52, 109],
      [7, 35],
      [-14, 15],
      [37, 102],
      [12, 19],
      [-16, 43],
      [42, 43],
      [25, 10],
      [-1, 23],
      [26, 27],
      [34, 13],
      [7, 65],
      [65, 28],
      [-33, 112],
      [-5, 59],
      [72, 36],
      [-10, 23],
      [6, 61],
      [22, 7],
      [-31, 49],
      [-18, 42],
      [-51, 66],
      [-16, 47],
      [2, 68],
      [25, 95],
      [0, 50],
      [-24, 53],
      [31, 3],
      [5, 18],
      [-11, 135],
      [3, 39],
      [101, -5],
      [41, -8],
      [62, -32],
      [42, -10],
      [44, 59],
      [62, 49],
      [53, 53],
      [50, 40],
      [25, -2],
      [37, -52],
      [19, 30],
      [29, 0],
      [31, -19],
      [23, -40],
      [-52, -44],
      [-32, -80],
      [40, 4],
      [58, -25],
      [18, 63],
      [0, 39],
      [14, 12],
      [-10, 39],
      [28, 15],
      [-6, -35],
      [33, -41],
      [15, -64],
      [21, 32],
      [15, -10],
      [23, 15],
      [-7, 37],
      [12, 15],
      [27, -9],
      [14, 29],
      [-4, 39],
      [-15, 28],
      [20, 4],
      [-8, 53],
      [5, 75],
      [-25, 58],
      [15, -5],
      [13, 25],
      [8, -19],
      [12, 37],
      [-16, 26],
      [3, 58],
      [12, 70],
      [23, 7],
      [10, -22],
      [9, 33],
      [21, -6],
      [17, 19],
      [32, 4],
      [29, 33],
      [8, 47],
      [19, 32],
      [52, 24],
      [8, 45],
      [-39, 38],
      [26, 104],
      [29, 80],
      [38, 2],
      [20, 23],
      [6, 42],
      [30, 68],
      [40, 40],
      [34, 12],
      [24, 39]
    ],
    [
      [48102, 37231],
      [-24, 14],
      [-91, 11],
      [-29, -2],
      [-25, -24],
      [-66, 94],
      [-19, 7],
      [-86, -3],
      [-78, -8],
      [-10, 38],
      [2, 36],
      [-12, -1],
      [-15, 121],
      [-11, 20],
      [-48, 5],
      [-49, 69],
      [-9, 41],
      [-44, 57],
      [-41, 24],
      [11, 105],
      [-45, 46],
      [2, 18],
      [-20, 91],
      [-69, 99],
      [4, 60],
      [-12, 70],
      [-16, 38],
      [-24, -6],
      [-22, 106],
      [-26, 14],
      [-29, -2],
      [-20, 23],
      [-37, 103],
      [-34, 125],
      [-18, 34],
      [-6, 73],
      [-25, 28],
      [6, -67],
      [-17, -69],
      [-80, -126],
      [-25, -63],
      [-7, -135],
      [16, -81],
      [33, -99],
      [13, -79],
      [-85, -44],
      [-72, -96],
      [-37, -42],
      [-23, 17],
      [-35, 140],
      [-16, 122],
      [-87, -36],
      [-20, 41],
      [-13, 94],
      [2, 64],
      [-33, 63],
      [-40, 42],
      [-10, 38],
      [16, 81],
      [-3, 53],
      [-58, 7],
      [-65, -63],
      [-55, 42],
      [-31, 35],
      [-23, 7],
      [-48, 70],
      [-25, 23],
      [-33, 51],
      [-16, 66],
      [-2, 90],
      [8, 38],
      [41, 87],
      [-31, 113],
      [-4, 35],
      [5, 67],
      [-24, 20],
      [-2, 25],
      [-39, 43],
      [-16, 81],
      [7, 15],
      [-48, 25],
      [-28, 65],
      [-11, -6],
      [-13, -131],
      [-8, -12],
      [-69, 40],
      [-45, 55],
      [-62, -31],
      [-56, -1],
      [-55, 19],
      [-25, 37],
      [-36, -11],
      [-36, 48],
      [-5, 24],
      [13, 67],
      [-22, 20],
      [-21, -24],
      [-32, 5],
      [-5, 31],
      [-27, 2],
      [-9, -29],
      [-26, 20],
      [-30, 3],
      [-22, 53],
      [-65, 8],
      [-9, 22],
      [-71, -19],
      [-7, -67],
      [-46, -34],
      [-22, 5],
      [-49, -19],
      [-10, 18],
      [-33, 7],
      [-27, 51],
      [-42, 27],
      [-28, 1],
      [-25, 34],
      [-11, 79],
      [-51, 8],
      [-36, -24],
      [-52, 18],
      [-10, -51],
      [-27, -3],
      [-11, 42],
      [-21, 13],
      [22, 81],
      [-7, 57],
      [-41, 7],
      [-7, 13],
      [8, 95],
      [-31, 27],
      [-50, -30],
      [-75, 36],
      [-18, -12],
      [-30, -107],
      [-4, -47],
      [20, -33],
      [-13, -30],
      [-55, 25],
      [-8, 61],
      [-27, 100],
      [-22, 7],
      [-30, 31],
      [-32, -2],
      [-6, 59],
      [44, 87],
      [-30, 23],
      [-5, 24],
      [-27, -9],
      [-10, -27],
      [2, -69],
      [-15, -52],
      [-29, 6],
      [-21, 33],
      [-59, 57],
      [-56, 19],
      [-5, 53],
      [52, 39],
      [-7, 59],
      [-21, 42],
      [-20, 8],
      [-19, 67],
      [-19, 22],
      [-34, 91],
      [-7, 44],
      [-16, -4],
      [-45, -42],
      [-31, -69],
      [-75, -88],
      [-17, -7],
      [-54, -59],
      [-8, -35],
      [-32, -81],
      [-33, -15],
      [-34, 45],
      [-60, 1],
      [-19, -13],
      [-43, 0],
      [-42, 31],
      [-44, -32],
      [-28, 22],
      [-36, 67],
      [-15, -67],
      [-2, -109],
      [-41, -99],
      [19, -60],
      [24, -34],
      [-1, -52],
      [-31, -64],
      [-21, -28],
      [-46, -15],
      [-71, -59],
      [-3, -43],
      [-27, -27],
      [-29, 43],
      [-76, 4],
      [-69, -80],
      [-12, -48],
      [-60, 4],
      [-17, -14],
      [-75, -15],
      [-38, 68],
      [-28, 9],
      [-24, 51],
      [-42, 22],
      [-24, 32],
      [-35, -5],
      [-43, 24],
      [-17, 20],
      [-7, 103],
      [-14, -21],
      [-51, -15]
    ],
    [
      [38896, 44898],
      [-75, 3],
      [-56, -51],
      [-35, 2],
      [-35, 40],
      [-28, 5],
      [-51, -32],
      [-25, -71],
      [-12, -15],
      [-46, -7],
      [-39, 32],
      [-53, 0],
      [-33, -20],
      [-41, -85],
      [-29, -30],
      [-33, -7],
      [-33, 23],
      [-19, -5],
      [-40, -39],
      [-49, 37],
      [-66, -51],
      [-35, -46],
      [37, 7],
      [21, -130],
      [-32, -91],
      [-51, -81],
      [-76, -97],
      [-26, 27],
      [-63, 7],
      [-3, 87],
      [-71, 24],
      [-47, 35],
      [-23, -78],
      [-37, -25],
      [-12, -55],
      [-4, -96],
      [-56, 9],
      [-1, -62],
      [-47, 5],
      [-46, -3],
      [6, 16],
      [-29, -5],
      [-8, 61],
      [-184, -17],
      [-45, 37],
      [-152, 94],
      [-61, 18],
      [-7, -50],
      [-274, -5],
      [-70, -3],
      [2, -186],
      [-241, -8],
      [-27, -168],
      [23, -1],
      [5, -38],
      [18, 0]
    ],
    [
      [36482, 43809],
      [259, 7],
      [88, -3],
      [-1, 17],
      [106, 2],
      [26, -202],
      [11, 0],
      [5, -129],
      [-5, -44],
      [-28, -102],
      [-18, -82],
      [-10, -98],
      [-65, -14],
      [-74, 77],
      [-59, 22],
      [-90, -14],
      [-48, -40],
      [-7, -86],
      [-13, -64],
      [-21, 8],
      [-17, -94],
      [-105, 26],
      [-13, -54],
      [-56, -57],
      [-6, -29],
      [-31, -66],
      [5, -19],
      [-39, -127],
      [-13, -119],
      [-22, -67],
      [-31, -56],
      [8, -105],
      [15, -35],
      [55, -21],
      [9, -23],
      [-30, -67],
      [7, -61]
    ],
    [
      [42617, 39911],
      [-32, 59],
      [8, 89],
      [56, 25],
      [47, 127],
      [27, 40],
      [6, 33],
      [-34, 0],
      [-73, 26],
      [-23, 42],
      [-37, -24],
      [-29, -74],
      [-29, 60],
      [26, 75],
      [0, 41],
      [26, 89],
      [29, 55],
      [14, 61],
      [18, 5],
      [-36, 102],
      [-50, -24],
      [-4, -29],
      [-19, 0],
      [-37, 45],
      [-25, 15],
      [-26, 38],
      [1, 23],
      [74, -2],
      [44, 14],
      [-71, 102],
      [-53, -13],
      [-36, 35],
      [2, 56],
      [19, -2],
      [17, 24],
      [-25, 130],
      [-27, 20],
      [6, 21],
      [68, 22],
      [-13, 41],
      [-18, 12],
      [4, 23],
      [51, 75],
      [30, 12],
      [38, -3],
      [22, -23],
      [24, 34],
      [63, 26],
      [60, -12],
      [11, 21],
      [26, 3],
      [35, -19],
      [40, -6],
      [10, 45],
      [-14, 58],
      [6, 59],
      [-31, 21],
      [-37, -59],
      [-19, 3],
      [1, 53],
      [11, 69],
      [22, 31],
      [36, 77],
      [6, -6],
      [31, 58],
      [-44, 7],
      [-52, 62],
      [-34, -4],
      [-24, 33],
      [-6, 31],
      [-31, 53],
      [3, 26],
      [-25, 21],
      [-6, 34],
      [-26, 5],
      [-17, 62],
      [-30, 82],
      [-7, 5],
      [-7, 98],
      [-22, 4],
      [-12, 59],
      [-56, 90],
      [-23, -6],
      [-44, 26],
      [-14, 22],
      [-72, 12],
      [-33, 29],
      [-7, 25],
      [-1, 110],
      [-11, 66],
      [-38, 73],
      [-59, 37],
      [-64, 31],
      [-30, 56],
      [-30, 78],
      [-61, 128],
      [-5, 40],
      [-24, 37],
      [-28, 102],
      [22, 10],
      [52, -34],
      [27, 48],
      [48, -37],
      [53, -12],
      [-4, 41],
      [31, -2],
      [9, 29],
      [-20, 43],
      [35, 63],
      [28, 28],
      [43, 21],
      [29, 29],
      [40, -4],
      [20, 14],
      [22, 51],
      [61, 32],
      [-13, 50],
      [18, -7],
      [33, 23],
      [72, 37],
      [23, 46],
      [47, 35],
      [-34, 63],
      [33, 69],
      [11, 50],
      [4, 97],
      [-20, 58],
      [-14, 134],
      [2, 53],
      [-10, 23],
      [12, 23],
      [-9, 31],
      [-18, 5],
      [-16, -27],
      [-50, -10],
      [-29, 26],
      [-16, -24],
      [-36, 6],
      [-11, 16],
      [-58, -13],
      [-56, -40],
      [-19, 0],
      [-15, -43],
      [-46, 25],
      [-17, -37],
      [-69, -27],
      [-35, 5],
      [-26, -37],
      [-49, 13],
      [-13, 27],
      [-59, -19],
      [-17, 5],
      [-33, -23],
      [-59, 75],
      [-13, 45],
      [-38, 35],
      [-36, 8],
      [56, 60],
      [19, -24],
      [45, 81],
      [1, 89],
      [8, 38],
      [-3, 56],
      [-42, 60],
      [-68, 52],
      [-30, 48],
      [-15, 46],
      [-25, 30],
      [-23, -11],
      [-33, 16],
      [-57, -6],
      [-62, 59],
      [5, 40],
      [-4, 79],
      [30, 49],
      [41, 53],
      [23, 68],
      [22, 159],
      [13, 12],
      [10, 106],
      [29, -28],
      [52, -31],
      [54, -13],
      [95, 59],
      [121, 62],
      [88, 19],
      [84, 34],
      [41, 27],
      [85, 43],
      [50, 15],
      [195, 34],
      [62, 31],
      [36, 35],
      [23, 34],
      [36, 75],
      [17, 55],
      [48, 77],
      [46, 47],
      [-37, 161],
      [-21, 153]
    ],
    [
      [42726, 46489],
      [-30, 27],
      [-38, 13],
      [-15, -7],
      [-4, -57],
      [-38, 11],
      [-38, 68],
      [-32, 4],
      [-29, -48],
      [1, -22],
      [-31, -79],
      [-20, 1],
      [-42, 85],
      [-34, -25],
      [-20, 16],
      [-4, -21],
      [-31, -25],
      [-29, 24],
      [-18, -9],
      [-9, 20],
      [-23, -23],
      [-17, -41],
      [-25, -4],
      [-9, 74],
      [-29, 35],
      [5, 48],
      [-11, 42],
      [-61, 37],
      [-34, 72],
      [-27, 20],
      [-68, -19],
      [-22, -35],
      [6, -57],
      [-20, -23],
      [-3, -27],
      [-58, -6],
      [-6, 8],
      [2, -86],
      [-28, -74],
      [-44, 89],
      [-8, -41],
      [-17, -19],
      [-37, -91],
      [-32, -6],
      [-7, -31],
      [-43, -20],
      [-9, 9],
      [-15, 95],
      [-49, 4],
      [-7, 60],
      [28, 101],
      [37, 51],
      [16, 71],
      [43, -6],
      [6, 24],
      [-7, 47],
      [35, 73],
      [60, 93],
      [-17, 29],
      [18, 57],
      [30, 19],
      [14, 34],
      [-20, 42],
      [-25, 18],
      [-2, 51],
      [88, 187],
      [-44, 36],
      [-92, 23],
      [-63, 31],
      [-20, 28],
      [-103, 17],
      [-46, 18],
      [-95, -49],
      [-48, -53],
      [-27, -3],
      [-96, -38],
      [-51, -46],
      [-52, -14],
      [-48, 1],
      [-12, 13],
      [-42, -10],
      [-16, 47],
      [-57, 43],
      [-92, 82],
      [-6, 26],
      [7, 104],
      [-41, 53],
      [-24, -63],
      [-8, -57],
      [-11, -7],
      [-47, 82],
      [-26, 167],
      [-39, 57],
      [-42, 47],
      [-64, 6],
      [-21, -13],
      [-19, 12],
      [-46, 4],
      [-44, 29],
      [-73, 23],
      [-12, -22],
      [-37, 44],
      [2, 12],
      [-79, 49],
      [-19, 4],
      [-21, -26],
      [-6, -31],
      [-89, -58],
      [-34, -7],
      [-34, 7],
      [-26, -11],
      [-37, -36],
      [8, -41],
      [-10, -17],
      [-50, 15],
      [-62, -8],
      [-24, 8],
      [-22, -23],
      [-28, 0],
      [-20, -98],
      [31, -70],
      [-36, -36],
      [-2, -102],
      [-16, -36],
      [7, -54],
      [-25, -79],
      [-14, -128],
      [-8, -16],
      [-22, -124],
      [-22, -71]
    ],
    [
      [39658, 46987],
      [68, -43],
      [16, -16],
      [89, -48],
      [49, -32],
      [30, -9],
      [94, -55],
      [-24, -42],
      [-34, -91],
      [19, -71],
      [13, -87],
      [16, -202],
      [35, -102],
      [-37, -15],
      [-28, -59],
      [-13, -103],
      [10, -98],
      [27, 8],
      [16, -97],
      [-1, -214],
      [29, -141],
      [40, -146],
      [15, 5],
      [26, -30],
      [-48, -72],
      [-46, -43],
      [-40, -21],
      [-82, 4],
      [-71, -1],
      [-62, 5],
      [-56, 34],
      [-41, 9],
      [-89, -5],
      [-48, -12],
      [-74, -32],
      [-83, -77],
      [-117, -93],
      [-95, -55],
      [-107, -23],
      [-43, -4],
      [-119, 7],
      [4, -22]
    ],
    [
      [36482, 43809],
      [0, -60],
      [-8, -53],
      [1, -184],
      [-21, -21],
      [3, -58],
      [-35, -10],
      [1, 61],
      [-19, 48],
      [-27, 20],
      [-49, 5],
      [-64, -19],
      [-32, -18],
      [-35, 1],
      [-24, -43],
      [-32, -98],
      [-3, -63],
      [6, -57],
      [-23, -59],
      [-25, -24],
      [-106, -74],
      [-45, -14],
      [-34, 0],
      [14, -22],
      [3, -35]
    ],
    [
      [36472, 45445],
      [-19, -117],
      [9, -60],
      [-26, -53],
      [-83, -236],
      [-45, -110],
      [-141, 127],
      [-40, -100],
      [-24, 11],
      [-10, -30],
      [-78, -175],
      [-91, -214],
      [-25, -44],
      [-120, -66],
      [-41, -12],
      [-40, -222],
      [-38, -120],
      [-69, -168],
      [-31, -15],
      [-2, -27]
    ],
    [
      [38896, 44898],
      [-151, 46],
      [-89, 55],
      [-76, 64],
      [-165, 156],
      [-229, 221],
      [-100, 92],
      [-110, 81],
      [-66, 34],
      [-84, 9],
      [-153, -35],
      [-201, -81],
      [-105, -46],
      [-88, -33],
      [-67, -10],
      [-111, 12],
      [-328, 81],
      [-134, 37],
      [-139, 27],
      [-28, -163]
    ],
    [
      [35008, 45053],
      [73, -35],
      [11, 51],
      [180, -57],
      [2, 21],
      [98, -25],
      [6, 72],
      [9, -2],
      [4, 88],
      [32, -3],
      [3, 80],
      [6, -6],
      [94, -8],
      [-3, -52],
      [47, -30],
      [13, -74],
      [107, -90],
      [24, 82],
      [64, 159],
      [8, 28],
      [-30, -7],
      [-23, 16],
      [-18, 37],
      [-11, 65],
      [-35, 37],
      [51, 112],
      [27, 45],
      [23, 20],
      [13, 43],
      [-5, 31],
      [51, 123],
      [1, 100],
      [82, -55],
      [16, -19],
      [109, -40],
      [60, -32],
      [44, -37],
      [157, -159],
      [84, -57],
      [64, -26],
      [26, -4]
    ],
    [
      [39658, 46987],
      [-6, -33],
      [-41, -16],
      [-39, 29],
      [-43, -26],
      [-46, -84],
      [-106, -27],
      [-70, -6],
      [-34, -25],
      [-24, 1],
      [-44, -17],
      [1, -121],
      [-21, 6],
      [-45, -29],
      [-16, 5],
      [-42, -41],
      [-24, -42],
      [-16, -69],
      [-21, -29],
      [-34, 8],
      [-25, 38],
      [-19, 63],
      [-24, 22],
      [-28, -2],
      [-13, -53],
      [-29, 27],
      [-32, 1],
      [-4, -123],
      [-25, 2],
      [6, -85],
      [-40, 10],
      [-60, 25],
      [-5, -89],
      [-20, -55],
      [-30, 34],
      [0, -37],
      [-26, -16],
      [-25, 28],
      [-27, 51],
      [-18, -9]
    ],
    [
      [38543, 46303],
      [-17, -40],
      [-19, 2],
      [-35, -38],
      [-49, 7],
      [-50, 48],
      [-81, -40],
      [-23, 5],
      [-44, 40],
      [-45, 26],
      [-63, -10],
      [-5, -22],
      [-45, -41],
      [-51, -11],
      [-25, 5],
      [3, 88],
      [-10, -6],
      [-162, -1],
      [-19, 36],
      [6, 16],
      [-30, 83],
      [27, 15],
      [-13, 53],
      [44, 36],
      [-48, 103],
      [-3, 24],
      [17, 49],
      [2, 44],
      [-10, 74],
      [-45, 59],
      [7, 19],
      [-59, 56],
      [-43, -42],
      [-22, 34],
      [-70, 29],
      [-33, 41],
      [8, 39],
      [-16, 62],
      [-36, 20],
      [4, 38],
      [-17, -40],
      [9, -57],
      [-17, -34],
      [-15, -5],
      [-7, 57],
      [-28, 46],
      [-1, -56],
      [-37, -40],
      [7, -77],
      [8, -22],
      [-1, -93],
      [-9, -28],
      [-32, 39],
      [-65, 128],
      [-36, -24],
      [-9, -47],
      [-36, -41],
      [-23, -49],
      [-22, -15],
      [-42, 136],
      [-5, 31],
      [-69, 138],
      [-18, 46],
      [1, 36],
      [46, 69],
      [-20, 27],
      [-19, -6],
      [-3, 25],
      [-22, -15],
      [-3, 31],
      [20, 6],
      [-16, 33],
      [9, 13],
      [-33, 39],
      [11, 14],
      [-24, 9],
      [-3, 20],
      [-28, 22],
      [-12, 50],
      [-22, 11],
      [-13, -21],
      [-39, -7],
      [-30, 79],
      [-24, 38],
      [-67, 43],
      [-111, 25],
      [-28, 49],
      [-28, -17],
      [-26, 27],
      [-32, -125],
      [-28, -45],
      [-30, -29],
      [-35, -20],
      [-23, 40],
      [-31, 16],
      [-65, 91],
      [-13, 28],
      [-44, -23],
      [-60, -17],
      [-46, 32],
      [-16, 69],
      [14, 66],
      [-21, 38],
      [-45, 40],
      [-23, 73],
      [-32, 24],
      [5, 37],
      [-69, -26],
      [-17, -24],
      [-30, 22],
      [-17, -6],
      [-1, 31],
      [-20, 42],
      [-24, 12],
      [-15, 35],
      [1, 91],
      [-13, 18],
      [-38, 6],
      [-40, 58],
      [-28, 24],
      [-40, 5],
      [-27, 53],
      [-34, 2]
    ],
    [
      [42726, 46489],
      [85, 86],
      [19, -32],
      [23, 34],
      [20, 3],
      [121, 51],
      [-12, 38],
      [-26, 40],
      [-9, 40],
      [12, 14],
      [21, -19],
      [17, 38],
      [30, 24],
      [60, 15],
      [-48, 35],
      [-47, 50],
      [3, 46],
      [-24, 9],
      [85, 38],
      [54, 35],
      [-14, 76],
      [32, 31],
      [6, -54],
      [18, -44],
      [23, -29],
      [-4, -35],
      [27, -39],
      [40, 14],
      [3, 44],
      [-40, 133],
      [34, 29],
      [23, 1],
      [20, -48],
      [39, -37],
      [-8, -24],
      [2, -69],
      [10, -43],
      [61, 48],
      [35, 59],
      [-14, 46],
      [8, 32],
      [-47, 76],
      [21, -15],
      [88, -16],
      [37, -69],
      [17, 32],
      [-15, 78],
      [-49, 52],
      [32, 33],
      [29, -61],
      [83, 35],
      [41, -84],
      [32, 37],
      [18, 48],
      [12, 1],
      [-8, -98],
      [111, 24],
      [51, 41],
      [10, 41],
      [9, -97],
      [42, -32],
      [24, 12],
      [32, -56],
      [10, -40],
      [16, 15],
      [34, 63],
      [2, 73],
      [-15, 65],
      [-6, 79],
      [-48, 98],
      [-36, 36],
      [21, 27],
      [13, 37],
      [30, 21],
      [32, -7],
      [14, 65],
      [24, 69],
      [75, -29],
      [82, -91],
      [57, -13],
      [61, -29],
      [-29, 177],
      [-4, 55],
      [-18, 40],
      [-3, 121],
      [-32, 54],
      [-12, 62],
      [-84, 56],
      [-22, 32],
      [-3, 61],
      [35, -2],
      [23, 72],
      [70, 74],
      [30, -1],
      [5, 38],
      [32, 4],
      [20, 31],
      [78, -13],
      [8, 40],
      [16, 8],
      [17, 59],
      [19, 33],
      [58, 1],
      [80, 36],
      [19, 29],
      [43, -34],
      [23, -41],
      [51, -65],
      [30, 3],
      [36, 51],
      [-11, 39],
      [24, 19],
      [3, -15],
      [28, 16],
      [-8, 22],
      [24, 76],
      [37, 36],
      [42, 55],
      [37, 19],
      [36, 43],
      [9, 84],
      [-7, 19],
      [31, -2],
      [44, 87],
      [-1, 24],
      [21, -2],
      [23, 41],
      [31, 20],
      [52, 9],
      [20, 14],
      [6, -26]
    ],
    [
      [45274, 49105],
      [24, -46],
      [33, -23],
      [43, 18],
      [31, 44],
      [-23, 79],
      [18, 28],
      [0, 42],
      [31, 28],
      [0, 99],
      [-55, 33],
      [-37, -1],
      [-57, -43],
      [-36, 6],
      [-66, 25],
      [-32, 21],
      [0, 42],
      [-13, 27],
      [41, 3],
      [1, 12],
      [98, -2],
      [92, -47],
      [52, -11],
      [32, 3],
      [3, 44],
      [41, 54],
      [14, 96],
      [27, 75],
      [15, 26],
      [6, 89],
      [-41, 82],
      [-11, -31],
      [-24, -22],
      [-33, -8],
      [-31, 52],
      [9, 13],
      [-18, 76],
      [-31, -1],
      [-42, 21],
      [-24, -2],
      [-1, 39],
      [-14, 108],
      [-53, 99],
      [-47, 57],
      [-26, 51],
      [23, 67],
      [11, 80],
      [-15, 35],
      [-40, 34],
      [-38, 17],
      [-8, 34],
      [-26, 30],
      [-8, -6],
      [-41, 55],
      [1, 48],
      [-14, 27],
      [47, 73],
      [29, 78],
      [-22, 13],
      [-17, 56],
      [3, 44],
      [-17, 43],
      [-33, 28],
      [-41, 22],
      [-24, 32],
      [-65, 17],
      [-24, -26],
      [-44, -2],
      [-37, 16],
      [-27, -10],
      [-26, 100],
      [-62, 45],
      [-48, 66],
      [-14, 69],
      [-3, 45],
      [19, 16],
      [38, -26],
      [69, -16],
      [28, 8],
      [17, 36],
      [51, 18],
      [26, -8],
      [20, -44],
      [87, -36],
      [10, 11],
      [47, -21],
      [1, -18],
      [52, -10],
      [41, 5],
      [36, 32],
      [38, 12],
      [88, -7],
      [59, 4],
      [47, -10],
      [45, 6],
      [109, -10],
      [41, -19],
      [44, 0],
      [96, 35],
      [40, 37],
      [70, 5],
      [11, 7],
      [57, -1],
      [38, 7],
      [67, 59],
      [69, 9],
      [36, 35],
      [19, 145],
      [19, 39],
      [64, 19],
      [87, 14],
      [32, 63],
      [53, 49],
      [31, 37],
      [35, 10],
      [178, -77],
      [43, 65],
      [109, -57],
      [31, -32],
      [94, -69],
      [42, -76],
      [21, -25],
      [42, -13],
      [34, 17],
      [15, 54],
      [21, 142],
      [-18, 27],
      [-31, 149],
      [-46, 25],
      [46, 102],
      [16, 21],
      [39, 3],
      [30, 24],
      [31, 5],
      [64, -16],
      [24, 12],
      [-16, 55],
      [20, 30],
      [30, 89],
      [60, 60],
      [43, 64],
      [19, 62],
      [44, 54],
      [-18, 71],
      [-29, 51],
      [-16, 105],
      [-2, 146],
      [17, 63],
      [15, 22],
      [36, 119],
      [-16, 23],
      [-42, -30],
      [12, 57],
      [-3, 21],
      [31, 13],
      [-13, 63],
      [0, 48],
      [-10, 77],
      [-23, 42],
      [10, 36],
      [-20, 103],
      [-5, 62],
      [-15, 19],
      [-2, 33],
      [-19, 40],
      [-29, 29]
    ],
    [
      [37691, 52646],
      [-23, -59],
      [-27, -107],
      [-12, 2],
      [-11, -52],
      [-13, 7],
      [-16, -69],
      [-3, -86],
      [-20, 1],
      [-29, -118],
      [-47, -402],
      [82, -32],
      [210, -55],
      [5, -32],
      [49, -12],
      [116, -9],
      [44, 12],
      [2, -39],
      [42, 14],
      [24, 20],
      [24, -9],
      [23, 20],
      [22, 1],
      [46, 32],
      [58, 30],
      [23, -109],
      [0, -37],
      [-26, -75],
      [-46, -47],
      [-23, -35],
      [-9, -39],
      [-6, -147],
      [-16, -90],
      [-39, -44],
      [-19, -49],
      [-1, -62],
      [-17, -100],
      [-25, -199],
      [-10, -37],
      [-10, -91],
      [6, -89],
      [52, -185],
      [11, -87],
      [8, -115],
      [22, -79],
      [59, -118],
      [5, -103],
      [-2, -116],
      [-7, -148],
      [23, 8],
      [32, -16],
      [43, 9],
      [46, 19],
      [53, -83],
      [46, -56],
      [-15, -11],
      [-2, -201],
      [39, 18],
      [22, -29],
      [23, -80],
      [31, -9],
      [45, 41],
      [26, 77],
      [-16, 46],
      [-2, 82],
      [46, 55],
      [27, -35],
      [19, -102],
      [-7, -84],
      [33, -88],
      [50, 94],
      [90, 134],
      [17, -44],
      [-17, -9],
      [-32, -77],
      [22, 1],
      [21, -56],
      [30, -56],
      [-13, -54],
      [4, -23],
      [-46, 12],
      [-21, -32],
      [-11, -39],
      [-29, -16],
      [-94, 21],
      [-17, -158],
      [-20, -102],
      [-81, 46],
      [-165, 81],
      [-97, 22],
      [-109, -10],
      [-20, 91],
      [4, 73],
      [-45, 96],
      [-4, 36],
      [-30, 4],
      [-46, 22],
      [-42, 85],
      [3, 20],
      [-119, -1],
      [-30, 14],
      [-53, -7],
      [-10, -72],
      [-20, -38],
      [-32, -23],
      [-90, -26],
      [-10, -30],
      [24, -51],
      [-1, -48],
      [12, -39],
      [40, -8],
      [18, -51],
      [-7, -21],
      [13, -94],
      [-4, -14],
      [20, -61],
      [10, -125],
      [-3, -47],
      [-20, -39],
      [-59, -12],
      [-12, -10],
      [-13, -48],
      [-13, 191],
      [-68, -9],
      [12, -204],
      [-63, -3],
      [13, -62],
      [-4, -45],
      [15, -21],
      [-9, -21],
      [25, -127],
      [-93, -22],
      [-18, 60],
      [-54, -75],
      [48, -55],
      [3, -56],
      [-16, -18],
      [-4, -41],
      [19, -56],
      [43, -54],
      [-8, -31],
      [7, -52],
      [25, -3],
      [27, -39],
      [6, -46],
      [33, -12],
      [12, -31],
      [-9, -13],
      [37, -34],
      [-13, 45],
      [9, 45],
      [-22, 85],
      [15, 24],
      [-16, 12],
      [6, 31],
      [-11, 45],
      [8, 50],
      [-7, 13],
      [2, 60],
      [-12, 21],
      [5, 27],
      [81, 50],
      [28, 12],
      [110, 12],
      [30, -19],
      [40, 11],
      [20, -33],
      [18, -99],
      [7, -106],
      [18, -34],
      [13, -50],
      [-26, -139],
      [-36, -21],
      [12, -8],
      [-12, -44],
      [14, -51],
      [20, -25],
      [3, 40],
      [67, -2],
      [11, 13],
      [43, -159],
      [21, 38],
      [35, 24],
      [0, 50],
      [27, 22],
      [11, -48],
      [15, 5],
      [41, -96],
      [-22, -28],
      [23, -108],
      [-21, 12],
      [-35, -19],
      [6, -43],
      [-13, -22],
      [16, -55],
      [-21, -6],
      [0, -67],
      [26, 0],
      [-7, -43],
      [11, -24],
      [23, -5],
      [29, -82],
      [-20, -41],
      [7, -32],
      [32, -22],
      [1, -51],
      [37, -25],
      [63, -5],
      [11, -56],
      [22, -23],
      [25, 30],
      [23, -44],
      [-16, -24],
      [-3, -37],
      [14, -18],
      [20, 30],
      [51, 35],
      [29, -52],
      [-28, -28],
      [0, -37],
      [-18, 16],
      [-24, -30],
      [13, -45],
      [20, -4],
      [13, -41],
      [37, 2],
      [16, -17],
      [27, 15]
    ],
    [
      [61460, 52326],
      [-1, 24],
      [17, 22],
      [25, -3],
      [16, -28],
      [40, 6],
      [34, 39],
      [24, -31],
      [17, 7],
      [16, -22],
      [28, 3],
      [17, -28],
      [13, -67],
      [27, -36],
      [18, -128],
      [48, -132],
      [39, -129],
      [94, -167],
      [-4, -23],
      [40, -41],
      [-30, -48],
      [-35, -34],
      [-31, -47],
      [-26, -64],
      [15, -85],
      [30, -68],
      [-3, -53],
      [8, -56],
      [-11, -24],
      [11, -61],
      [-20, -29],
      [-4, -61],
      [16, -200],
      [1, -77],
      [-84, -61],
      [-13, 7],
      [-46, -38],
      [-62, -23],
      [-17, -38],
      [-66, -9],
      [-26, -23],
      [-72, 13],
      [-50, -41],
      [-2, -46],
      [-13, -64],
      [-1, -56],
      [-18, -79],
      [-33, -43],
      [-18, -7],
      [-30, -40],
      [-16, -139],
      [16, -21],
      [22, 2],
      [41, -85],
      [46, -39],
      [25, -89],
      [22, -19],
      [27, -58],
      [2, -35],
      [-18, -63],
      [2, -37],
      [31, -49],
      [14, -42],
      [18, -3],
      [21, -46],
      [19, -3],
      [19, -34],
      [25, 8],
      [28, -83],
      [19, -143],
      [-2, -47],
      [40, -72],
      [-6, -19],
      [17, -48],
      [24, -21],
      [-10, -94],
      [15, -78],
      [-1, -48],
      [11, -45],
      [-25, -21],
      [-1, -70],
      [-12, -69],
      [17, -3],
      [32, -42],
      [7, -33],
      [-24, -16],
      [8, -57],
      [18, 5],
      [7, -49],
      [20, -52],
      [4, -35],
      [21, -25],
      [19, -60],
      [4, -44],
      [12, -8],
      [6, -59],
      [11, -5],
      [3, -63],
      [15, -18],
      [-4, -36],
      [34, -61],
      [7, -46],
      [-13, -33],
      [14, -14],
      [-5, -37],
      [24, -20],
      [18, -73],
      [29, -6],
      [-17, 34],
      [2, 39],
      [62, -9],
      [-26, -58],
      [23, -26],
      [5, -43],
      [-12, -34],
      [3, -38],
      [-28, 4],
      [-2, -32],
      [-27, -18],
      [19, -72],
      [-50, -54],
      [-63, 20],
      [-39, -36],
      [-20, -4],
      [-12, -153],
      [-23, -69],
      [30, -26],
      [-2, -26],
      [-29, -72],
      [4, -75],
      [-8, -30],
      [11, -27],
      [25, 2],
      [31, -33],
      [48, -18],
      [28, 9],
      [18, -29],
      [61, -13],
      [5, -22],
      [34, -34],
      [1, -107],
      [-16, -89],
      [13, -51],
      [-12, -37],
      [-7, -76],
      [-14, -40],
      [10, -63],
      [-19, -51],
      [-8, -54],
      [-19, -77],
      [5, -63],
      [23, -19],
      [-10, -41],
      [36, -69],
      [-14, -49],
      [1, -43],
      [-26, 11],
      [8, 43],
      [-47, 2],
      [-12, -108],
      [-52, -13],
      [-52, -26],
      [-38, -31],
      [-54, -61],
      [-52, -119],
      [9, -5],
      [26, -71],
      [27, -138],
      [-125, -72],
      [31, -101],
      [0, -61],
      [-16, -44],
      [-38, -62],
      [-47, -8],
      [-32, -38]
    ],
    [
      [61566, 44863],
      [50, -28],
      [100, -159],
      [56, -21],
      [37, -50],
      [82, -35],
      [26, -34],
      [20, -8],
      [23, 72],
      [14, 20],
      [25, -4],
      [34, 69],
      [35, 56],
      [38, -13],
      [16, 25],
      [58, 10],
      [26, -6],
      [27, 72],
      [66, 8],
      [14, -29],
      [48, -7],
      [41, -28],
      [-7, -47],
      [70, -145],
      [42, -44],
      [20, -77],
      [25, -10],
      [40, 6],
      [17, 19],
      [42, -66],
      [47, 2],
      [12, -33],
      [44, -29],
      [56, -27],
      [59, -15],
      [39, 6],
      [33, 15],
      [48, 42],
      [31, 17],
      [70, -25],
      [17, -29]
    ],
    [
      [63107, 44333],
      [57, 22],
      [54, 8],
      [23, 44],
      [31, 6],
      [47, -17],
      [31, 12],
      [62, -1],
      [31, -17],
      [27, 18],
      [42, -2],
      [35, -60],
      [73, -19],
      [24, -34],
      [30, -19],
      [74, 52],
      [87, 105],
      [44, 103],
      [64, 23],
      [18, 16],
      [100, 0],
      [90, 22],
      [36, -7],
      [21, 9],
      [44, -20],
      [39, 7],
      [62, -91],
      [28, -23],
      [25, -74],
      [59, -21],
      [16, 9],
      [108, 30],
      [40, 47],
      [28, -8],
      [49, 17],
      [72, 34],
      [121, 22],
      [44, 3],
      [42, 24],
      [55, 74],
      [62, 53],
      [59, -23],
      [143, -75]
    ],
    [
      [65304, 44582],
      [89, 159],
      [6, 237],
      [14, 25],
      [29, 165],
      [-9, 146],
      [-13, 64],
      [-53, 140],
      [-12, 71],
      [-27, -9],
      [-22, -35],
      [-20, 9],
      [-21, -20],
      [-28, 9],
      [-19, 27],
      [-24, 8],
      [-10, 34],
      [-62, 0],
      [-27, 11],
      [-30, -14],
      [-19, 7],
      [-12, 51],
      [-24, 16],
      [-25, 45],
      [-6, 36],
      [-38, -15],
      [-44, 41],
      [-15, 60],
      [-13, 4],
      [-34, 76],
      [-6, 39],
      [-36, 114],
      [-9, 100],
      [-34, 100],
      [-20, 9],
      [-5, 74],
      [-9, 12],
      [5, 55],
      [-19, 27],
      [-6, 37],
      [42, 103],
      [-5, 33],
      [17, 24],
      [5, 54],
      [-10, 66],
      [6, 62],
      [26, 36],
      [-1, 39],
      [15, 11],
      [-1, 44],
      [-16, 30],
      [9, 42],
      [34, 62],
      [-71, -22],
      [-32, 13],
      [-22, 75],
      [-42, 38],
      [-25, 45],
      [-4, 25],
      [22, 107],
      [-28, 25],
      [-34, 4],
      [-46, 25],
      [-2, 84],
      [26, 33],
      [-3, 53],
      [31, -35],
      [31, -4],
      [28, -65],
      [18, -17],
      [40, 17],
      [96, -60],
      [19, -54],
      [30, -26],
      [59, -33],
      [14, 31],
      [22, 131],
      [15, 69],
      [23, 49],
      [23, 25],
      [17, 53],
      [53, 21],
      [9, 79],
      [32, 33],
      [21, -32],
      [-1, -19],
      [40, -31],
      [45, 16],
      [15, -49],
      [28, 46],
      [14, -34],
      [42, -23],
      [-10, -44],
      [1, -39],
      [-21, -79],
      [55, -9],
      [23, -27],
      [-9, -30],
      [27, -101],
      [-9, -18],
      [53, -20],
      [20, 5],
      [12, -40],
      [-13, -31],
      [58, -19],
      [-6, -33],
      [21, -9],
      [51, -71],
      [59, 26],
      [37, 44],
      [24, 63],
      [60, 16],
      [26, 49],
      [42, 4],
      [32, -20],
      [48, 7],
      [59, 64],
      [48, -1],
      [-1, 27],
      [-17, 29],
      [-9, 48],
      [-1, 94],
      [-23, 32],
      [12, 31],
      [-15, 33],
      [5, 28],
      [-16, 10],
      [1, 31],
      [27, 84],
      [56, 138],
      [24, 23],
      [22, 85],
      [-14, 16],
      [3, 35],
      [37, 31],
      [26, 10],
      [41, -9],
      [12, 14],
      [64, -22],
      [17, 34],
      [39, 37],
      [-9, 73],
      [-16, 39],
      [-13, 62],
      [-17, 15],
      [-31, 107],
      [-21, 23],
      [-3, 34],
      [93, 85],
      [-24, 127],
      [26, 10],
      [163, 41],
      [63, 7],
      [28, 19],
      [33, -5],
      [31, 14],
      [48, -10],
      [52, 72],
      [44, 14],
      [3, 191],
      [-23, 75],
      [12, 100],
      [15, 24],
      [7, 50],
      [19, -11],
      [28, 88],
      [7, 41],
      [3, 92],
      [-17, 39],
      [14, 87],
      [36, 57],
      [47, 39],
      [26, 48],
      [15, 75],
      [-3, 49],
      [77, 92],
      [31, 29],
      [18, -1],
      [-24, 81],
      [-39, 51],
      [16, 43],
      [-13, 52],
      [0, 97],
      [14, 38],
      [47, 172],
      [-39, 46],
      [-56, 24],
      [-58, 4],
      [-53, -14],
      [-12, 44],
      [-28, 50],
      [-38, 31],
      [-34, 54],
      [12, 83],
      [-14, 11],
      [-26, -32],
      [-11, 7],
      [11, 43],
      [-32, 36],
      [-21, -10],
      [-2, 48],
      [22, 56],
      [-38, 34],
      [-16, -91],
      [-9, -24],
      [-57, -38],
      [-13, 36],
      [-23, -11],
      [-21, 26],
      [-33, -21],
      [-25, -50],
      [-44, -12],
      [-27, 48],
      [-31, -3],
      [-11, -48],
      [-31, 11],
      [-55, 0],
      [-20, -11],
      [-69, -168],
      [15, -10],
      [-26, -33],
      [6, -52],
      [-7, -59],
      [-36, -43],
      [-53, 7],
      [-64, -31],
      [-49, 33],
      [-18, -103],
      [-30, -11],
      [-21, -36],
      [7, -117],
      [-25, 17],
      [-61, 12],
      [-58, 62],
      [-45, 35],
      [-39, -1],
      [-31, 32],
      [-20, 55],
      [-6, 41],
      [-40, 34],
      [-18, 30],
      [-3, 78],
      [-88, 52],
      [-9, 18],
      [-49, 28],
      [-64, -7],
      [-51, -18],
      [-22, 18],
      [-28, 47],
      [-16, 51],
      [2, 99],
      [19, 60],
      [-7, 34],
      [25, 12],
      [-3, 75],
      [6, 35],
      [-10, 30],
      [-16, 3],
      [-57, -24],
      [-30, -2],
      [-23, 27],
      [-32, 14],
      [-43, -34],
      [3, 35],
      [-24, 66],
      [20, 149],
      [-21, 99],
      [-1, 73],
      [-11, 41],
      [-13, 9],
      [-8, 75],
      [21, 26],
      [-18, 37],
      [18, 13],
      [-5, 41],
      [23, 29],
      [4, 46],
      [-23, 29],
      [20, 37],
      [24, -11],
      [-2, 30],
      [19, 49],
      [-23, 17],
      [-7, 31],
      [17, 0],
      [-14, 48],
      [2, 59],
      [-16, 0],
      [-10, 42],
      [8, 27],
      [-24, 49],
      [-33, 37],
      [-19, -18],
      [-55, 54],
      [-14, 70],
      [-33, 33],
      [-24, -10],
      [-12, 16],
      [0, 36],
      [-44, 16],
      [-28, 29],
      [39, 146],
      [-2, 64],
      [-10, 19],
      [21, 31],
      [2, 27],
      [28, 38],
      [15, 47],
      [-29, 66],
      [-63, 10],
      [-20, -39],
      [-10, 9],
      [-43, -9],
      [-104, 34],
      [-20, -5],
      [-55, 93],
      [10, 57],
      [-4, 29],
      [-19, 26],
      [3, 77],
      [17, 53],
      [-8, 14],
      [-83, 53],
      [-14, -20],
      [-43, 26],
      [-20, 0],
      [-1, 75],
      [12, 60],
      [18, 33],
      [1, 41],
      [-12, 1],
      [-47, 54],
      [-17, 92],
      [-29, 67],
      [-4, 55],
      [-14, 25],
      [-12, 70],
      [-17, 24],
      [-21, 70],
      [-41, 54],
      [-16, 52],
      [8, 51],
      [-22, 49],
      [2, 58],
      [-20, 9],
      [23, 54],
      [20, 67],
      [11, 104],
      [15, 21],
      [2, 43],
      [-20, 2],
      [-41, 46],
      [-10, 29],
      [7, 25],
      [-34, 90],
      [-7, 41],
      [13, 12],
      [-6, 73],
      [-25, 2],
      [-36, 57],
      [41, 31],
      [-16, 43],
      [-43, 0],
      [8, 32],
      [-9, 26],
      [-49, 23],
      [16, 23],
      [5, 40],
      [55, 39],
      [43, 55],
      [22, -11],
      [17, -31],
      [59, -3],
      [1, 68],
      [26, 79],
      [28, 51],
      [35, -21],
      [3, 54],
      [26, 1],
      [11, 35],
      [-17, 3],
      [28, 85],
      [36, 11],
      [13, 67],
      [-26, -1],
      [12, 51],
      [40, 38],
      [-11, 15],
      [19, 109],
      [1, 30],
      [51, 8],
      [-5, -92],
      [5, -47],
      [15, -19],
      [41, 42],
      [35, 67],
      [46, -6],
      [7, 25],
      [-3, 47],
      [34, 48],
      [9, -16],
      [19, 47],
      [54, -31],
      [17, 35],
      [-1, 99],
      [18, 2],
      [6, 29],
      [18, 9],
      [69, -21],
      [0, 33],
      [86, 5],
      [13, 100],
      [-13, -3],
      [-16, 94],
      [-34, 61],
      [66, 52],
      [-4, 10],
      [71, 33],
      [66, -4],
      [22, 16],
      [61, 86],
      [32, 11],
      [61, -23],
      [75, 25],
      [56, 28],
      [54, 41],
      [54, 19],
      [-14, 125],
      [27, 24],
      [21, 48],
      [20, 24],
      [38, 4],
      [40, -12],
      [41, 25],
      [-8, 10],
      [30, 66],
      [20, 11],
      [47, -19],
      [20, 50],
      [69, 43],
      [24, 0],
      [23, 54],
      [-14, 106],
      [12, 80],
      [6, 114],
      [30, 0],
      [5, -27],
      [27, -14],
      [42, -3],
      [27, 11],
      [51, 122],
      [13, 14],
      [36, 105],
      [69, 90],
      [51, -9],
      [-21, 129],
      [-33, 65],
      [-15, 67],
      [3, 33],
      [39, 47],
      [49, 33],
      [38, 0],
      [22, -19],
      [49, 2],
      [32, 17],
      [5, 27],
      [56, 40],
      [10, 25],
      [10, 93],
      [21, 138],
      [45, 43],
      [14, 59],
      [83, 126],
      [37, 17],
      [0, 19]
    ],
    [
      [66662, 58880],
      [-85, 4],
      [-11, -11],
      [-31, 24],
      [-34, 53],
      [2, 10],
      [-43, 50],
      [-10, 40],
      [-101, 96],
      [-64, 65],
      [-32, 19],
      [-37, 44],
      [-11, 33],
      [-34, 41],
      [-20, 9],
      [-35, 46],
      [-57, 42],
      [-14, -74],
      [4, -44],
      [-21, -44],
      [-12, 8],
      [-37, -23],
      [-7, 70],
      [-36, 33],
      [-51, -31],
      [-25, -38],
      [-59, -6],
      [-15, -33],
      [4, -28],
      [-17, -42],
      [-23, -111],
      [64, 29],
      [16, -29],
      [-14, -55],
      [-31, -54],
      [-34, -24],
      [-45, 84],
      [-6, -49],
      [-27, -66],
      [-33, -20],
      [-23, 26],
      [-30, 56],
      [-3, 54],
      [14, 45],
      [0, 33],
      [27, 51],
      [-6, 43],
      [-43, -9],
      [-23, 24],
      [-34, 6],
      [-8, 15],
      [-32, -3],
      [-53, -21],
      [1, -30],
      [-48, 18],
      [-18, -50],
      [-23, 50],
      [-34, 22],
      [-19, -16],
      [-34, 23],
      [-42, 14],
      [-39, -37],
      [-12, -25],
      [-12, 69],
      [14, 67],
      [-18, 122],
      [-21, 39],
      [-98, 96],
      [-7, 27],
      [-68, 42],
      [-50, -2],
      [-36, -19],
      [-29, 2],
      [-42, 67],
      [-56, 28],
      [-27, -8],
      [-35, 17],
      [-48, -11],
      [-70, -30],
      [-39, 3],
      [-14, 69],
      [-4, 69],
      [-16, 31],
      [-53, 42],
      [-42, 11],
      [-19, 55],
      [-25, 52],
      [-8, 35],
      [-69, -3],
      [-80, -20],
      [-30, -18],
      [1, -47],
      [-48, 1],
      [-36, 95],
      [-36, -36],
      [-23, 108],
      [-53, 2],
      [-60, -12],
      [-26, 3],
      [-77, -60],
      [-45, 31],
      [-44, 57],
      [-27, 15],
      [28, 115],
      [-36, -16],
      [-102, 12],
      [-43, 13],
      [-17, 26],
      [-41, 18],
      [-36, -5],
      [-31, -25],
      [-7, -27],
      [-18, 4],
      [-31, 88],
      [-26, 33],
      [-1, 65],
      [-47, 24],
      [-48, -12],
      [0, -43],
      [-69, 43],
      [-53, 3],
      [-16, 16],
      [-62, 31],
      [-27, -1],
      [-43, 54],
      [-38, 25],
      [-28, 0],
      [-36, 21],
      [-29, -16],
      [-31, 28],
      [-67, -54],
      [-28, 5],
      [-36, -29],
      [-39, 5],
      [-44, -6],
      [-35, -49],
      [-41, -26],
      [-29, 3],
      [-33, 46],
      [-31, 8],
      [-92, -14],
      [-89, 6],
      [-28, 17],
      [-5, 27],
      [3, 81],
      [30, 58],
      [0, 100],
      [-72, 61],
      [-43, 12],
      [-24, 23],
      [-36, 80],
      [-4, 25],
      [-42, 49],
      [-12, 56],
      [-41, 57],
      [-19, -6]
    ],
    [
      [61937, 61185],
      [-24, -22],
      [-38, -89],
      [-6, -42],
      [-29, -47],
      [-15, -47],
      [-13, -10],
      [-38, -74],
      [2, -30],
      [-11, -64],
      [-26, -67],
      [5, -50],
      [-8, -30],
      [-38, -66],
      [-40, -31],
      [57, -157],
      [45, -109],
      [22, 5],
      [29, -47],
      [39, 93],
      [39, 21],
      [79, -68],
      [25, -9],
      [52, -54],
      [39, -54],
      [40, -8],
      [55, 21],
      [14, -20],
      [-63, -139],
      [-33, -32],
      [-18, -55],
      [-30, -52],
      [-13, 4],
      [-11, -36],
      [2, -39],
      [-25, -37],
      [-3, -25],
      [-40, -69],
      [-9, -27],
      [11, -36],
      [-9, -38],
      [19, -62],
      [-23, -4],
      [-32, 28],
      [-15, -26],
      [-79, -34],
      [-14, -57],
      [-16, -7],
      [2, -29],
      [-26, -97],
      [13, -16],
      [-63, 18],
      [-62, 52],
      [-19, 2],
      [-80, 43],
      [-32, -13],
      [-77, -15],
      [0, -25],
      [-27, -55],
      [-3, -112],
      [-10, -97],
      [-29, -174],
      [-1, -75],
      [29, -107],
      [-23, -47],
      [-48, -5],
      [-14, -64],
      [-3, -57],
      [16, -107],
      [1, -73],
      [31, -89],
      [39, -55],
      [24, 3],
      [40, -100],
      [18, -3],
      [2, -61],
      [-13, -44],
      [-1, -84],
      [-62, -100],
      [-11, -42],
      [-35, -57],
      [-16, -42],
      [-2, -51],
      [7, -50],
      [-29, -37],
      [25, -69],
      [21, -8],
      [25, -53],
      [-25, 0],
      [4, -48],
      [-20, -7],
      [21, -27],
      [9, -152],
      [-16, -99],
      [-28, -52],
      [-17, -83],
      [-36, -45],
      [-15, -44],
      [-25, -15],
      [-6, -23],
      [-50, -26],
      [-60, 8],
      [-20, 9],
      [-37, -45],
      [-28, -49],
      [-22, 19],
      [-32, -73],
      [-63, -42],
      [-103, -88],
      [-12, 22],
      [-4, -35],
      [-32, -1],
      [-22, -28],
      [-10, -40],
      [-23, -1],
      [-5, -46],
      [-33, -5],
      [15, -34],
      [56, -78],
      [-17, -10],
      [16, -65],
      [14, -12],
      [-19, -105],
      [-18, -7],
      [-10, -30],
      [-14, 1],
      [-29, -109],
      [21, -51],
      [16, -72],
      [-6, -42],
      [12, -57],
      [10, -8],
      [-1, -61],
      [15, -70],
      [19, -39],
      [4, -32],
      [58, 0],
      [31, -13],
      [-9, -15],
      [4, -42],
      [-8, -46],
      [36, -21],
      [29, 32],
      [8, 91],
      [14, -10],
      [106, 21],
      [60, -24],
      [24, 11],
      [20, -14],
      [22, 28],
      [34, -25],
      [-6, -30],
      [10, -69],
      [26, -114],
      [20, -34],
      [-4, -62],
      [-14, -40],
      [15, -49],
      [21, 11],
      [2, 30],
      [37, 39],
      [28, -66],
      [43, 8],
      [54, 38],
      [25, -1],
      [119, 29],
      [12, 9],
      [11, -40],
      [-4, -43],
      [-24, -71],
      [22, -97],
      [14, -24],
      [17, -94],
      [-19, -14],
      [-6, -105],
      [-19, -89],
      [17, -88],
      [15, -14],
      [2, -34],
      [-49, -42],
      [-19, -94],
      [-113, -64],
      [-1, -60],
      [39, -36],
      [-7, -59],
      [-23, -20],
      [-18, -67],
      [0, -32],
      [-11, -96],
      [23, -16],
      [39, -67],
      [-18, -49],
      [-19, 19],
      [-2, -32],
      [-39, -84],
      [12, -32],
      [3, -72],
      [36, -59],
      [-33, -97],
      [-3, -46],
      [-24, -39],
      [-39, -91],
      [-38, -61],
      [4, -26],
      [30, -54],
      [-55, -11],
      [14, -146],
      [-3, -68],
      [5, -93],
      [30, -88],
      [5, -78],
      [-4, -63],
      [16, -55],
      [18, -16],
      [12, -59],
      [-15, -45],
      [9, -34],
      [23, 19],
      [33, 1],
      [26, -16]
    ],
    [
      [59562, 52779],
      [30, -95],
      [-37, -13],
      [12, -61],
      [79, 10],
      [-2, -62],
      [69, -216],
      [-108, -5],
      [-46, -42],
      [39, -112],
      [32, -54],
      [-54, 4],
      [-26, 24],
      [-25, 3],
      [-4, -36],
      [23, -25],
      [19, -51],
      [3, -59],
      [36, -11],
      [12, -127],
      [-16, -58],
      [-110, 117],
      [-14, -176],
      [-69, -9],
      [-50, 15],
      [-29, -11],
      [-47, -1],
      [-25, 11],
      [-46, 1],
      [-44, -71],
      [-65, -49],
      [4, -11],
      [-10, -102],
      [15, -97],
      [52, -29],
      [5, -156],
      [36, -33],
      [107, -42],
      [34, -18],
      [28, -44],
      [34, 31],
      [11, -55],
      [44, 14],
      [53, 42],
      [68, 27],
      [39, -32],
      [30, 15],
      [5, -141],
      [36, -6],
      [66, 18],
      [7, 28],
      [38, 38],
      [89, 59],
      [73, 23],
      [42, 30],
      [17, -12],
      [121, 32],
      [121, 0],
      [45, 14],
      [61, 6],
      [2, 56],
      [51, 288],
      [40, -4],
      [10, 33],
      [85, -15],
      [24, 26],
      [41, 0],
      [3, 78],
      [-23, 77],
      [-2, 56],
      [-9, 26],
      [15, 171],
      [17, 54],
      [40, 50],
      [38, -189],
      [-2, -36],
      [35, -20],
      [41, 26],
      [33, 2],
      [12, -20],
      [25, -5],
      [42, 28],
      [28, 46],
      [53, 16],
      [44, -10],
      [41, 149],
      [83, 4],
      [18, -17],
      [131, 19],
      [44, -2],
      [25, 38],
      [21, 9],
      [20, 40],
      [59, 16],
      [23, 48],
      [-18, 69]
    ],
    [
      [61937, 61185],
      [-45, 76],
      [-17, 39],
      [-13, 90],
      [-17, 57],
      [-98, 8],
      [-29, 11],
      [-39, 57],
      [-16, 64],
      [-1, 50],
      [11, 36],
      [-64, 103],
      [-47, 44],
      [-17, 45],
      [-52, 37],
      [11, 48],
      [-12, 6],
      [48, 77],
      [-32, 24],
      [-22, 35],
      [12, 69],
      [46, 73],
      [79, 57],
      [32, 52],
      [54, 119],
      [43, 158],
      [10, 100],
      [-88, -53],
      [-49, 12],
      [-63, 56],
      [-21, 3],
      [-47, 41],
      [-55, 67],
      [-51, 104],
      [-66, 51],
      [-45, 15],
      [-88, 53],
      [-269, 309],
      [-16, 36],
      [-65, -25],
      [-53, -54],
      [-20, -3],
      [-17, 19],
      [40, 77],
      [29, 28],
      [5, 82],
      [51, 111],
      [-2, 42],
      [15, 40],
      [-5, 51],
      [5, 38],
      [-20, 66],
      [-53, 69],
      [-39, 25],
      [32, 197],
      [-14, 2],
      [-6, 124],
      [-11, 54],
      [16, 41],
      [9, 52],
      [-9, 105],
      [-15, 62],
      [-1, 75],
      [-44, 38],
      [-27, 2],
      [-48, 63],
      [-28, 11],
      [-25, -21],
      [-44, -20],
      [-23, 34],
      [-37, 36],
      [-84, 38],
      [-38, -9],
      [-49, 9],
      [-26, -10],
      [-36, 24],
      [-48, 12],
      [-47, -1],
      [-17, 25],
      [-66, 38],
      [-56, 0],
      [-89, 16],
      [-66, -5],
      [-83, 29],
      [-41, 7],
      [-48, -19],
      [-48, 8],
      [-81, -228],
      [-24, -140],
      [-38, 9],
      [-12, 38],
      [-24, 18],
      [-36, 54],
      [-49, 43],
      [-38, 19],
      [-67, 50],
      [-81, 12],
      [-43, 43],
      [-9, -47],
      [-49, -80],
      [-6, -82],
      [-29, -48],
      [-9, -51],
      [-12, 44],
      [37, 76],
      [-2, 25],
      [-59, 30],
      [-37, 45],
      [-90, 22],
      [-38, -6],
      [-29, 12],
      [-34, -17],
      [-24, -36],
      [-105, -11],
      [-34, 71],
      [-15, 16],
      [-33, 66],
      [-51, 22],
      [-19, -5],
      [-58, 8],
      [-46, -1],
      [-70, -18],
      [-29, 9],
      [6, 75],
      [-22, 56],
      [0, 67],
      [-13, 6],
      [-35, 87],
      [-36, 29],
      [2, 59],
      [-46, 93],
      [-16, 48],
      [-2, 65],
      [-15, 68],
      [-3, 132],
      [-32, 121],
      [-66, 151],
      [-111, 183],
      [-100, 71],
      [-55, 90],
      [-24, 30],
      [-52, 49],
      [-44, 17],
      [-43, 32],
      [-54, 21],
      [-56, 59]
    ],
    [
      [57498, 66568],
      [-27, -24],
      [-54, -26],
      [-55, -12],
      [-31, 8],
      [-39, -17],
      [-70, 10],
      [-69, -23],
      [-71, 12],
      [-71, -8],
      [-153, -1],
      [-63, -22],
      [-27, -19],
      [-29, 2],
      [-78, -9],
      [-102, -39],
      [-90, -22],
      [-116, 3],
      [-98, -47]
    ],
    [
      [56255, 66334],
      [22, -87],
      [3, -96],
      [22, -57],
      [-24, -35],
      [-47, -96],
      [-6, -104],
      [5, -54],
      [82, -161],
      [9, -28],
      [-2, -60],
      [-19, -49],
      [77, -149],
      [25, -22],
      [8, -47],
      [-8, -59],
      [-26, -42],
      [-10, -71],
      [10, -20],
      [14, -74],
      [28, -24],
      [11, -44],
      [25, -58],
      [3, -52],
      [-7, -46],
      [-21, -22],
      [-12, -50],
      [9, -95]
    ],
    [
      [56426, 64632],
      [30, -50],
      [-6, -29],
      [58, -86],
      [16, -41],
      [13, -3],
      [40, -115],
      [56, -95],
      [18, -90],
      [28, -54],
      [5, -35],
      [28, -54],
      [14, -9],
      [6, -92],
      [21, -82],
      [17, -19],
      [13, -43],
      [-21, -32],
      [-47, -36],
      [-3, -34],
      [31, -47],
      [14, 10],
      [15, -23],
      [-10, -131],
      [57, -65],
      [1, -49],
      [-14, -82],
      [-27, -73],
      [-25, 12],
      [-48, -23],
      [-32, 2],
      [-19, -17],
      [-16, -92],
      [24, -36],
      [7, -43],
      [-15, -25],
      [26, -34],
      [-10, -25],
      [14, -68],
      [-4, -40],
      [-59, -111],
      [-52, 10],
      [-41, -67],
      [-9, -44],
      [-21, -59],
      [4, -36],
      [-10, -134],
      [-57, -85],
      [-33, -63],
      [7, -26],
      [30, -27],
      [22, 7],
      [57, -26],
      [85, 50],
      [31, -62],
      [28, 10],
      [63, -46],
      [16, -26],
      [19, 10],
      [74, -20],
      [83, -115],
      [-17, -23],
      [7, -32],
      [-21, -52],
      [4, -51],
      [45, -13],
      [26, -36],
      [70, -51],
      [15, -2],
      [20, 28],
      [18, 1],
      [45, -49],
      [23, -75],
      [14, -20],
      [90, -30],
      [28, 10],
      [60, -123],
      [14, -69],
      [-25, -70],
      [4, -44],
      [-11, -68],
      [15, -35],
      [27, -18],
      [19, -29],
      [1, -46],
      [14, -40],
      [7, -56],
      [-12, -15],
      [7, -28],
      [-45, -37],
      [-58, -85],
      [-4, -19],
      [-32, -24],
      [-22, -54],
      [28, -47],
      [29, -27],
      [-13, -28],
      [23, -36],
      [-14, -71],
      [31, -43],
      [-39, -3],
      [3, -25],
      [30, -34],
      [-22, -4],
      [-44, 28],
      [-8, -15],
      [-38, 16],
      [5, -29],
      [-10, -38],
      [-23, -20],
      [6, -70],
      [-26, -68],
      [-16, -19],
      [-7, -37],
      [6, -48],
      [-9, -43],
      [0, -64],
      [-16, -73],
      [5, -36],
      [-10, -40],
      [7, -47],
      [-2, -117],
      [35, -137],
      [-52, -31],
      [14, -64],
      [28, 40],
      [43, -39],
      [49, -209],
      [52, 45],
      [-3, -67],
      [40, -26],
      [21, -59],
      [30, -41],
      [-8, -58],
      [39, -44],
      [15, -33],
      [-29, -18],
      [-31, 16],
      [-65, 3],
      [-35, 23],
      [-23, -41],
      [-64, -77],
      [-29, -101],
      [-45, 52],
      [-52, -157],
      [-41, -24]
    ],
    [
      [57009, 58584],
      [29, -51],
      [6, -49],
      [20, -50],
      [-22, -82],
      [-24, -46],
      [-14, -56],
      [-23, -54],
      [-3, -83],
      [25, -107],
      [-26, -33],
      [13, -2],
      [11, -70],
      [12, -12],
      [5, -55],
      [65, 6],
      [25, 24],
      [36, -75],
      [32, -42],
      [16, -41],
      [1, -42]
    ],
    [
      [57193, 57664],
      [-8, -77],
      [20, -72],
      [74, -56],
      [98, -5],
      [-1, -15],
      [58, -8],
      [2, 22],
      [82, -12],
      [13, -27],
      [9, -73],
      [20, -65],
      [38, -212],
      [23, -58],
      [128, -9],
      [38, 8],
      [19, -136],
      [26, -48],
      [123, -132],
      [14, -46],
      [13, -5],
      [19, -59],
      [38, 15],
      [-2, -38],
      [91, 0],
      [23, -234],
      [422, -23],
      [59, -18],
      [3, 110],
      [-33, 123],
      [5, 0],
      [-76, 468],
      [21, -1],
      [11, 52],
      [19, -11],
      [11, 64],
      [78, -20],
      [4, -92],
      [31, -42],
      [67, -40],
      [7, 30],
      [28, 24],
      [84, -42],
      [-14, -67],
      [50, -41],
      [14, 5],
      [22, 56],
      [69, -8],
      [83, -54],
      [124, -34],
      [-17, 50],
      [6, 69],
      [35, 154],
      [2, 113],
      [23, 157],
      [49, 2],
      [7, 30],
      [2, 91],
      [23, 5],
      [85, -36],
      [37, 17],
      [91, -23],
      [40, 179],
      [423, 27],
      [-6, -70],
      [-21, -102],
      [-75, 7],
      [-31, 31],
      [-137, -34],
      [-8, -25],
      [13, -65],
      [-27, -14],
      [2, -30],
      [-24, 4],
      [-16, -32],
      [8, -18],
      [67, -75],
      [-29, -33],
      [87, -25],
      [-14, 51],
      [122, -63],
      [80, -79],
      [15, -31],
      [-48, -159],
      [-24, -39],
      [-21, -53],
      [0, -35],
      [-50, -58],
      [-20, -56],
      [-13, -5],
      [-13, -54],
      [-20, -2],
      [-44, -58],
      [-11, -29],
      [-34, -29],
      [-45, 8],
      [-30, -49],
      [-24, -3],
      [-122, -68],
      [-13, 2],
      [-91, -132],
      [58, -4],
      [21, -26],
      [1, -31],
      [44, -92],
      [-4, -31],
      [34, -55],
      [30, 0],
      [-3, -43],
      [24, -7],
      [-5, -27],
      [10, -49],
      [-26, -5],
      [-20, -26],
      [-10, -128],
      [36, -52],
      [9, -42],
      [2, -105],
      [37, -255],
      [9, -40],
      [-17, -29],
      [-11, -49],
      [-11, -10],
      [-32, -90],
      [-47, -63],
      [-9, -28],
      [-4, -89],
      [-17, -18],
      [15, -123],
      [48, -39],
      [30, -56],
      [8, -128],
      [-14, -14],
      [-48, 5],
      [-12, -18],
      [-3, -44],
      [16, -37],
      [-28, -63],
      [-19, -121],
      [-2, -86],
      [12, -14],
      [-17, -123],
      [73, -13],
      [75, -108],
      [31, 106],
      [64, 6],
      [-4, -80],
      [5, -66],
      [14, -44],
      [-2, -30],
      [21, -56],
      [18, -90],
      [-21, -63],
      [4, -69],
      [-7, -76],
      [3, -52],
      [17, -52],
      [75, -119],
      [58, -153],
      [-44, -25],
      [-27, -5],
      [-30, -23],
      [-72, -77],
      [-108, -50],
      [-61, 11],
      [-34, -12]
    ],
    [
      [57193, 57664],
      [-58, -11],
      [-54, 22],
      [-44, 56],
      [-29, 15],
      [-12, -55],
      [-20, 2],
      [-14, -30],
      [21, -86],
      [30, -44],
      [25, -22],
      [-1, -48],
      [31, -46],
      [29, 22],
      [20, -35],
      [-6, -57],
      [20, -39],
      [4, -29],
      [-8, -65],
      [6, -7],
      [6, -77],
      [-3, -120],
      [-7, -64],
      [-19, -102],
      [-3, -51],
      [15, -63],
      [24, -59],
      [35, -52],
      [84, -93],
      [32, -31],
      [-9, -102],
      [24, -22],
      [20, 10],
      [-7, -29],
      [6, -42],
      [14, -14],
      [-12, -97],
      [-62, 30],
      [-3, -102],
      [-68, 1],
      [-15, -75],
      [5, -86],
      [-6, -78],
      [5, -47],
      [68, -91],
      [-32, -87],
      [-28, -38],
      [-37, -145],
      [-21, -36],
      [0, -27],
      [-34, -68],
      [-4, -29],
      [-30, -37],
      [0, -53],
      [16, -52],
      [-18, -75],
      [-40, -50],
      [-6, -26],
      [10, -91],
      [-16, -58],
      [-24, -141],
      [15, -99],
      [-8, -55],
      [17, -90],
      [2, -41],
      [-10, -73],
      [11, -63],
      [20, 6],
      [7, -42],
      [4, -112],
      [-5, -84],
      [17, -133],
      [-28, -189],
      [-13, -13],
      [22, -62],
      [8, -64],
      [0, -87],
      [-41, -164],
      [-36, -22]
    ],
    [
      [56975, 53351],
      [80, -37],
      [27, -5],
      [-25, -81],
      [-42, -66],
      [-47, -108],
      [-10, -43],
      [-30, -62],
      [3, -49],
      [62, 22],
      [26, 38],
      [42, 30],
      [10, 23],
      [46, 35],
      [66, 21],
      [80, -7],
      [44, -18],
      [-6, -36],
      [-25, -4],
      [-12, -44],
      [-2, -47],
      [35, -55],
      [-7, -90],
      [35, -20],
      [6, 12],
      [59, 50],
      [19, 32],
      [47, 32],
      [44, 45],
      [-6, -113],
      [5, -44],
      [65, 65],
      [17, 7],
      [43, 96],
      [-13, 15],
      [-34, 109],
      [7, 41],
      [45, 55],
      [28, 8],
      [103, 6],
      [50, 24],
      [47, 55],
      [22, 39],
      [11, 84],
      [12, 14],
      [68, 10],
      [23, -11],
      [9, 41],
      [25, 20],
      [58, 72],
      [23, 61],
      [36, -6],
      [10, -22],
      [33, -7],
      [21, -31],
      [41, -30],
      [-7, -116],
      [20, -159],
      [30, -130],
      [28, -75],
      [-5, -47],
      [56, 6],
      [35, 27],
      [61, -20],
      [87, -17],
      [72, -20],
      [87, -43],
      [93, 6],
      [21, 16],
      [105, 39],
      [68, -6],
      [108, 16],
      [34, -20],
      [47, -11],
      [39, 3],
      [32, -12],
      [48, -39],
      [53, -21],
      [19, -43],
      [65, -65],
      [43, -22],
      [74, 55]
    ],
    [
      [53010, 63018],
      [-72, -31],
      [-40, -25],
      [-25, 99],
      [9, 33],
      [-67, 26],
      [-20, -1],
      [-28, 33],
      [-60, 15],
      [-14, 46],
      [4, 81],
      [-8, 38],
      [-52, 184],
      [-38, 83],
      [-20, 28],
      [-18, 63],
      [-40, 95],
      [-46, -11],
      [-39, -51],
      [-14, -62],
      [12, -26],
      [-10, -98],
      [12, -68],
      [-26, -68],
      [2, -72],
      [16, -59],
      [-2, -56],
      [-13, -65],
      [-68, 55],
      [-18, 7],
      [-25, -17],
      [-29, 7],
      [-40, -23],
      [-42, -49],
      [8, -112],
      [18, -66],
      [10, -9],
      [16, -92],
      [-6, -47],
      [-29, -89],
      [23, -126],
      [-7, -20],
      [-1, -115],
      [9, -65],
      [-4, -93],
      [-13, -35],
      [2, -53],
      [-27, -91],
      [-12, -79],
      [7, -16],
      [2, -96],
      [11, -20],
      [-11, -54],
      [10, -11],
      [-2, -82],
      [19, -30],
      [17, -58],
      [-48, -119],
      [-28, -58],
      [-15, 0],
      [-36, -118],
      [-27, -8],
      [27, -120],
      [29, -68],
      [9, -69],
      [-31, -55],
      [-25, -14],
      [49, -75],
      [88, -7],
      [4, -48],
      [28, -58],
      [-5, -50],
      [-17, 25],
      [-36, 30],
      [-22, -15],
      [-45, 52],
      [-50, -59],
      [-28, -13],
      [-15, -36],
      [-3, -54],
      [-32, -27],
      [-28, 56],
      [-44, -42]
    ],
    [
      [51930, 60720],
      [18, -189],
      [14, -69],
      [24, -37],
      [14, -43],
      [0, -36],
      [27, -87],
      [30, -61],
      [45, -117],
      [42, -97],
      [3, -44],
      [113, -109],
      [34, -43],
      [42, -66],
      [23, -72],
      [-15, -93],
      [-9, -23],
      [-55, -17],
      [74, -178],
      [9, -34],
      [33, -53],
      [15, -64],
      [97, -235],
      [43, -86],
      [77, -198],
      [44, -102],
      [23, -46],
      [53, -136],
      [93, -201],
      [28, -79],
      [42, -62],
      [36, -70],
      [40, -47],
      [49, -81],
      [28, -33],
      [40, -82],
      [58, -85],
      [51, -60],
      [45, -31],
      [30, -43],
      [178, -141],
      [26, 39],
      [102, -202],
      [65, -73],
      [46, -72],
      [48, -105],
      [83, -216],
      [56, -102],
      [-8, -12],
      [59, -128],
      [30, -53],
      [59, -18],
      [65, -48],
      [59, -23],
      [98, -30],
      [78, -11],
      [108, -56],
      [66, 23],
      [154, -27],
      [115, -95],
      [0, -86],
      [60, -69],
      [14, 15],
      [55, -10],
      [51, -28],
      [128, -3],
      [62, 37],
      [50, 21],
      [33, 40],
      [143, 40],
      [72, -2],
      [105, -31],
      [20, -18],
      [38, -13],
      [35, -46],
      [61, -41],
      [52, -13],
      [-6, 108],
      [13, 209],
      [-55, 36],
      [1, 14],
      [46, 28],
      [32, 371],
      [8, 7],
      [-10, 118],
      [81, -2],
      [27, -19],
      [21, 129],
      [58, -33],
      [-7, 21],
      [11, 47],
      [8, 93],
      [27, 21],
      [15, 135],
      [20, 104],
      [6, 91],
      [14, 70],
      [23, -2],
      [12, -23],
      [61, -4],
      [19, 99],
      [-30, 34],
      [-34, 68],
      [-15, 59],
      [-30, 18],
      [-14, 50],
      [25, 76],
      [-28, 27],
      [8, 184],
      [-16, 15],
      [-6, 61],
      [-21, -6],
      [-7, 76],
      [-2, 74],
      [-19, 60],
      [-15, 17],
      [-18, 54],
      [-15, 16],
      [-8, 40],
      [9, 41],
      [27, 14],
      [53, -35],
      [43, -39],
      [59, 125],
      [15, 21],
      [118, 141],
      [52, 48],
      [41, -16],
      [6, 52],
      [21, 30],
      [9, -7],
      [-2, 79],
      [25, 34],
      [39, 33],
      [33, -106],
      [14, 9],
      [20, 89],
      [20, 8],
      [13, -25],
      [52, 4],
      [71, -28],
      [10, -71],
      [11, -16],
      [16, 59],
      [28, 55],
      [23, -29],
      [10, -51],
      [40, -68],
      [27, -92],
      [31, 46],
      [5, 25],
      [22, 3],
      [-8, -36],
      [13, -67],
      [25, -33],
      [29, 17],
      [17, -79],
      [20, -38],
      [18, -8]
    ],
    [
      [56426, 64632],
      [-30, 27],
      [-53, -17],
      [-31, -38],
      [-39, -8],
      [-66, 0],
      [-82, -40],
      [-53, 20],
      [-62, -3],
      [-22, -17],
      [-26, 22],
      [-93, 40],
      [-31, 26],
      [-28, 2],
      [-57, 31],
      [-41, 36],
      [-80, 12],
      [-40, -15],
      [-61, 17],
      [-28, -32],
      [-127, -98],
      [-51, -10],
      [-14, 42],
      [-22, 3],
      [-11, -59],
      [-60, -119],
      [-12, -94],
      [-35, -33],
      [-49, -66],
      [-31, -127],
      [-28, -29],
      [-7, -24],
      [-30, -27],
      [-31, 6],
      [-56, -8],
      [15, -179],
      [-2, -50],
      [-18, -78],
      [-3, -60],
      [-20, -16],
      [-49, -10],
      [-16, -98],
      [-17, -74],
      [73, -14],
      [46, 60],
      [44, -133],
      [12, -13],
      [-13, -60],
      [2, -65],
      [16, -20],
      [21, 5],
      [85, -23],
      [85, -48],
      [9, -71],
      [-2, -68],
      [33, -4],
      [17, -39],
      [14, 14],
      [-1, -98],
      [-25, -53],
      [-66, -43],
      [-34, -39],
      [-52, -3],
      [-36, -26],
      [-47, 17],
      [-22, -24],
      [1, -69],
      [-40, 51],
      [-53, 37],
      [-20, -21],
      [-29, 24],
      [-78, -28],
      [-42, -45],
      [-38, -80],
      [-11, -84],
      [12, -57],
      [-10, -43],
      [19, -64],
      [-2, -46],
      [-29, -48],
      [1, -35],
      [24, -66],
      [-15, -66],
      [-26, -13],
      [-51, -59],
      [-33, -23],
      [-21, 52],
      [-42, 26],
      [-13, -12],
      [-2, -38],
      [-29, 5],
      [-21, 23],
      [-29, -39],
      [-70, 37],
      [-5, -7],
      [0, -98],
      [-33, -20],
      [-25, -50],
      [-28, -19],
      [-20, -70],
      [1, -64],
      [-13, -38],
      [-49, -41],
      [16, -82],
      [-10, -72],
      [12, -29],
      [-5, -52],
      [-21, -41],
      [-34, 37],
      [-44, 9],
      [-25, -18],
      [-75, -6],
      [-42, 19],
      [-27, 23],
      [-28, 72],
      [-14, 123],
      [-20, 56],
      [-14, 84],
      [6, 103],
      [-4, 46],
      [-14, 43],
      [-7, 74],
      [-40, 49],
      [2, 122],
      [20, 49],
      [1, 46],
      [-37, 53],
      [-64, 113],
      [-5, 52],
      [9, 48],
      [-15, 105],
      [-49, -34],
      [-18, -26],
      [-25, -62],
      [-38, -7],
      [-34, 6],
      [-46, -50],
      [4, -22],
      [-37, -13],
      [-43, 39],
      [-14, 52],
      [-8, 80],
      [-27, 63],
      [-18, 6],
      [-42, 54],
      [-36, -6],
      [-50, 20],
      [-63, 49],
      [-25, 35],
      [-81, 135],
      [-30, 22]
    ],
    [
      [51930, 60720],
      [-1, 132],
      [-7, 43],
      [8, 50],
      [-8, 93],
      [-26, 82],
      [-44, 43],
      [-87, 125],
      [-23, 20],
      [-43, 75],
      [-110, 181],
      [-22, 110],
      [3, 82],
      [10, 87],
      [-17, 1],
      [-108, 40],
      [-73, -6],
      [-8, -15],
      [-21, 30],
      [1, 38],
      [15, 79],
      [-4, 24],
      [-27, 42],
      [-68, 16],
      [-26, 62],
      [-31, 2],
      [-56, 60],
      [-13, 70],
      [-39, 52],
      [-47, 18],
      [-10, -7],
      [-39, 21],
      [-30, 2],
      [-29, -32],
      [-19, -38],
      [-43, 102],
      [-27, 51],
      [-30, 10],
      [-25, 47],
      [-14, -5],
      [-10, 45],
      [-30, 83],
      [-36, 29],
      [-39, 51]
    ],
    [
      [50677, 62715],
      [-43, -10],
      [-30, -51],
      [-36, 3],
      [-53, -16],
      [-67, -53],
      [-12, -43],
      [18, -24],
      [-57, -63],
      [-13, 5],
      [-8, -109],
      [-70, -40],
      [-47, -7],
      [-55, -47],
      [-20, 18],
      [-6, -63],
      [13, -61],
      [-23, -101],
      [-41, -92],
      [-36, -30],
      [-30, -56],
      [-18, -109],
      [-3, -62],
      [6, -47],
      [31, -131],
      [-5, -45],
      [10, -95],
      [21, -49],
      [3, -105],
      [-34, -55],
      [-51, -135],
      [-61, -63],
      [-5, -21],
      [-82, -19],
      [-66, 32],
      [-18, 1],
      [-58, -102],
      [-23, -162],
      [-76, 14],
      [0, -86],
      [-5, -88],
      [-13, -66],
      [-28, -48],
      [-36, -10],
      [-42, -34],
      [-19, -76],
      [24, -80],
      [9, -53],
      [-8, -61],
      [-4, -96],
      [18, -54],
      [52, -91],
      [4, -105],
      [-44, -127],
      [-25, -117],
      [-25, -71],
      [-50, -20],
      [-12, -69],
      [19, -66],
      [40, -34],
      [29, -123],
      [-36, -123],
      [-109, -82],
      [-110, 19],
      [-36, -7],
      [-115, -54],
      [-50, -20],
      [-55, 2],
      [-9, 16],
      [19, 42],
      [0, 104],
      [-51, 87],
      [-36, -35],
      [-31, 2],
      [-61, -20],
      [-71, 1],
      [-10, -41],
      [15, -60],
      [-5, -109],
      [79, -90],
      [26, -58],
      [0, -47],
      [44, -59],
      [9, -73],
      [-17, -83],
      [-47, -116],
      [-48, -41],
      [-97, -44],
      [-73, 51],
      [-95, 8],
      [-39, 85],
      [-23, 72],
      [-43, -25],
      [3, -39],
      [-62, -49],
      [-37, -11],
      [-43, -51],
      [-56, -5],
      [-122, -133],
      [-51, -52],
      [-6, -21],
      [-54, -55],
      [-24, -1],
      [-24, -66],
      [-27, -15],
      [7, -47],
      [-12, -19],
      [6, -38],
      [35, -43],
      [1, -69],
      [-18, -117],
      [-3, -63],
      [-12, -87],
      [-65, 79],
      [-77, 52],
      [-75, 4],
      [-75, 18],
      [-148, 83],
      [-16, 24],
      [-46, 30],
      [-37, -11],
      [-108, 49],
      [-31, -1],
      [-77, -26],
      [-25, 6],
      [-29, -22],
      [-11, -30],
      [-11, -76],
      [-20, -28],
      [12, -105],
      [61, -62],
      [45, -54],
      [68, -140],
      [40, -119],
      [3, -49],
      [-8, -81],
      [-48, -48],
      [-6, -36],
      [-33, -66],
      [-11, -49],
      [3, -56],
      [-8, -103],
      [-13, -71],
      [-23, -47],
      [-11, 43],
      [-52, -23],
      [-111, -33],
      [-12, -23],
      [17, -108],
      [-48, -3],
      [-19, -12],
      [-28, -57],
      [-33, -148],
      [-7, -85]
    ],
    [
      [47597, 54047],
      [-5, -72],
      [18, -94],
      [-9, -164],
      [0, -131],
      [8, -42],
      [15, -13],
      [1, -43],
      [-20, 32],
      [-14, -41],
      [21, -23],
      [12, -61],
      [90, -1],
      [45, -40],
      [42, -7],
      [29, -29],
      [81, -59],
      [22, -34],
      [27, -14],
      [31, -36],
      [23, -78],
      [4, -45],
      [32, -39],
      [27, -51],
      [34, -173],
      [-8, -45],
      [106, -142],
      [80, -68],
      [30, 24],
      [76, 33],
      [33, 23],
      [54, -2],
      [54, -17],
      [22, 2],
      [29, 24],
      [3, -34],
      [42, -3],
      [35, -18],
      [38, 9],
      [14, -9],
      [235, 168],
      [57, 31],
      [211, 165],
      [101, 75],
      [133, 93],
      [68, -25],
      [25, 15],
      [85, 11],
      [6, 30],
      [47, 88],
      [47, 55],
      [55, 16],
      [25, 18],
      [23, -12],
      [42, 26],
      [7, -29],
      [19, -13],
      [67, -105],
      [11, 34],
      [25, 3],
      [20, -63],
      [71, -19],
      [45, 68],
      [53, 31],
      [95, -56],
      [24, 38],
      [21, 4],
      [19, 28],
      [19, -8],
      [35, 27],
      [36, 49],
      [3, -12],
      [46, -12],
      [31, 41],
      [30, 14],
      [42, -15],
      [-41, -51],
      [25, -51]
    ],
    [
      [50582, 53223],
      [27, 50],
      [24, 16],
      [28, -12],
      [-1, -31],
      [25, -18],
      [31, 17],
      [26, 37],
      [11, -32],
      [-32, -103],
      [15, 1],
      [77, 77],
      [24, -7],
      [-5, -33],
      [-35, -108],
      [-59, -107],
      [-24, -72],
      [14, -8],
      [50, 24],
      [37, -28],
      [0, 44],
      [19, -12],
      [41, 22],
      [3, -43],
      [14, -27],
      [1, 45],
      [27, 24],
      [17, -18],
      [18, 8],
      [66, 88],
      [16, -14],
      [24, 6],
      [18, 24],
      [40, 5],
      [8, -33],
      [59, 2],
      [17, 17],
      [38, 10],
      [70, -31],
      [80, 40],
      [40, 83],
      [57, 29],
      [60, 43],
      [22, 8],
      [19, -21],
      [34, 3],
      [63, 70],
      [-12, -22],
      [-63, -60],
      [-41, 25],
      [-24, -9],
      [-59, -42],
      [-54, -27],
      [-42, -83],
      [-66, -27],
      [-17, -16],
      [-77, 34],
      [-35, -23],
      [52, 0],
      [13, -29],
      [57, -75],
      [-4, -20],
      [72, 6],
      [57, 50],
      [47, 10],
      [18, 14],
      [43, 1],
      [34, 13],
      [80, 74],
      [76, 131],
      [53, 154],
      [35, -64],
      [35, -40],
      [1, -48],
      [-40, -67],
      [-4, -41],
      [21, -46],
      [2, -32],
      [-13, -48],
      [14, -24],
      [7, -46],
      [57, -41],
      [22, 21],
      [6, -56],
      [66, -54],
      [59, -28],
      [39, 0],
      [79, -50],
      [66, -16],
      [71, -50],
      [67, -87],
      [56, -14],
      [67, 9],
      [72, -9],
      [59, -15],
      [55, -26],
      [7, -28],
      [81, -64],
      [62, 41],
      [31, 32],
      [45, 16],
      [58, 42],
      [27, 4],
      [41, 26],
      [23, -3],
      [48, 27],
      [35, 9],
      [26, 18],
      [167, 160],
      [72, 47],
      [75, 94],
      [38, -44],
      [22, -9],
      [64, -47],
      [85, -75],
      [63, -62],
      [-41, -32],
      [-4, -46],
      [5, -71],
      [-4, -30],
      [13, -30],
      [9, -56],
      [19, -24],
      [47, 43],
      [39, -67],
      [29, -73],
      [11, -11]
    ],
    [
      [53886, 52252],
      [20, 18],
      [58, -10],
      [26, -13],
      [59, -5],
      [0, 16],
      [31, 4],
      [16, -13],
      [80, 25],
      [42, 53],
      [61, 6],
      [49, 47],
      [58, 19],
      [70, 53],
      [82, 42],
      [39, 6],
      [82, -20],
      [97, 10],
      [150, 32],
      [17, -1],
      [58, 31],
      [95, 171],
      [46, 102],
      [62, -35],
      [57, -50],
      [40, 62],
      [7, 38],
      [55, 78],
      [64, 77],
      [18, 27],
      [50, 39],
      [-6, -98],
      [20, -81],
      [52, -48],
      [29, -12],
      [80, 11],
      [12, -28],
      [-23, -17],
      [-26, -42],
      [-44, -34],
      [15, -12],
      [-18, -34],
      [-28, -21],
      [-4, -30],
      [-49, -34],
      [12, -20],
      [63, -59],
      [31, -36],
      [41, -88],
      [82, 23],
      [22, -43],
      [35, -14],
      [36, 22],
      [71, 28],
      [36, 116],
      [4, 26],
      [30, 20],
      [47, 5],
      [66, 25],
      [19, -66],
      [10, 16],
      [55, -13],
      [34, -26],
      [-3, 116],
      [20, 59],
      [32, -56],
      [23, -6],
      [48, 35],
      [5, -63],
      [32, -30],
      [-4, -15],
      [34, -31],
      [21, 39],
      [41, 24],
      [55, -20],
      [58, 12],
      [45, -11],
      [18, -32],
      [32, 31],
      [71, 48],
      [12, 185],
      [15, 17],
      [-14, 86],
      [-5, 71],
      [35, 14],
      [-7, 26],
      [-22, 11],
      [17, 28],
      [41, 28],
      [40, 58],
      [9, 28],
      [94, 119],
      [20, 51],
      [33, 32]
    ],
    [
      [46749, 68614],
      [-51, 8],
      [-73, -24],
      [-109, 21],
      [-88, 58],
      [-29, 10],
      [-38, -8],
      [-34, 8],
      [-19, -34],
      [-25, -10],
      [-47, 13],
      [-46, -15],
      [-45, -4],
      [-10, -28],
      [-53, -33],
      [-56, -7],
      [-37, -19],
      [-60, 25],
      [-6, 11],
      [-52, -2],
      [-49, -26],
      [-25, -27],
      [-12, -42],
      [-21, -37],
      [-77, 20],
      [-39, 2],
      [-26, 20],
      [-68, 71],
      [-26, 34],
      [-30, 134],
      [-61, 45],
      [-40, 51],
      [-55, 57],
      [-96, -5],
      [-68, 14],
      [-37, 24],
      [-68, 16],
      [-48, -71],
      [-53, -45],
      [-53, 23],
      [-60, -3],
      [-53, 35],
      [-38, -11],
      [-117, -20],
      [-42, -64],
      [-50, -32],
      [-43, 22],
      [-59, 48],
      [-50, -14],
      [-73, 41],
      [-33, -11],
      [-27, 21],
      [-43, -25],
      [-51, 29],
      [-17, 32],
      [-16, 1],
      [-88, 59],
      [-56, 26],
      [-14, 18],
      [-48, -9],
      [-64, 109],
      [-13, 61],
      [-29, 41],
      [-20, 47],
      [-20, 24],
      [-21, -12],
      [-131, -121],
      [-77, -16],
      [-45, 56],
      [-17, 3],
      [-15, 94],
      [-39, 71],
      [-39, 55],
      [-15, 39],
      [-21, 18],
      [-37, -25],
      [-117, -16],
      [-50, -58],
      [-21, -11],
      [-31, -87],
      [-22, -29],
      [-3, -71],
      [-18, -83],
      [27, -76],
      [-8, -148],
      [-13, -47],
      [-38, -23],
      [-37, -55],
      [-73, -13],
      [-30, -18],
      [-25, -36],
      [-9, -68],
      [-30, -47],
      [-32, 18],
      [-40, -2],
      [-38, 73],
      [-18, 55],
      [0, 36],
      [-32, 80],
      [-42, 18],
      [-32, 85],
      [-14, 58],
      [-18, 178],
      [0, 68],
      [-24, 57],
      [-26, 94],
      [-17, 167],
      [-16, 36],
      [-50, 33],
      [-33, 13],
      [-29, 48],
      [-4, 28],
      [-20, 21],
      [-4, 65],
      [-13, 57],
      [-6, 62],
      [-1, 91],
      [5, 27],
      [-34, 10],
      [-18, 30],
      [-6, 75],
      [-19, 40],
      [-37, -12],
      [-24, 25],
      [-20, 56],
      [-36, 37],
      [-36, 70],
      [-77, -16],
      [-30, 14],
      [-31, -28],
      [-35, -7],
      [-81, 39],
      [-15, 52],
      [0, 43],
      [-18, 81],
      [-42, 144],
      [-69, -6],
      [-28, 4],
      [-45, -56],
      [-53, 1],
      [-46, 28],
      [-84, 28],
      [-30, -11],
      [-39, -33],
      [-80, 7],
      [-73, -49],
      [-81, -5],
      [-73, -11],
      [-11, -14],
      [-18, 18],
      [-51, 10],
      [-79, -5],
      [-30, 34],
      [-20, -5],
      [-39, -51],
      [-36, -1],
      [-48, 21],
      [-21, 32],
      [-18, -1],
      [-30, 56],
      [-60, 0],
      [-58, 36],
      [-57, -59],
      [-57, 9],
      [-37, 55],
      [-67, 45]
    ],
    [
      [40339, 70739],
      [-3, -7],
      [-88, 9],
      [-29, 18],
      [-12, -30],
      [-21, 1],
      [-45, -42],
      [-37, -12],
      [-22, 6],
      [-60, -88],
      [-40, -154],
      [-14, -25],
      [-28, -19],
      [-32, -53],
      [-42, -36],
      [-28, -6],
      [-6, 15],
      [-57, -9],
      [-44, -19],
      [-57, 43],
      [-34, 10],
      [-101, -46],
      [-43, -9],
      [-37, -35],
      [-68, -21],
      [-12, -37],
      [-30, -2],
      [-67, 14],
      [-82, -83],
      [-35, -46],
      [-110, -65],
      [-64, -48],
      [-65, -1],
      [-51, -15],
      [-29, 13],
      [-66, -11],
      [-34, -24],
      [-43, -17],
      [-100, 19],
      [-36, -2],
      [0, 15],
      [-39, 7],
      [-36, 47],
      [-88, -18],
      [-101, -16],
      [-54, -22],
      [-54, -53],
      [-29, -51],
      [-6, -46],
      [-54, -10],
      [-21, 8],
      [-83, 0],
      [-11, -12],
      [-32, 11],
      [-17, -10],
      [-53, 5],
      [11, -102],
      [-1, -91],
      [-27, -55],
      [-40, -33],
      [-20, -34],
      [-51, -64],
      [-97, -68],
      [-45, -2],
      [-29, -49],
      [10, -111],
      [-23, -81],
      [-22, -112],
      [-25, -75],
      [-6, -70],
      [3, -125],
      [-22, -183],
      [-33, -29],
      [6, -101],
      [17, -55],
      [19, -5],
      [29, -35],
      [77, -36],
      [21, 3],
      [21, -29],
      [-5, -33],
      [-2, -174],
      [14, -56],
      [16, -19],
      [0, -47],
      [-14, -15],
      [-15, -87],
      [-5, -169],
      [-54, -99],
      [10, -105],
      [-3, -83],
      [13, -51],
      [-8, -44],
      [5, -125],
      [-13, -23],
      [20, -64],
      [-7, -19],
      [15, -22],
      [-6, -73],
      [-14, -18],
      [-40, -152],
      [15, -42],
      [-9, -35],
      [-39, -84],
      [2, -18],
      [-22, -50],
      [3, -35],
      [-19, -70],
      [-17, -17],
      [-15, -57],
      [-68, -68],
      [-24, -52],
      [-25, -75],
      [-5, -50],
      [31, -47],
      [8, 3],
      [57, -37],
      [3, -39],
      [-33, -90],
      [-8, -58],
      [-43, -42],
      [-7, -85],
      [-18, -40],
      [-38, -25],
      [-20, -34],
      [-53, -26],
      [-8, 15],
      [-45, -37],
      [-39, 19],
      [-42, -17],
      [-16, 21],
      [-22, -1],
      [-53, -46],
      [-37, -7],
      [-24, -24],
      [-10, -68],
      [4, -84]
    ],
    [
      [50677, 62715],
      [-5, 47],
      [-27, 47],
      [12, 91],
      [-2, 63],
      [-67, 74],
      [-46, 14],
      [20, 40],
      [-33, -1],
      [-25, 50],
      [-54, 78],
      [-15, 13],
      [-52, 93],
      [17, 25],
      [39, 23],
      [13, 19],
      [-3, 75],
      [26, -8],
      [1, 77],
      [9, 83],
      [-6, 27],
      [26, 44],
      [0, 26],
      [-55, 26],
      [-19, 19],
      [-4, 36],
      [-36, 30],
      [-22, -26],
      [-26, 66],
      [3, 55],
      [13, 23],
      [-38, 65],
      [5, 23],
      [-27, 29],
      [6, 51],
      [-14, 9],
      [19, 43],
      [0, 72],
      [15, 39],
      [-19, 60],
      [-1, 41],
      [15, 69],
      [-4, 91],
      [21, 74],
      [-19, 55],
      [-2, 55],
      [13, 88],
      [35, 91],
      [35, 44],
      [26, 59],
      [30, 14],
      [25, 43],
      [-39, 43],
      [-50, 28],
      [-43, -30],
      [-56, -10],
      [-23, 4],
      [-9, 89],
      [-8, 26],
      [5, 41],
      [18, 47],
      [15, 109],
      [24, 18],
      [29, 66],
      [8, 34],
      [-7, 40],
      [8, 104],
      [14, 79],
      [2, 146],
      [17, 85],
      [39, 51],
      [39, 23],
      [56, 88],
      [20, 17],
      [-26, 45],
      [-11, 48],
      [-21, 16],
      [-44, 5],
      [-22, 15],
      [-56, 1],
      [-33, -51],
      [-37, 52],
      [-13, 46],
      [-4, 135],
      [4, 65],
      [25, 79],
      [3, 36],
      [-16, 4],
      [-37, 42],
      [-21, 51],
      [-8, 43],
      [-23, 18],
      [-68, 19],
      [-14, 39],
      [-28, 42],
      [-10, 51],
      [-39, -34],
      [-25, -3],
      [-15, -39],
      [7, -67],
      [-24, -61],
      [-30, -20],
      [-3, -20],
      [35, -35],
      [72, 27],
      [18, -11],
      [-10, -35],
      [3, -34],
      [-43, -17],
      [-18, -17],
      [-14, 14],
      [-30, -10],
      [-66, 22],
      [-35, -19],
      [-35, -6],
      [-70, 7],
      [-25, 15],
      [-20, 45],
      [-90, -71],
      [-110, -55],
      [-51, 23],
      [-34, 37],
      [-25, 5],
      [-20, 42],
      [-16, 58],
      [-4, -243],
      [-27, 0],
      [-38, 18],
      [-16, -25],
      [-31, -22],
      [-36, 21],
      [-8, 17],
      [-40, 26],
      [-3, 64],
      [-24, 49],
      [-3, 35],
      [-62, 45],
      [-19, 26],
      [-63, 29],
      [-25, 29],
      [-60, 26],
      [-28, 68],
      [-27, 36],
      [-25, 70],
      [-13, 15],
      [-13, 73],
      [-18, 4],
      [-68, 115],
      [0, 42],
      [-50, 58],
      [-19, 51],
      [-44, 81],
      [-17, 57],
      [-35, 27],
      [-45, -13],
      [-47, 9],
      [-45, 0],
      [-34, -17],
      [-23, -26],
      [-17, 0],
      [-57, -26],
      [-22, -36],
      [-55, 12],
      [-16, -6],
      [-60, 29],
      [-34, -27],
      [-27, 3],
      [-20, -22],
      [-28, -75],
      [-117, -191],
      [-3, -12],
      [-205, -424],
      [-6, 0],
      [-121, -151],
      [-168, 133],
      [-30, -11],
      [-60, 137],
      [-116, 479],
      [4, 52],
      [38, 172],
      [22, 162],
      [15, 158],
      [20, 96],
      [26, 281],
      [-96, 115],
      [-39, 91],
      [-147, 222],
      [-51, -1],
      [-88, -21],
      [-144, 22],
      [-5, 9]
    ],
    [
      [56255, 66334],
      [-13, 28],
      [-71, 45],
      [-122, 47],
      [-134, 89],
      [-84, 41],
      [-47, 17],
      [-32, 146],
      [-15, 117],
      [-4, 129],
      [18, -40],
      [24, 3],
      [14, 33],
      [23, 17],
      [42, 68],
      [45, 38],
      [42, 95],
      [-15, 92],
      [57, 152],
      [40, 17],
      [3, 27],
      [-36, 51],
      [-9, 39],
      [9, 50],
      [16, 15],
      [-16, 57],
      [-1, 36],
      [20, 56],
      [21, 36],
      [-20, 66],
      [-32, 43],
      [-11, 44],
      [-43, 2],
      [-32, -32],
      [-19, -47],
      [-17, -4],
      [-67, -47],
      [-77, -32],
      [-24, 24],
      [-3, 20],
      [-102, 115],
      [-21, -29],
      [-41, -91],
      [-49, -34],
      [-21, -36],
      [-45, -24],
      [-27, 21],
      [-65, -6],
      [-27, -56],
      [-8, -146],
      [8, -41],
      [11, -150],
      [-29, 18],
      [-43, 49],
      [-107, -16],
      [-80, -17],
      [-24, 1],
      [-18, 35],
      [-7, 80],
      [6, 36],
      [26, 70],
      [-19, 89],
      [0, 42],
      [-37, 63],
      [-39, 7],
      [-68, -110],
      [-21, -20],
      [-35, 58],
      [-26, 3],
      [-25, -13],
      [-58, 25],
      [-44, 61],
      [-105, 73],
      [-30, 8],
      [-31, 31]
    ],
    [
      [54484, 67968],
      [0, -35],
      [-44, -83],
      [-49, -81],
      [-26, -70],
      [-2, -74],
      [-8, -78],
      [2, -49],
      [-22, -87],
      [-48, -133],
      [-6, -88],
      [-70, -5],
      [-125, -27],
      [6, -104],
      [-57, 9],
      [-49, -12],
      [4, 73],
      [-115, 30],
      [-25, 43],
      [-1, 39],
      [-32, -26],
      [-36, 2],
      [-33, 19],
      [3, 21],
      [-29, 12],
      [-5, 66],
      [-55, 103],
      [-23, -24],
      [-24, 3],
      [-40, -15],
      [-8, -37],
      [-28, -27],
      [-24, -3],
      [-50, -38],
      [-29, -10],
      [-12, -31],
      [-44, -63],
      [-71, -12],
      [-46, 31],
      [15, 36],
      [-42, 17],
      [-44, -42],
      [-17, -45],
      [-6, -49],
      [-24, -48],
      [-15, -69],
      [5, -78],
      [-13, -61],
      [1, -106],
      [-27, -54],
      [-49, -39],
      [7, -84],
      [35, -24],
      [-17, -96],
      [23, -26],
      [-44, 2],
      [-25, -28],
      [-34, 10],
      [-33, -50],
      [-13, -69],
      [0, -59],
      [-22, -68],
      [1, -67],
      [20, -70],
      [21, -116],
      [27, -52],
      [-11, -64],
      [6, -84],
      [-19, -31],
      [6, -21],
      [-29, -58],
      [40, -117],
      [94, -57],
      [12, 39],
      [49, -63],
      [26, -20],
      [46, -20],
      [47, 10],
      [-11, -29],
      [-41, -28],
      [-36, -72],
      [-29, -114],
      [-26, -56],
      [-21, -25],
      [18, -12],
      [38, 1],
      [18, -44],
      [155, -35],
      [69, -28],
      [46, -26],
      [183, -142],
      [78, -58],
      [40, -38],
      [-13, 88],
      [30, 73],
      [12, -2],
      [20, 244],
      [37, -28],
      [52, -57],
      [23, -14],
      [65, -78],
      [-13, -36],
      [-5, -62],
      [38, -12],
      [54, -32],
      [14, -22],
      [33, -132],
      [-100, -95],
      [-45, -14],
      [-59, 14],
      [-50, 40],
      [-37, 3],
      [-27, -35],
      [16, -110],
      [35, -11],
      [36, -26],
      [30, -36],
      [131, -101],
      [130, -123],
      [-35, -55],
      [9, -73],
      [18, -71],
      [13, -19],
      [-19, -25],
      [25, -163],
      [-69, 4],
      [-49, -12],
      [-21, 7],
      [-78, -8],
      [-25, 13],
      [-22, -5],
      [0, -95],
      [-33, -23],
      [-8, -44],
      [-47, -64],
      [-11, -46],
      [8, -47],
      [25, -85],
      [11, -118],
      [-9, -24],
      [-37, -26],
      [-15, 21],
      [-35, 2],
      [-14, -16],
      [-66, 33],
      [-141, -15],
      [-37, -18],
      [-11, 8],
      [-13, 62],
      [-12, -44],
      [-36, 7],
      [-15, -23],
      [-23, 18],
      [-10, 54],
      [-16, 23],
      [12, 44],
      [1, 39],
      [-39, 19],
      [-75, -47],
      [-29, -119],
      [-63, 60],
      [-2, -69],
      [-60, 43],
      [-60, -11],
      [-9, -123],
      [-16, -67]
    ],
    [
      [54484, 67968],
      [-14, 18],
      [-32, 78],
      [-22, 12],
      [-33, 51],
      [-27, 22],
      [-43, 51],
      [-36, 6],
      [-10, 42],
      [-9, 122],
      [2, 99],
      [-33, 110],
      [-10, 78],
      [-15, 50],
      [-62, -3],
      [-48, -24],
      [-16, 14],
      [18, 59],
      [24, 127],
      [-9, 29],
      [12, 38],
      [-11, 122],
      [19, 21],
      [-24, 39],
      [-31, 1],
      [-59, -38],
      [-81, 44],
      [-55, 109],
      [-34, -18],
      [-22, -27],
      [-89, 14],
      [-41, 46],
      [-62, 15],
      [-23, 20],
      [-31, 58],
      [-45, 13],
      [-42, 81],
      [-105, 81],
      [-40, 6],
      [-27, 58],
      [-65, 32],
      [-38, -69],
      [-31, -39],
      [-28, -86],
      [-7, -118],
      [11, -29],
      [6, -81],
      [21, -107],
      [25, -55],
      [6, -68],
      [-13, -99],
      [-12, -34],
      [-23, 12],
      [-71, 81],
      [-26, 65],
      [-31, 28],
      [-25, 38],
      [-49, 57],
      [-39, 25],
      [-9, 51],
      [-32, -9],
      [-27, 14],
      [-2, 28],
      [-27, 40],
      [-30, 19],
      [-22, 30],
      [-52, 28],
      [-43, 34],
      [-41, 2],
      [-46, 31],
      [-63, 63],
      [-25, 57],
      [-36, 0],
      [-20, 35],
      [-17, 7],
      [-25, -17],
      [-22, 19],
      [-50, 8],
      [-41, 24],
      [-64, 9],
      [-2, 31],
      [-52, 19],
      [-8, -28],
      [-81, 45],
      [-51, -11],
      [-25, 9],
      [-17, -11],
      [-32, 7],
      [-11, -15],
      [-25, 13],
      [-5, 22],
      [-76, 16],
      [-35, -2],
      [-23, -14],
      [-69, 9],
      [-24, 20],
      [-56, 8],
      [-49, 49],
      [-26, -7],
      [-10, 28],
      [-31, 10],
      [-17, 29],
      [-42, 2],
      [-19, 12],
      [-27, 47],
      [-70, 26],
      [-25, 38],
      [-55, -7],
      [-15, 19],
      [-38, -27],
      [-33, 11],
      [-34, -32],
      [-119, 51],
      [-11, 25],
      [-28, 12],
      [-29, -16],
      [-28, 9],
      [-14, -17],
      [-24, 1],
      [-44, -35],
      [-65, -36],
      [-7, -22],
      [-31, -4],
      [-26, -36],
      [-38, 20],
      [-12, -9],
      [-26, 26],
      [-28, -5],
      [-11, 15],
      [-11, 92],
      [-23, 49],
      [-36, 12],
      [-18, 38],
      [-62, 39],
      [-15, -11],
      [-12, 22],
      [-21, -12],
      [-105, 49],
      [-62, 82],
      [-38, 61],
      [-25, 4],
      [-31, 30],
      [-44, 13],
      [-17, 26],
      [-78, 63],
      [-12, 32],
      [-30, 27],
      [-50, 76],
      [-27, 18],
      [-10, 33],
      [-53, 29],
      [-46, 58],
      [-42, 32],
      [-33, 14],
      [-31, 37],
      [-28, -3],
      [-74, -37],
      [-39, 17],
      [-51, -11],
      [-28, 4],
      [-44, 33],
      [-47, 15],
      [-19, 34],
      [-44, 46],
      [-16, 61],
      [-15, 14],
      [-41, 68],
      [-72, 26],
      [-89, -1],
      [-56, -22]
    ],
    [
      [49016, 71070],
      [8, -29],
      [80, -134],
      [31, -73],
      [1, -119],
      [-14, -137],
      [57, -99],
      [14, -11],
      [55, -103],
      [15, -73],
      [-28, -27],
      [-43, -25],
      [-43, -4],
      [-38, -30],
      [-16, -48],
      [-34, -15],
      [-31, -44],
      [-26, 7],
      [-56, -13],
      [-6, -19],
      [-24, 9],
      [-21, -32],
      [-70, -11],
      [-79, 24],
      [-12, -11],
      [26, -112],
      [-3, -123],
      [-22, -69],
      [-31, -26],
      [-14, -86],
      [-2, -52],
      [-103, 38],
      [-26, -17],
      [-44, -75],
      [-70, -46],
      [-46, -13],
      [-77, 24],
      [-61, 2],
      [-15, -7],
      [-36, 23],
      [-34, -42],
      [-27, -4],
      [-83, 82],
      [-29, 9],
      [-127, 3],
      [-71, 6],
      [-14, -31],
      [-24, -20],
      [-22, 11],
      [-40, -30],
      [-51, 11],
      [-31, -93],
      [-28, -115],
      [-48, -87],
      [-29, -29],
      [-31, -120],
      [-50, 20],
      [-31, -10],
      [-44, -155],
      [-34, -66],
      [-53, -45],
      [-57, -16],
      [3, -37],
      [-27, -62],
      [-34, -56],
      [-71, -21],
      [-28, 1],
      [-92, 42],
      [-49, 6],
      [-61, -48],
      [-46, -6],
      [-51, 8],
      [-49, -6]
    ],
    [
      [50728, 77183],
      [-28, -32],
      [8, -64],
      [-36, -148],
      [-49, -55],
      [-5, -24],
      [-28, -28],
      [-23, -105],
      [-2, -77],
      [-20, -75],
      [-9, -77],
      [-13, -55],
      [27, -106],
      [-3, -51],
      [22, -87],
      [38, -55],
      [51, -22],
      [33, -73],
      [5, -104],
      [-44, -114],
      [-11, -44],
      [9, -46],
      [20, -30],
      [4, -34],
      [-7, -81],
      [46, -111],
      [-13, -20],
      [-2, -79],
      [-11, -25],
      [-23, -1],
      [-21, -49],
      [6, -26],
      [19, 10],
      [19, -81],
      [-7, -19],
      [3, -89],
      [14, -41],
      [-18, -7],
      [-1, -42],
      [-30, -6],
      [-15, 75],
      [-31, 36],
      [-5, -70],
      [-16, -60],
      [-19, -15],
      [30, -47],
      [-5, -28],
      [13, -16],
      [-21, -19],
      [25, -102],
      [-3, -54],
      [-17, -19],
      [30, -28],
      [3, -26],
      [-10, -88],
      [-19, -34],
      [-4, -126],
      [-10, -100],
      [-60, -137],
      [0, -89],
      [-11, -12],
      [-40, 31],
      [-35, -6],
      [-29, 40],
      [-53, -25],
      [-24, 3],
      [-114, -8],
      [11, -51],
      [1, -70],
      [-20, -28],
      [11, -179],
      [-6, -87],
      [-15, -38],
      [-52, -78],
      [-38, -73],
      [-43, -55],
      [-276, -94],
      [-52, 32],
      [-250, -114],
      [-35, -61],
      [-27, -91],
      [-55, -24],
      [-13, -28],
      [22, -157],
      [2, -90],
      [-12, -5],
      [-41, -98],
      [-35, -169],
      [12, -76],
      [21, -70],
      [60, -38],
      [-17, -70],
      [-19, -41],
      [7, -36],
      [-9, -51],
      [-13, -20],
      [-15, -60],
      [-19, -35],
      [-51, -45],
      [-31, -42],
      [-71, -27],
      [0, -64],
      [-22, -67],
      [-19, -107],
      [0, -134],
      [-26, -56],
      [-24, 0],
      [-28, -48],
      [-17, -73],
      [-11, -108],
      [-14, -92],
      [37, -98]
    ],
    [
      [57498, 66568],
      [76, 2],
      [51, 16],
      [71, 5],
      [-26, 214],
      [-59, 21],
      [-6, 90],
      [11, 52],
      [-7, 40],
      [10, 49],
      [24, -1],
      [60, -24],
      [49, -7],
      [16, 16],
      [28, 139],
      [35, 4],
      [35, 43],
      [55, 110],
      [30, 87],
      [26, 30],
      [14, 62],
      [27, 33],
      [35, 23],
      [13, 102],
      [21, 81],
      [34, 28],
      [-16, 101],
      [25, 109],
      [63, -27],
      [25, 56],
      [34, 31],
      [36, 49],
      [28, -2],
      [28, 138],
      [-16, 75],
      [-28, 69],
      [7, 37],
      [-29, 69],
      [40, 83],
      [13, 7],
      [16, 62],
      [32, 29],
      [23, 55],
      [-29, 206],
      [2, 53],
      [-11, 50],
      [-2, 80],
      [41, 105],
      [38, 40],
      [34, 84],
      [12, 86],
      [-7, 121],
      [54, 61],
      [31, 111],
      [25, 10],
      [50, 42],
      [7, 58],
      [19, 46],
      [38, 66],
      [11, 5],
      [-7, 105],
      [-15, 48],
      [4, 71],
      [9, -20],
      [39, 1],
      [-9, 24],
      [15, 39],
      [21, 25],
      [21, 47],
      [70, 56],
      [64, -16],
      [45, -21],
      [38, -29],
      [184, 43],
      [73, 40],
      [217, 135],
      [76, 123],
      [209, -56],
      [10, 8],
      [75, 2],
      [293, -5],
      [87, 0],
      [87, 12],
      [13, -13],
      [74, 100],
      [64, 48],
      [19, 42],
      [25, 32],
      [15, 53],
      [71, 130],
      [21, 60],
      [-8, 70],
      [-42, 131],
      [-41, 32],
      [-17, 1],
      [-45, 38],
      [-58, 96],
      [-8, 30],
      [-27, 33],
      [-22, 58],
      [-70, 33],
      [-101, 244],
      [-58, 186],
      [-57, 320],
      [-2, 82],
      [15, 81],
      [-29, 171],
      [9, 50],
      [-1, 73],
      [77, -26],
      [42, -25]
    ],
    [
      [60180, 72710],
      [37, 131],
      [20, 142],
      [-29, 111],
      [-58, 144],
      [-57, 211]
    ],
    [
      [60093, 73449],
      [-76, 25],
      [-71, -30],
      [-17, -19],
      [-12, 32],
      [-22, 18],
      [-56, -31],
      [-28, -6],
      [-35, 8],
      [-78, -18],
      [-40, 26],
      [-11, 114],
      [-36, 88],
      [-33, 58],
      [-35, 31],
      [-32, -16],
      [-59, -12],
      [-101, -128],
      [-53, -35],
      [-62, -54],
      [-35, 1],
      [-61, -32],
      [-19, 1],
      [-48, 31],
      [-53, 1],
      [-36, -48],
      [-45, 65],
      [14, 18],
      [-70, 101],
      [-43, 43],
      [-57, 20],
      [-43, -5],
      [-25, -73],
      [-73, 70],
      [-23, 29],
      [-142, 78],
      [-94, 55],
      [-51, -5],
      [-23, -19],
      [-55, -134],
      [-59, -110],
      [-73, -90],
      [-50, -30],
      [-93, -73],
      [-30, -30],
      [-32, -62],
      [-58, -29],
      [-62, -13],
      [-22, -36],
      [-60, -16],
      [-30, 2],
      [-71, 61],
      [-85, 129],
      [-3, 13],
      [-74, 67],
      [-81, 10],
      [-38, 28],
      [-87, 159],
      [-43, 88],
      [-10, 39],
      [-12, 107],
      [-11, 54],
      [-44, 76],
      [-25, 55],
      [-19, 80],
      [-25, 65],
      [-64, 91],
      [-89, 85],
      [-144, 99],
      [-44, 25],
      [-136, 32],
      [-88, 56],
      [-130, 65],
      [-23, 90],
      [-6, 80],
      [-59, 211],
      [-128, 68],
      [-69, 20],
      [-49, 33],
      [-102, 22],
      [-69, 78],
      [-111, 224],
      [-64, 105],
      [-73, -34],
      [-42, -42],
      [-49, -77],
      [-50, -40],
      [-26, -34],
      [-109, 19],
      [-74, 6],
      [-51, 80],
      [-38, -4],
      [-38, 66],
      [-10, 123],
      [-16, 71],
      [-21, 24],
      [-25, 7],
      [-102, -21],
      [-56, 2],
      [-84, 28],
      [-48, 30],
      [-12, 96],
      [-43, 111],
      [-67, 38],
      [-40, 59],
      [-13, 33],
      [4, 54],
      [23, 63],
      [29, 46],
      [32, 19],
      [18, 50],
      [10, 65],
      [0, 89],
      [5, 83],
      [32, 70],
      [-27, 157],
      [9, 53],
      [-5, 49],
      [-28, 84],
      [29, 162],
      [2, 48],
      [-25, 73],
      [-13, 68],
      [-17, 28],
      [-85, 28],
      [-30, 49],
      [-114, 29],
      [-32, 29],
      [-15, 48],
      [-15, 10],
      [-13, 102],
      [-12, 40],
      [-22, 7],
      [-19, 44],
      [-67, 44],
      [-36, 52],
      [-39, 41],
      [-48, 21],
      [-36, -48],
      [-31, 8],
      [-37, 32],
      [-38, 15],
      [-16, 53],
      [-25, 9],
      [-39, 57],
      [-7, 37],
      [-50, 53],
      [-24, 3],
      [-57, 32],
      [-39, 39],
      [-34, 65],
      [-22, 57],
      [-3, 140],
      [-10, 127],
      [-15, 9],
      [-25, -28],
      [-119, -50],
      [-58, 6],
      [-36, -28],
      [-33, -5],
      [-53, -104],
      [-34, -89],
      [-39, -58],
      [-49, -10],
      [-126, 56],
      [-52, -52],
      [-71, -83],
      [-43, -36],
      [-40, 6],
      [-40, -23],
      [-70, -56],
      [-16, 4],
      [-38, 50],
      [-53, 40],
      [-50, 8],
      [-31, -7],
      [-95, -94],
      [-73, -40],
      [-47, -99],
      [-36, -17],
      [-25, -50],
      [-170, -144],
      [-56, -19],
      [-39, -82],
      [-44, -40],
      [57, -76],
      [81, -53],
      [19, -21],
      [37, -77],
      [34, -10],
      [37, -45],
      [27, -81],
      [17, -30],
      [56, -70],
      [7, 8],
      [39, -66],
      [23, -54],
      [13, -64],
      [-15, -114],
      [-1, -46],
      [10, -43],
      [42, -84],
      [24, -2],
      [14, 29],
      [41, -3],
      [-1, -23],
      [18, -61],
      [-25, -75],
      [34, -71],
      [-23, -50],
      [-18, 24],
      [-17, 55],
      [-17, 17],
      [-44, 79],
      [-31, -30],
      [-63, -87],
      [-40, -47],
      [-12, 103],
      [-59, -33],
      [-31, 106],
      [1, 17],
      [-38, 73],
      [-2, 56],
      [37, 28],
      [16, -16],
      [9, 32],
      [51, 41],
      [9, 33],
      [-43, 4],
      [3, 43],
      [-27, -9],
      [-55, 34],
      [-32, 55],
      [6, 9],
      [-86, 99],
      [-22, 57],
      [12, 20],
      [-31, 53],
      [-60, 41],
      [-32, 50],
      [-28, 2],
      [-22, -61],
      [-20, -30],
      [9, -30],
      [19, -10],
      [10, -41],
      [2, -74],
      [-28, -32],
      [-35, 9],
      [-52, -57],
      [-7, -24],
      [9, -40],
      [-11, -83],
      [-19, -81],
      [-50, -44],
      [4, -30],
      [-27, -2],
      [-61, 22],
      [-4, -23],
      [-38, -26],
      [34, -22],
      [20, -57],
      [10, -56],
      [-19, -59],
      [-53, 6],
      [-18, -8],
      [-30, 59],
      [-18, 5],
      [6, 92],
      [-39, 59],
      [3, 20],
      [-51, 47],
      [-25, 5],
      [-2, -62],
      [8, -64],
      [-20, -7],
      [-13, -93],
      [20, -80],
      [65, -159],
      [-9, -75],
      [-75, 3],
      [-51, -7],
      [-41, 16],
      [-43, 34],
      [-64, 110],
      [-19, 15],
      [-7, 51],
      [-70, 100],
      [-48, 23],
      [0, 82],
      [-8, 71],
      [-30, 127],
      [-20, 32],
      [-53, 53],
      [-24, 52],
      [-10, 69],
      [-20, 23],
      [-36, 1],
      [-61, 49],
      [-43, 43]
    ],
    [
      [50728, 77183],
      [20, 37],
      [17, 97],
      [32, -22],
      [28, 64],
      [-18, 50],
      [-9, 101],
      [53, 119],
      [44, 75],
      [-7, 55],
      [-51, 89],
      [-33, 71],
      [-1, 40],
      [-18, 139],
      [18, 188],
      [-9, 102],
      [-5, 145],
      [-14, 58],
      [-6, 93],
      [-5, 7],
      [-90, -142],
      [-40, -44],
      [-73, -64],
      [-38, 118],
      [-57, 85],
      [-24, -18],
      [-22, 38],
      [-53, 17],
      [-17, -14],
      [-2, 50],
      [41, 41],
      [1, 36],
      [14, 16],
      [-10, 95],
      [-30, 46],
      [-19, 45],
      [-4, 51],
      [-172, -38],
      [-4, 25],
      [-28, 64],
      [-21, 8],
      [-16, -16],
      [-54, -14],
      [-33, 14],
      [-45, 53],
      [-3, 67],
      [-43, -43],
      [-54, -10],
      [-36, 22],
      [-66, 24],
      [-71, 44],
      [1, 33],
      [41, 195],
      [-48, -17],
      [-33, -24],
      [-54, -8],
      [-44, 54],
      [-45, 41],
      [-28, 6],
      [-36, 32],
      [-32, 103],
      [-2, 68],
      [-14, 52],
      [-31, 55],
      [-33, 109],
      [-16, 12],
      [-4, 70],
      [-27, 35],
      [-12, 93],
      [30, 66],
      [-19, -5],
      [-22, 28],
      [24, 88],
      [2, 31],
      [15, 16],
      [35, -52],
      [59, 139],
      [63, 22],
      [-35, 37],
      [-8, 30],
      [-38, 58],
      [-21, 17],
      [-29, 48],
      [-39, 47],
      [-26, -4],
      [-26, -45],
      [-42, -40],
      [14, -57],
      [-4, -50],
      [-14, -55],
      [-34, 27],
      [-30, 5],
      [-29, -26],
      [-2, -16],
      [-35, 4],
      [-37, 21],
      [-46, -14],
      [-32, -29],
      [-14, 104],
      [-25, 50],
      [-20, 23],
      [-53, 4],
      [-59, -28],
      [-19, -44],
      [-20, -16],
      [-21, -57],
      [-21, -87],
      [-42, 43],
      [-26, 12],
      [-71, 92],
      [-44, 69],
      [-25, 60],
      [-2, 55],
      [35, -35],
      [34, 57],
      [2, 49],
      [-16, 42],
      [-35, 33],
      [-48, -77],
      [-78, 94],
      [-22, -1],
      [-27, 55],
      [-30, 114],
      [-28, 12],
      [-90, 91],
      [-16, 55],
      [-4, 97],
      [1, 83],
      [-16, 88],
      [-56, 76],
      [-34, -47],
      [-49, 19]
    ],
    [
      [48013, 81532],
      [-11, -76],
      [25, -71],
      [14, -59],
      [20, -9],
      [-18, -103],
      [-77, -58],
      [-52, -34],
      [-34, 108],
      [-23, 53],
      [-14, 57],
      [-32, 55],
      [-60, 33],
      [6, -92],
      [-10, -52],
      [-26, 5],
      [-40, -21],
      [-17, 10],
      [-40, 56],
      [-31, 9],
      [-46, -2],
      [-32, 10],
      [-49, -25],
      [10, 70],
      [-21, 86],
      [-19, 45],
      [-18, -10],
      [-27, 21],
      [-22, 71],
      [-36, 36],
      [4, 45],
      [22, 39],
      [-4, 78],
      [-12, 7],
      [-34, -18],
      [-77, -103],
      [-23, -3],
      [-62, 39],
      [-61, 55],
      [-53, 29],
      [-22, 48],
      [-8, -10],
      [-91, 15],
      [-45, -16],
      [-20, -24],
      [-4, -27],
      [-55, -11],
      [-54, -23],
      [-38, -1],
      [21, -26],
      [3, -45],
      [-16, -68],
      [-22, -18],
      [-17, -46],
      [-30, -10],
      [-23, 15],
      [-32, -9],
      [-56, 11],
      [-18, -12],
      [-17, -48],
      [-24, 14],
      [-55, -32],
      [-22, -54],
      [-44, -69],
      [-39, -74],
      [0, -36],
      [-16, -39],
      [10, -46],
      [-13, -29],
      [5, -71],
      [-3, -37],
      [9, -36],
      [24, -48],
      [-5, -49],
      [-23, -77],
      [-4, -60],
      [-21, -66],
      [-32, -67],
      [-6, -73],
      [4, -27],
      [-18, 14],
      [-76, 17],
      [-8, 9],
      [-109, -57],
      [-45, -63],
      [17, -36],
      [-11, -86],
      [-3, -77],
      [-23, -96],
      [-1, -73],
      [10, -4],
      [-51, -140],
      [-21, -23],
      [-53, -126],
      [-10, -55],
      [6, -75],
      [-76, -18],
      [-44, -38],
      [-65, -89],
      [-31, -50],
      [-39, -48],
      [-4, -54],
      [6, -33],
      [-26, -35],
      [-10, -34],
      [-42, -93],
      [-34, -49],
      [-6, -46],
      [-15, -27],
      [8, -29],
      [-25, -55],
      [-32, -96],
      [-3, -75],
      [29, -20],
      [34, -69],
      [7, -55],
      [-18, -10],
      [-35, 40],
      [-19, 2],
      [-48, -43],
      [-25, -47],
      [-31, -126],
      [4, -21],
      [56, -100],
      [24, -19],
      [19, -102],
      [-11, -13],
      [20, -59],
      [-3, -39],
      [-17, -34],
      [-2, -31],
      [-24, -94],
      [-11, -14],
      [-36, -93],
      [-22, -35],
      [-5, -27],
      [11, -72],
      [-31, -15],
      [-16, -43],
      [-34, -16],
      [10, -172],
      [-31, -51],
      [-37, 11],
      [10, 28],
      [-42, 7],
      [-14, -26],
      [-35, -27],
      [-45, 15],
      [0, -47],
      [-25, -47],
      [9, -64],
      [-78, 11],
      [4, -60],
      [-9, -31],
      [5, -93],
      [36, -26],
      [57, 0],
      [79, -71],
      [19, -65],
      [15, -16],
      [21, -55],
      [47, -37],
      [-26, -53],
      [-36, 1],
      [-54, -54],
      [-49, -71],
      [-14, -38],
      [-52, -19],
      [-30, 31],
      [-21, -80],
      [6, -87],
      [-10, -48],
      [0, -51],
      [18, -73],
      [20, -58],
      [40, -38],
      [-24, -69],
      [-20, -14],
      [-37, -107],
      [-7, -46],
      [3, -70],
      [-20, -84],
      [-53, -73],
      [-71, -70],
      [-6, -21],
      [4, -93],
      [10, -27],
      [39, -49],
      [-22, -45],
      [-15, -104],
      [14, -86],
      [-10, -48],
      [16, -91],
      [12, -45],
      [-5, -67],
      [8, -94],
      [-19, -114],
      [-40, -21],
      [-84, -64],
      [-27, 0],
      [-29, 16],
      [-29, -14],
      [-22, -30],
      [-23, 9],
      [-23, -11],
      [-37, 5],
      [-61, -6],
      [-38, -41],
      [-95, -82],
      [-24, -40],
      [-65, -54],
      [-18, -28],
      [-52, -20],
      [-80, -21],
      [-27, -23],
      [-47, -61],
      [-28, -18],
      [-15, -35],
      [-22, -10],
      [-35, -45],
      [-38, -16],
      [-53, -39],
      [-17, -32],
      [-34, 0],
      [-30, 53],
      [-11, 54],
      [-46, -2],
      [-20, 29],
      [-36, -70],
      [-21, 71],
      [-53, 111],
      [-17, 105],
      [-51, -9],
      [-69, -39],
      [-46, 23],
      [-81, 24],
      [-109, -16],
      [-63, -18],
      [-60, -5],
      [-11, 25],
      [-32, 11],
      [-29, -6],
      [-8, -24],
      [-78, -109],
      [-26, -43],
      [-76, -79],
      [-73, -96],
      [-73, -119],
      [-38, 115],
      [6, 103],
      [-36, 20],
      [-2, 53],
      [-29, 96],
      [-44, 17],
      [-66, 96],
      [-10, 22],
      [-39, -34],
      [-31, -57],
      [-42, -53],
      [-3, -28],
      [-23, -64],
      [3, -57],
      [-20, -127],
      [-35, -109],
      [-34, -88],
      [-30, -38],
      [-19, -46],
      [-46, -75],
      [-13, -49],
      [9, -27],
      [-35, -77],
      [-35, -46],
      [-6, -47],
      [-17, 57],
      [8, 66],
      [-13, 45],
      [-23, 34],
      [-43, 44],
      [-19, 38],
      [-52, 161],
      [-45, 98],
      [-44, 9],
      [-27, 31],
      [-37, -2],
      [-20, 28],
      [-92, 52],
      [-13, -79],
      [-33, -266],
      [-18, -26],
      [-39, -104],
      [-27, -26],
      [30, -50],
      [7, -41],
      [-2, -134],
      [-13, -146],
      [-29, -165],
      [-17, -55],
      [-10, -140],
      [-10, -73],
      [-10, -18],
      [-32, -5],
      [-57, -22],
      [-46, -10],
      [-74, 18],
      [-5, -77],
      [-18, -79],
      [-25, -52],
      [-27, -80],
      [-23, -28],
      [-43, -92],
      [12, -39],
      [51, -116],
      [37, -14],
      [22, -66],
      [-16, -87],
      [7, -67],
      [36, -103],
      [-4, -25],
      [-32, -35],
      [-10, -33],
      [5, -31],
      [-37, -70],
      [-23, -62],
      [-30, 51],
      [-18, 11],
      [-46, -4],
      [-45, -39],
      [-51, -4],
      [-61, 27],
      [-52, 15],
      [-86, 70],
      [-74, 101],
      [-31, 68],
      [-63, -121],
      [-22, -51],
      [-47, -158],
      [-21, -41],
      [-48, -15],
      [-32, -48],
      [19, -77],
      [26, -43],
      [65, -127],
      [-17, -48],
      [-30, -62],
      [-1, -46],
      [-32, -49],
      [-16, -52],
      [5, -39],
      [-38, -126],
      [-6, -73]
    ],
    [
      [60093, 73449],
      [6, 112],
      [16, 129],
      [9, 46],
      [-6, 37],
      [6, 111],
      [24, 107],
      [-3, 72],
      [13, 41],
      [31, 62],
      [17, 68],
      [47, 117],
      [87, 157],
      [41, 103],
      [26, 30],
      [21, 88],
      [40, 61],
      [42, 47],
      [65, 158],
      [6, 31],
      [-14, 201],
      [-70, -7],
      [-18, 117],
      [34, 60],
      [-9, 20],
      [94, -5],
      [29, 19],
      [80, 162],
      [39, 15],
      [58, -9],
      [53, -17],
      [34, 306],
      [36, 82],
      [28, 14],
      [-5, 41],
      [17, 38],
      [26, 23],
      [29, -6],
      [18, 43],
      [-26, 43],
      [-11, 35],
      [-28, 24],
      [-39, -48],
      [-6, 54],
      [14, 57],
      [-1, 48],
      [21, 31],
      [44, 5],
      [-11, 36],
      [0, 152],
      [6, 45],
      [27, 23],
      [-7, 71],
      [-18, 44],
      [-17, 13],
      [-34, 61],
      [23, 23],
      [33, -50],
      [32, 50],
      [0, 32],
      [35, 43],
      [-12, 30],
      [39, 33],
      [-17, 14],
      [45, 49],
      [-8, 39],
      [31, 36],
      [-2, 42],
      [29, 108],
      [-13, 29],
      [11, 48],
      [-20, 15],
      [-4, 45],
      [-43, 44],
      [2, 147],
      [10, 71],
      [-18, 54],
      [7, 21],
      [42, 42],
      [16, 82],
      [16, -7],
      [34, -44],
      [40, -16],
      [22, -57],
      [21, -102],
      [54, -27],
      [64, -19],
      [-10, 87],
      [5, 71],
      [-1, 70],
      [9, 46],
      [-12, 61],
      [38, 68],
      [-13, 82],
      [14, 27],
      [-3, 38],
      [10, 49],
      [46, 60],
      [25, 74],
      [10, 109],
      [16, -14],
      [39, -4],
      [26, -72],
      [15, -22],
      [23, -76],
      [23, 24],
      [19, 42],
      [56, -19],
      [40, 8],
      [-11, 73],
      [-3, 96],
      [10, 2],
      [33, -39],
      [69, -27],
      [17, 32],
      [-1, 75],
      [7, 35],
      [-11, 46],
      [-24, 46],
      [40, 57],
      [-17, 46],
      [-62, 67],
      [30, 70],
      [42, 11],
      [26, 25],
      [0, 61],
      [-41, 72],
      [-3, 56],
      [20, 56],
      [29, 0],
      [18, 56],
      [22, 35],
      [-23, 58],
      [-12, -11],
      [-32, -87],
      [-29, -44],
      [-12, 1],
      [-28, 112],
      [-47, 142],
      [-57, 97],
      [-29, 111],
      [45, 21],
      [63, 89],
      [57, 95],
      [33, 27],
      [67, 79],
      [49, 22],
      [43, -7],
      [82, -46],
      [42, -40],
      [58, -42],
      [30, -9],
      [52, 2],
      [141, -15],
      [98, 0],
      [140, 10],
      [38, -14],
      [52, -47],
      [85, -38],
      [33, -29],
      [41, -60],
      [-1, -46],
      [11, -12],
      [3, -95],
      [14, -18],
      [38, -92],
      [48, -71],
      [30, -31],
      [99, -127],
      [82, -139],
      [61, -116],
      [65, -143],
      [66, -103],
      [94, -109],
      [46, -38],
      [59, -15],
      [61, -1],
      [50, 16],
      [81, 41],
      [88, 58],
      [87, 94],
      [37, 90],
      [0, 109],
      [5, 73],
      [-13, 90],
      [-34, 117],
      [-8, 100],
      [13, 130],
      [-5, 109],
      [29, 139],
      [26, 66],
      [28, 44],
      [40, 40],
      [33, -9],
      [30, 30],
      [29, 49],
      [-10, 40],
      [19, 31],
      [19, 56],
      [-33, 69],
      [-6, 31],
      [-44, 71],
      [-4, 46],
      [-50, -69],
      [16, -33],
      [-11, -84],
      [-69, -20],
      [-165, -79],
      [-18, 55],
      [-22, 25],
      [-20, 97],
      [-23, 9],
      [-54, 56],
      [-22, 84],
      [21, 24],
      [38, 69],
      [32, 7],
      [16, 58],
      [19, 39],
      [-12, 48],
      [-31, 8],
      [15, 144],
      [-1, 115],
      [-20, 77],
      [21, 19],
      [23, 54],
      [22, 8],
      [77, -18],
      [9, 25],
      [-3, 48],
      [-11, 9],
      [24, 50],
      [-75, 32],
      [32, 69],
      [49, 47],
      [54, 68],
      [50, 47],
      [6, 18],
      [-3, 98],
      [11, 16],
      [36, -26],
      [50, 56],
      [-62, 25],
      [-7, 103],
      [21, 20],
      [46, -16],
      [-16, 48],
      [-46, 81],
      [-11, 54],
      [0, 38],
      [59, 93],
      [45, 42],
      [14, -16],
      [-1, -70],
      [46, 22],
      [-64, 175],
      [31, 65],
      [46, -27],
      [27, 54],
      [-10, 54],
      [-44, -20],
      [-44, 25],
      [-72, 14],
      [-15, -8],
      [-41, 22],
      [-69, -19],
      [-68, 28],
      [-26, -11],
      [-21, 26],
      [-12, -4],
      [-24, 41],
      [14, 56],
      [-31, 89],
      [-6, 55],
      [10, 66],
      [-17, 63],
      [-5, 52],
      [48, 58],
      [-19, 30],
      [-21, 2],
      [45, 69],
      [5, 48],
      [-39, 59],
      [-8, 84],
      [-11, 40],
      [29, 71],
      [-5, 32],
      [-40, 28],
      [8, 81],
      [-17, 39],
      [-31, 6],
      [-1, 88],
      [-21, 6],
      [-6, 30],
      [-21, 21],
      [-25, 70],
      [-55, 21],
      [-23, 18],
      [-38, -2],
      [-20, 20],
      [-10, 40],
      [-29, 4],
      [-26, 64],
      [-16, 8],
      [-25, 48],
      [-5, 28],
      [-34, 3],
      [-27, 19],
      [-11, 32],
      [-89, -11],
      [-33, -23],
      [-45, -15],
      [-30, 67],
      [-19, 16],
      [3, 23],
      [-25, 46],
      [30, 73],
      [-16, 31],
      [14, 31],
      [3, 40],
      [-6, 75],
      [-30, -7],
      [-29, 29],
      [-32, 81],
      [-18, 13],
      [-18, 121],
      [-23, 61],
      [-24, 2],
      [-9, 23],
      [-77, 79],
      [-25, 78]
    ],
    [
      [62912, 84671],
      [-38, -17],
      [-40, 6],
      [-43, -8],
      [-54, -29],
      [-49, -41],
      [-15, -25],
      [-17, 11],
      [-85, 9],
      [-64, 50],
      [-15, 2],
      [-28, -29],
      [-59, -34],
      [-37, -12],
      [-33, -24],
      [-28, 11],
      [-30, 35],
      [-31, 7],
      [-52, -28],
      [-93, 1],
      [-30, -45],
      [-1, -32],
      [-17, -21],
      [-37, -13],
      [-27, -37],
      [-68, 11],
      [-37, 49],
      [-24, 47],
      [-38, 5],
      [-61, -26],
      [-28, 10],
      [-46, -1],
      [-84, 15],
      [-128, 8],
      [-11, 150],
      [-20, 59],
      [-31, 34],
      [-27, -19],
      [-60, -5],
      [-70, -54],
      [-47, -30],
      [-21, -61],
      [-36, -28],
      [-35, -52],
      [0, -36],
      [-50, 14],
      [-45, -12],
      [-20, 9],
      [-2, 38],
      [-30, 17],
      [-6, 31],
      [-46, 63],
      [-37, -18],
      [-27, 21],
      [-58, -4],
      [-38, -40],
      [-42, -14],
      [-44, 39],
      [-45, 21],
      [-29, -14],
      [-27, -54],
      [-89, -127],
      [19, -37],
      [-61, -43],
      [-24, -41],
      [9, -29],
      [-39, -23],
      [-62, -2],
      [-97, 84],
      [-27, 80],
      [-43, 66],
      [-61, 64],
      [-56, 25],
      [-47, -4],
      [-64, 36],
      [-70, 3],
      [-65, 17],
      [-45, -10],
      [-22, -17],
      [-30, 2],
      [-68, -23],
      [-46, 6],
      [-42, -30],
      [-32, -54],
      [-29, -65],
      [-91, -101],
      [-33, -2],
      [-51, -30],
      [-54, -41],
      [-43, -124],
      [-15, -63],
      [-80, -38],
      [-41, -48],
      [-47, -28],
      [-40, 29],
      [-80, 13],
      [-49, -20],
      [-31, 2],
      [-42, 39],
      [-36, 17],
      [-123, -17],
      [-42, 16],
      [-87, -46],
      [-24, -4],
      [-44, -31],
      [-63, -54],
      [-54, -31],
      [-10, -14],
      [-140, -2],
      [-48, -24],
      [-106, 3],
      [-48, -81],
      [-34, -35],
      [-117, -23],
      [-52, -24],
      [-70, 71],
      [-131, 103],
      [-68, 36],
      [-43, 39],
      [-49, 29],
      [-78, -30],
      [-52, -37],
      [-63, -17],
      [-55, 68],
      [-34, 9],
      [-46, 32],
      [-30, -13],
      [-78, 21],
      [-37, 2],
      [-72, 63],
      [-18, 24],
      [-24, -1],
      [-55, 15],
      [-50, -32],
      [-86, 50],
      [-58, 4],
      [-69, 70],
      [-8, 28],
      [-35, 46],
      [-46, 40],
      [-14, 26],
      [-12, 68],
      [7, 65],
      [-26, 27],
      [-45, 114],
      [-28, 5],
      [-64, 52],
      [-29, 44],
      [-61, 78],
      [-26, 44],
      [-47, 17],
      [-51, -28],
      [-20, -30],
      [-9, 17],
      [-35, -27],
      [-61, -4],
      [-25, 22],
      [-45, -91],
      [-48, 7],
      [-29, -24],
      [-11, 8],
      [-31, -17],
      [-83, 23],
      [-31, 62],
      [-4, 42],
      [-32, 111],
      [-68, 32],
      [-23, -21],
      [-51, -28],
      [-44, -51],
      [-31, 4],
      [-50, -49],
      [-36, 20],
      [-16, 49],
      [-51, 108],
      [-42, 11],
      [-30, -5],
      [-67, 64],
      [-70, 22],
      [-15, 16],
      [-69, -27],
      [-31, -154],
      [-62, -54],
      [-42, 59],
      [-28, 1],
      [-3, 35],
      [-50, -25],
      [-22, -25],
      [-33, -16],
      [-21, -38],
      [-18, -163],
      [-30, -34],
      [-8, -27],
      [9, -38],
      [-6, -54],
      [-29, -76],
      [-22, -17],
      [-58, -20],
      [-24, 42],
      [-26, -6],
      [-20, 31],
      [7, 46],
      [-14, 45],
      [11, 47],
      [-22, 13],
      [-30, 56],
      [-42, 20],
      [-57, 3],
      [-8, 13],
      [0, 56],
      [16, 32],
      [-9, 12],
      [-22, -22],
      [-31, -73],
      [-11, -50],
      [-25, -6],
      [-3, 43],
      [-70, 27],
      [-18, 18],
      [-33, 62],
      [9, 24],
      [45, 28],
      [-14, 24],
      [-47, 44],
      [-37, 27],
      [-21, 40],
      [-28, 22],
      [-33, 45],
      [-54, -15],
      [-16, 27],
      [-34, -15],
      [-26, -77],
      [-92, -87],
      [-22, -33],
      [-57, -32],
      [-19, -22],
      [-5, -80],
      [-19, -28],
      [-22, -66],
      [-38, -19],
      [-5, -18],
      [-51, -1],
      [-35, 11],
      [-66, -7],
      [-30, -24],
      [-18, 4],
      [-65, -24],
      [-31, -21],
      [28, -18],
      [7, -23],
      [-33, -60],
      [-33, -47],
      [-56, -105],
      [-9, -40],
      [-28, -82],
      [-47, -95],
      [-54, 54],
      [-3, 27],
      [-131, 176],
      [-50, 46],
      [2, 14],
      [-36, 4],
      [-32, 21],
      [-61, -16],
      [-113, 105],
      [-44, 16],
      [-15, 27],
      [-9, -16],
      [-27, 7],
      [-54, -4],
      [-97, 20],
      [-49, -8],
      [-27, -17],
      [-70, -16],
      [-119, 5],
      [-64, 16],
      [-87, -16],
      [-17, 20],
      [-35, 13],
      [-44, -17],
      [-48, -6],
      [-37, -85],
      [-90, -77],
      [-34, 0],
      [-57, -33],
      [-88, -144],
      [-35, -115],
      [-25, -26],
      [-161, -110],
      [-78, -58],
      [-29, -8],
      [-139, -96],
      [-26, -70],
      [-4, -60],
      [-15, -26],
      [-24, -5],
      [-28, -73],
      [1, -31],
      [-16, -26],
      [-21, -67],
      [-6, -64],
      [-48, -59],
      [-70, -28],
      [-7, -32],
      [-39, -60],
      [1, -86],
      [-38, -60],
      [-27, -77],
      [-36, -32],
      [-38, -54],
      [-12, -40],
      [-35, -27],
      [-1, -24],
      [-45, -104],
      [-8, -46],
      [-18, -29],
      [-27, -17],
      [-33, -70],
      [-26, -31],
      [-17, -59],
      [6, -80],
      [-14, -101],
      [-3, -50],
      [9, -5],
      [21, -67],
      [24, -41],
      [-5, -51],
      [-33, -102],
      [-25, -7],
      [-9, -29],
      [-28, -31],
      [-18, -65],
      [-16, -8],
      [-42, -84],
      [-29, -36],
      [-23, 1],
      [-7, -36],
      [-23, -12],
      [-16, -46],
      [-20, -16],
      [-9, -34],
      [1, -53],
      [16, -60],
      [-22, -36],
      [4, -23],
      [-12, -37],
      [-19, 0],
      [-21, -36],
      [-4, -53],
      [-54, -47],
      [-3, -23],
      [-63, -38],
      [-42, -46],
      [-13, 62],
      [-65, 139],
      [-58, 255],
      [-11, 61],
      [-7, 102],
      [-9, 243],
      [1, 94],
      [-4, 85],
      [-19, 141],
      [-33, 146],
      [-25, 166],
      [-24, 79],
      [-49, 118],
      [-65, 123],
      [-58, 61],
      [-124, 110],
      [-172, 168],
      [-46, -122],
      [-53, -89],
      [-21, 22],
      [-37, -63],
      [19, -28],
      [-74, -125],
      [-40, -61],
      [8, -14],
      [-114, -165],
      [-25, -11],
      [13, -17],
      [-70, -105],
      [19, -12],
      [-11, -33],
      [-57, -81],
      [-63, 50],
      [-29, -9],
      [-18, -28],
      [-40, -106],
      [-38, -68],
      [-10, -62],
      [-31, -10],
      [-23, -22],
      [-18, -37],
      [-19, 31],
      [-16, 53],
      [-43, 115],
      [-14, 66],
      [-39, 16],
      [-30, 42],
      [-44, 25],
      [-15, -2],
      [-40, 35],
      [3, -47],
      [-56, -120],
      [-18, -74],
      [-5, -77],
      [21, -37],
      [16, -113],
      [0, -106],
      [32, -104],
      [-6, -47],
      [1, -72],
      [-12, -96]
    ],
    [
      [58490, 20948],
      [-46, 13],
      [-60, -16],
      [-26, 44],
      [-30, 7],
      [-45, 25],
      [-13, -30],
      [-40, -48],
      [-32, -7],
      [-29, -66],
      [-24, -9],
      [-45, -46],
      [0, -72],
      [-26, -5],
      [-21, 18],
      [-18, 62],
      [-19, 8],
      [-55, -30],
      [-54, 6],
      [-32, -26],
      [-10, -57],
      [-26, -72],
      [4, -49],
      [-79, -43],
      [-81, 15],
      [-66, -146],
      [-49, -88],
      [-59, -8],
      [-50, -55],
      [-52, -38],
      [-13, -28],
      [28, -72],
      [-4, -22],
      [-38, -31],
      [-35, -44],
      [-10, -36],
      [-33, 38],
      [-19, -58],
      [-18, -3],
      [-21, -55],
      [-4, -54],
      [11, -68],
      [-22, -11],
      [-43, -70],
      [-38, 10],
      [1, -36],
      [-22, -35],
      [-38, 8],
      [-8, -26],
      [4, -44],
      [-58, -34],
      [-56, 80],
      [-20, -25],
      [-12, -50],
      [-23, 1],
      [-36, -39],
      [-9, -47],
      [-16, -18],
      [-7, -83],
      [-39, -34],
      [23, -94],
      [21, -126],
      [-66, 15],
      [-6, -85],
      [-46, -71],
      [-35, 1],
      [-48, -23],
      [-27, -3],
      [-25, -96],
      [-28, 6],
      [-29, -42],
      [-35, 10],
      [-17, -37],
      [-48, 28],
      [-98, -71],
      [-16, -41],
      [-22, 25],
      [-37, -39],
      [-57, -17],
      [-27, -45],
      [-33, -20],
      [-29, -42],
      [-108, -70],
      [-52, -16],
      [-35, -41],
      [-18, -51],
      [-26, -170],
      [-48, -78],
      [-71, -64],
      [-16, -3],
      [-17, 26],
      [-68, 19],
      [-36, -13],
      [-9, 9],
      [16, 74],
      [-31, 27],
      [-9, 28],
      [-17, -19],
      [-43, 35],
      [-36, 17],
      [-8, 24],
      [-28, -6],
      [-39, 50],
      [-64, 65],
      [11, 44],
      [-36, 12],
      [-56, 69],
      [-14, 63],
      [17, 51],
      [-73, 139],
      [-40, -17],
      [-76, -61],
      [-8, 27],
      [-11, 113],
      [-19, -19],
      [-37, 1],
      [-51, 52],
      [-15, -15],
      [24, -76],
      [-9, -20],
      [-61, -43],
      [-33, 9],
      [-55, 65],
      [-54, -23],
      [-35, -87],
      [-88, -97],
      [-25, -18],
      [-61, -26],
      [-100, 80],
      [-51, 15],
      [-20, 17],
      [-40, -5],
      [-89, -44],
      [-83, -59],
      [-27, -31],
      [-24, -57],
      [-147, -113],
      [-20, -34],
      [-37, 70],
      [-17, -6],
      [-31, 76],
      [-52, -65],
      [-29, -25],
      [-37, 24],
      [-25, -54],
      [-39, -10],
      [-20, 27],
      [-17, -23],
      [-36, -10],
      [-58, 31],
      [7, -49],
      [-23, -41],
      [-20, -56],
      [-5, -121],
      [-13, -92],
      [-64, -10],
      [-24, 30],
      [-33, 22],
      [0, 98],
      [-24, 70],
      [-67, 98],
      [-33, 56],
      [-13, 6],
      [23, 65],
      [-65, 53],
      [-53, 10],
      [-70, 43],
      [-22, 29],
      [-26, -47],
      [-30, 10],
      [-17, 19],
      [-28, 1],
      [-31, 26],
      [-81, 110],
      [-36, -38],
      [-68, -46],
      [-36, -33],
      [-53, -29],
      [-86, -56],
      [-22, 1],
      [-29, 71],
      [-77, 49],
      [-45, -105],
      [-30, -5],
      [-41, -42],
      [-56, -39],
      [-95, -179],
      [46, -82],
      [41, -145],
      [13, -215],
      [-70, 5],
      [-47, -25],
      [-45, -34],
      [-44, -61],
      [-26, -71],
      [1, -81],
      [-13, -50],
      [-37, -91],
      [19, -174],
      [0, -184],
      [-114, -36],
      [-297, -280],
      [-119, -160],
      [-97, -267],
      [-51, -228],
      [38, -71],
      [267, -453],
      [-233, -476],
      [-150, -332]
    ],
    [
      [52206, 4835],
      [17, -100],
      [19, -82],
      [25, -48],
      [70, -52],
      [96, -1],
      [97, 24],
      [74, -23],
      [50, -22],
      [44, -76],
      [32, -84],
      [38, -63],
      [21, -54],
      [30, -44],
      [43, -38],
      [69, 26],
      [132, 40],
      [38, -25],
      [2, -72],
      [-44, -136],
      [-18, -76],
      [-15, -99],
      [0, -62],
      [14, -94],
      [5, -130],
      [-15, -177],
      [3, -60],
      [15, -94],
      [36, -78],
      [53, -73],
      [38, -33],
      [87, -63],
      [40, -38],
      [57, -39],
      [55, -2],
      [48, -9],
      [63, -4],
      [38, 5],
      [34, -8],
      [67, -57],
      [25, -34],
      [30, -70],
      [19, -65],
      [20, -39],
      [65, -88],
      [27, -56],
      [53, -130],
      [23, -25],
      [169, -227],
      [66, -123],
      [58, -141],
      [30, -49],
      [30, -35],
      [38, -25],
      [168, -60],
      [13, -15],
      [58, 6],
      [49, -4],
      [64, -20],
      [73, -67],
      [16, -56],
      [21, -134],
      [29, -92],
      [44, -95],
      [66, -119],
      [22, -79],
      [14, -183],
      [22, -97],
      [35, -60],
      [59, -76],
      [62, -122],
      [32, -51],
      [45, -54],
      [70, -68],
      [39, -28],
      [72, -12],
      [54, -38],
      [58, -54],
      [45, -53],
      [49, -35],
      [23, -1],
      [91, 66],
      [49, 19],
      [31, -10],
      [100, -104],
      [61, -10],
      [98, 80],
      [79, 89],
      [16, 41],
      [50, 97],
      [45, 39],
      [65, 80],
      [49, 84],
      [4, 42],
      [-37, 123],
      [-8, 51],
      [9, 69],
      [-7, 66],
      [17, 54],
      [64, 78],
      [31, 24],
      [31, 8],
      [35, -35],
      [31, -112],
      [31, -94],
      [39, -106],
      [24, -79],
      [39, -169],
      [46, -92],
      [42, -13],
      [142, -76],
      [84, 4],
      [144, 22],
      [72, -2],
      [53, -8],
      [61, 3],
      [83, 31],
      [57, 47],
      [28, 34],
      [38, 123],
      [15, 73],
      [16, 127],
      [-8, 230],
      [10, 127],
      [46, 113],
      [29, 27],
      [11, 39],
      [64, 136],
      [18, 52],
      [18, 102],
      [53, 140],
      [82, 177],
      [55, 88],
      [58, 159],
      [45, 93],
      [46, 44],
      [44, 54],
      [80, 86],
      [43, 38],
      [237, 154],
      [103, 105],
      [78, 62],
      [39, 25],
      [74, 95],
      [58, 114],
      [52, 58],
      [45, 23],
      [58, 10],
      [38, -6],
      [82, -38],
      [137, -112],
      [37, -39],
      [38, -23],
      [42, -9],
      [68, -52],
      [81, -48],
      [142, -141],
      [77, -39],
      [47, 2],
      [91, -13],
      [93, -44],
      [46, -4],
      [66, -24],
      [71, -40],
      [141, -62],
      [79, 4],
      [34, -29],
      [60, -71],
      [60, -83],
      [29, -21],
      [73, -28],
      [30, 3],
      [28, 18],
      [81, 76],
      [100, 109],
      [67, 56],
      [52, 29],
      [74, 12],
      [86, -40],
      [37, -7],
      [28, 38],
      [13, 57],
      [37, 135],
      [22, 58],
      [12, 145],
      [13, 97],
      [26, 82],
      [31, 51],
      [69, 78],
      [51, 85],
      [35, 134],
      [0, 154],
      [7, 39],
      [34, 95],
      [81, 191],
      [39, 53],
      [120, 60],
      [80, 88],
      [85, 75],
      [49, 51],
      [83, 117],
      [23, 25],
      [71, 55],
      [48, 27],
      [160, 37],
      [22, 21],
      [27, 67],
      [3, 106],
      [-16, 55],
      [-56, 61],
      [-52, 3],
      [-59, 23],
      [-20, 34],
      [-7, 33],
      [-42, 72],
      [-50, 41],
      [-98, 67],
      [-31, 43],
      [-10, 67],
      [-4, 68],
      [-25, 81],
      [-19, 21],
      [-33, 5],
      [-36, -20],
      [-54, -66],
      [-32, -71],
      [-28, -43],
      [-31, -9],
      [-65, 41],
      [-53, 105],
      [-28, 75],
      [-58, 109],
      [-43, 57],
      [-66, 76],
      [-24, 35],
      [-117, 110],
      [-34, 21],
      [-65, 72],
      [-53, 41],
      [-127, 125],
      [-83, 72],
      [-75, 58],
      [-63, 69],
      [-47, 67],
      [-94, 171],
      [-25, 70],
      [-7, 39],
      [-2, 129],
      [-16, 137],
      [-15, 47],
      [-29, 46],
      [-78, 67],
      [-51, 9],
      [-120, 8],
      [-54, 43],
      [-38, 105],
      [-12, 56],
      [-9, 84],
      [5, 105],
      [17, 71],
      [3, 114],
      [-11, 105],
      [-27, 38],
      [-18, 6],
      [-75, -8],
      [-62, -14],
      [-49, 6],
      [-38, 42],
      [-21, 76],
      [-28, 24],
      [-40, 70],
      [-36, 91],
      [-11, 93],
      [14, 136],
      [7, 161],
      [-14, 67],
      [-46, 144],
      [-15, 63],
      [-8, 106],
      [5, 148],
      [13, 219],
      [13, 302],
      [-15, 55],
      [-2, 116],
      [-13, 59],
      [-13, 139],
      [-5, 124],
      [8, 139],
      [13, 130],
      [12, 60],
      [6, 203],
      [25, 274],
      [-7, 73],
      [-17, 95],
      [-14, 322],
      [-16, 86],
      [-43, 58],
      [-94, 187],
      [-49, 135],
      [-87, 84],
      [-43, 56],
      [-81, 122],
      [-11, 33],
      [-57, 84],
      [-52, 118],
      [-30, 106],
      [-21, -8],
      [-36, 120],
      [-73, 160],
      [-9, 34],
      [1, 44],
      [76, 143],
      [63, 92],
      [130, 121],
      [7, -17],
      [71, 57],
      [138, 124],
      [44, 17],
      [67, -17],
      [56, 9],
      [49, -1],
      [92, -14],
      [96, 23],
      [48, 39],
      [39, 78],
      [8, 47],
      [-7, 57],
      [-21, 52],
      [-17, 66],
      [-4, 68],
      [-21, 68],
      [-32, 65],
      [-65, 89],
      [-25, 64],
      [-18, 83],
      [13, 87],
      [25, 123],
      [-12, 75],
      [-29, 57],
      [12, 83],
      [72, 99],
      [35, 34],
      [44, 26],
      [37, 7],
      [103, 30],
      [100, 46],
      [69, 19],
      [73, 1],
      [107, 22],
      [35, 3],
      [61, 30],
      [67, -1],
      [36, 22],
      [23, -4],
      [74, -60],
      [43, -15],
      [105, -23],
      [75, -30],
      [30, 4],
      [50, 38],
      [42, 1],
      [84, 70],
      [54, 32],
      [83, 89],
      [33, 49],
      [28, 75],
      [-2, 88],
      [-21, 77],
      [-25, 41],
      [-27, 24],
      [-33, 8],
      [-133, -10],
      [-29, 22],
      [-52, 118],
      [5, 63],
      [29, 83],
      [16, 15],
      [28, -11],
      [174, 62],
      [41, 1],
      [119, -48],
      [28, -32],
      [60, -32],
      [42, -8],
      [132, -65],
      [42, -2],
      [31, 25],
      [28, 54],
      [57, 41],
      [38, 10],
      [34, -23],
      [10, -48],
      [-15, -106],
      [11, -50],
      [51, -60],
      [44, -38],
      [30, -7],
      [161, -11],
      [59, -20],
      [62, -140],
      [84, -56],
      [54, -19],
      [30, -2],
      [59, 30],
      [26, 23],
      [121, 131],
      [64, 83],
      [45, 70],
      [36, 133],
      [11, 60],
      [20, 56],
      [38, 56],
      [94, 60],
      [-21, 67],
      [18, 45],
      [-13, 43],
      [-1, 42],
      [-45, 6],
      [-50, -22],
      [-39, 35],
      [-19, -9],
      [-23, 22],
      [-41, 12],
      [-17, 43],
      [-31, 5],
      [-21, 76],
      [-28, 34],
      [-28, 67],
      [-7, 89],
      [22, 43],
      [-30, 54],
      [-4, 22],
      [19, 16],
      [2, 43],
      [-21, 33],
      [8, 36],
      [0, 85],
      [-15, 31],
      [14, 24],
      [-7, 18],
      [-49, 41],
      [-18, 0],
      [6, 38],
      [-30, 3],
      [-10, 46],
      [5, 72],
      [-11, 12],
      [13, 36],
      [-5, 34],
      [21, 41],
      [1, 37],
      [-13, 52],
      [-40, -21],
      [-23, 15],
      [-1, 58],
      [-49, 31],
      [-16, 64],
      [-10, 10],
      [-3, 47],
      [-21, 26],
      [-27, -10],
      [-18, 16],
      [-18, 41],
      [7, 49],
      [-7, 20],
      [14, 74],
      [-38, 95],
      [-46, 31],
      [-23, -19],
      [-37, 29],
      [-23, -5],
      [-44, 73],
      [-35, 33],
      [-34, 179],
      [-9, 91],
      [-70, 75],
      [-48, 94],
      [-12, 10],
      [-17, 53],
      [-3, 45],
      [-58, 39],
      [17, 47],
      [-2, 34],
      [11, 80],
      [18, 79],
      [5, 53],
      [-8, 48],
      [10, 23],
      [52, 48],
      [-21, 39],
      [-13, -17],
      [-31, 50],
      [2, 23],
      [-20, 33],
      [-38, -54],
      [-8, -93],
      [3, -51],
      [27, -20],
      [-39, -93],
      [-20, 10],
      [-13, -22],
      [-12, -54],
      [17, -59],
      [-17, -27],
      [-27, 5],
      [-8, -24],
      [8, -38],
      [-24, -37],
      [-10, -53],
      [-28, -59],
      [5, -13],
      [-8, -68],
      [-12, -44],
      [-3, -66],
      [9, -56],
      [-3, -131],
      [-70, -86],
      [-24, -78],
      [-5, 69],
      [5, 54],
      [-25, 2],
      [-4, -25],
      [-49, -14],
      [42, -106],
      [-19, -7],
      [-25, 32],
      [-18, 48],
      [-22, -20],
      [-15, 35],
      [-37, 8],
      [-14, -16],
      [10, -34],
      [-4, -46],
      [40, -104],
      [3, -30],
      [-130, -158],
      [2, -130],
      [-22, -16],
      [-33, 31],
      [-15, 71],
      [-29, 43],
      [28, 185],
      [17, 144],
      [-14, 96],
      [-33, 42],
      [64, 52],
      [-11, 51],
      [-5, 83],
      [48, 65],
      [-11, 34],
      [21, 52],
      [-26, 13],
      [-9, -23],
      [-9, 45],
      [53, 49],
      [-6, 37],
      [34, 42],
      [62, 47],
      [6, -24],
      [18, 9],
      [-3, 23],
      [-22, 13],
      [28, 19],
      [5, -62],
      [13, -5],
      [7, 37],
      [53, -40],
      [2, -28],
      [17, -15],
      [26, 16],
      [22, -12],
      [35, 114],
      [-21, 67],
      [14, 120],
      [23, 47],
      [32, 32],
      [15, 51],
      [21, 31],
      [14, 103],
      [-21, 100],
      [25, 68],
      [5, 118],
      [-23, 9],
      [10, 22],
      [-20, 59],
      [-41, 48],
      [-19, -12],
      [-32, -57],
      [-45, -62],
      [-28, 8],
      [-32, 90],
      [-1, 88],
      [6, 40],
      [37, 54],
      [-9, 26],
      [-35, 49],
      [24, 61],
      [17, 123],
      [17, 59],
      [-11, 56],
      [34, 68],
      [0, 60],
      [-24, 95],
      [19, 37],
      [-24, 65],
      [0, 29],
      [-24, 85],
      [-34, 46],
      [-79, 32],
      [-22, 1],
      [-16, -20],
      [-48, -28],
      [-53, 40],
      [-48, -22],
      [-18, 2],
      [-66, -98],
      [-24, -13],
      [-35, 73],
      [-1, 33],
      [-17, 46],
      [-27, 21],
      [-15, -10],
      [-13, -41],
      [-28, 26],
      [-26, 3],
      [-33, -87],
      [0, -59],
      [-45, -49],
      [-33, -99],
      [27, -49],
      [6, -43],
      [-48, 14],
      [-24, -53],
      [-9, -74],
      [3, -49],
      [18, -94],
      [-30, -93],
      [-39, -50],
      [-18, -86],
      [-22, -21],
      [-48, -67],
      [-24, -47],
      [-48, -65],
      [-81, -63],
      [-72, -19],
      [-46, -37],
      [-63, -73],
      [-40, -97],
      [19, -38],
      [-4, -173],
      [39, -89],
      [16, -121],
      [-19, -67],
      [8, -68],
      [15, -46],
      [60, -75],
      [7, -65],
      [25, -53],
      [16, -110],
      [16, -58],
      [2, -61],
      [21, -128],
      [17, -74],
      [7, -91],
      [-14, -26],
      [-93, -96],
      [-30, 19],
      [-69, 6],
      [-44, 15],
      [-7, 129],
      [-12, 139],
      [-12, -9],
      [-40, 121],
      [-35, 66],
      [-73, 152],
      [-3, 53],
      [-39, 15],
      [9, 53],
      [-15, 90],
      [-74, -25],
      [2, 45],
      [-7, 52],
      [-22, 39],
      [-9, -13],
      [-51, 79],
      [17, 37],
      [20, -4],
      [36, 28],
      [7, 28],
      [20, 14],
      [-8, 42],
      [27, 132],
      [-21, 16],
      [11, 95],
      [15, 19],
      [-8, 45],
      [36, 31],
      [-6, 29],
      [9, 38],
      [20, 13],
      [-11, 42],
      [-17, 3],
      [-39, 39],
      [-16, 30],
      [-22, -22],
      [2, -54],
      [-14, -26],
      [-51, 0],
      [-23, 12],
      [-16, 38],
      [12, 30],
      [-2, 39],
      [-83, 7],
      [7, -37],
      [-29, -74],
      [-78, -13],
      [7, -39],
      [-5, -54],
      [10, -97],
      [28, -65],
      [-6, -26],
      [-40, 81],
      [-7, -4],
      [41, -96],
      [-8, -17],
      [-42, 107],
      [-21, -31],
      [16, -70],
      [28, -50],
      [31, 17],
      [4, 23],
      [36, 50],
      [16, 96],
      [30, 55],
      [-10, -97],
      [17, -21],
      [37, 78],
      [1, 31],
      [-36, 19],
      [26, 64],
      [48, -102],
      [-17, -46],
      [18, -85],
      [43, 17],
      [20, -25],
      [-29, -20],
      [17, -61],
      [-44, -80],
      [-78, -103],
      [-44, -14],
      [-10, 56],
      [28, -8],
      [28, 15],
      [74, 65],
      [46, 69],
      [-17, 61],
      [29, 20],
      [-20, 25],
      [-43, -17],
      [-27, 37],
      [-34, -10],
      [-12, -40],
      [-26, -13],
      [-25, 10],
      [-25, -19],
      [11, -34],
      [-31, 18],
      [9, -42],
      [-18, -56],
      [-15, 12],
      [-20, -47],
      [-35, -11],
      [-8, 93],
      [27, 4],
      [-25, 96],
      [-18, -6],
      [-7, -96],
      [0, -60],
      [13, -30],
      [-20, -37],
      [61, -34],
      [11, -40],
      [20, -12],
      [8, -48],
      [29, -56],
      [32, 37],
      [-7, 17],
      [44, 12],
      [-58, -89],
      [-34, -45],
      [-50, 73],
      [-32, 59],
      [-51, 61],
      [2, 42],
      [-63, 66],
      [-21, 72],
      [-61, 10],
      [-70, 38],
      [-18, 32],
      [0, 72],
      [-18, 89],
      [9, 63],
      [-19, 41],
      [1, 110],
      [22, 71],
      [40, 41],
      [2, 70],
      [-14, 49],
      [-8, 128],
      [-15, 67],
      [1, 55],
      [-8, 40],
      [-48, 81],
      [-34, 87],
      [-31, 102],
      [-26, 47],
      [-70, 37],
      [-105, -177],
      [-17, -24],
      [-92, -70],
      [-1, -35],
      [-25, -3],
      [-44, 43],
      [-67, 23],
      [-10, 14],
      [6, 66],
      [-28, 54],
      [-4, 50],
      [-23, 132],
      [10, 29],
      [-30, 68],
      [0, 46],
      [-14, 72],
      [10, 35],
      [-4, 28],
      [17, 68],
      [-19, 13],
      [-35, -7],
      [-69, 56],
      [-20, 67],
      [-26, 43],
      [-34, -7],
      [-51, -23],
      [-18, -32],
      [-32, -12],
      [-28, 30],
      [15, 35],
      [6, 79],
      [15, 50],
      [17, 21],
      [-17, 33],
      [10, 18],
      [28, 113],
      [2, 23],
      [-52, 1],
      [-4, 23],
      [58, 53],
      [8, 53]
    ],
    [
      [54697, 31156],
      [-29, 32],
      [-4, 32],
      [-50, 64],
      [-24, 48],
      [-65, 42],
      [-53, -17],
      [-58, 42],
      [-37, 4],
      [-25, 24],
      [-34, 12],
      [-24, -8],
      [-36, 41],
      [-90, 49],
      [-60, 16],
      [-20, 61],
      [-24, 17],
      [-26, 120],
      [-41, 22],
      [-14, 23],
      [-7, 49],
      [-32, 24],
      [-17, 40],
      [-29, -25],
      [-21, -2],
      [-21, 79],
      [-22, 16],
      [-26, -21],
      [-47, 69],
      [0, 56],
      [-15, 64],
      [-25, 24],
      [-18, 69],
      [-66, 20],
      [-35, 54],
      [-34, -2],
      [-59, 69],
      [-37, 13],
      [-21, 25],
      [-32, 75],
      [-22, 5],
      [-3, 38],
      [4, 101],
      [14, 111],
      [-67, -18],
      [-29, -24],
      [-8, 9],
      [-57, -20],
      [-28, 23],
      [-44, -5],
      [2, 43],
      [-34, 46],
      [-20, 48],
      [-6, -10],
      [2, -116],
      [-44, 10],
      [-11, -102],
      [-49, -24],
      [-68, -180],
      [-6, -33],
      [18, -74],
      [11, -74],
      [-4, -62],
      [20, -59],
      [-3, -44],
      [22, -107],
      [-36, -2],
      [-35, -56],
      [-15, -70],
      [-15, -131],
      [-29, -98],
      [-14, -19],
      [-32, 42],
      [-54, -16],
      [-21, -37],
      [-61, -30],
      [-23, 40],
      [-28, 9],
      [-24, -8],
      [-49, 40],
      [-9, 35],
      [-47, -23],
      [-28, -46],
      [-43, 75],
      [-55, 1],
      [-26, -39],
      [-26, -66],
      [-54, 12],
      [-69, 59],
      [-19, 32],
      [-12, 71],
      [-16, 10],
      [-48, -80],
      [-16, -78],
      [-17, -45],
      [7, -58],
      [-20, -127],
      [-7, -163],
      [14, -85],
      [1, -62],
      [-23, -67],
      [-43, -54],
      [-45, -23],
      [-37, -45],
      [-44, -13],
      [-22, 21],
      [-39, 77],
      [-40, 29],
      [-25, 59],
      [-39, 5],
      [-6, -41],
      [-26, -34],
      [-34, -20],
      [-1, 15],
      [-44, -21],
      [-18, 11],
      [-25, -17],
      [-38, 29],
      [-23, -35],
      [14, -78],
      [-1, -42],
      [-29, 7],
      [-37, -22],
      [-9, -33],
      [10, -41],
      [24, -38],
      [26, -98],
      [-44, -50],
      [-51, 20],
      [-23, -8],
      [-36, 10],
      [-54, 1],
      [-24, -79],
      [23, 12],
      [8, -115],
      [8, -53],
      [-27, -21],
      [20, -334],
      [52, -962],
      [-49, -37],
      [-165, -144],
      [-64, -45],
      [-25, 0],
      [-14, -83],
      [-128, 24],
      [-85, 9],
      [-52, -67],
      [-38, 212],
      [-35, -32],
      [-58, -21],
      [4, 62],
      [13, 70],
      [31, 90],
      [41, 97],
      [27, 132],
      [-6, 96],
      [-10, 44],
      [-40, -57],
      [-32, -19],
      [-34, 8],
      [-31, 29],
      [-14, 63],
      [-16, 7],
      [-11, -28],
      [-27, 17],
      [-21, -55],
      [-24, 3],
      [-58, -46],
      [-3, 40],
      [-24, 52],
      [-56, 0],
      [-33, -41],
      [-41, -30],
      [-41, -55],
      [-57, -14],
      [-20, -29],
      [-149, -122],
      [-75, -175],
      [-70, -129],
      [-56, -141],
      [-33, 4],
      [-10, -15],
      [-25, 29],
      [-32, -21],
      [-38, 27],
      [-12, 20],
      [-56, 23],
      [14, 27],
      [-38, 33],
      [-29, 68],
      [-67, 38],
      [-11, 20],
      [-23, -43],
      [-37, -92],
      [-224, 130],
      [7, -12],
      [-12, -42],
      [-20, 21],
      [10, 42],
      [-64, 38],
      [-109, 353],
      [-36, -32],
      [13, 30],
      [7, 52],
      [-55, 163],
      [-18, 77],
      [5, 50],
      [22, 31],
      [63, 66],
      [-54, 172],
      [34, 50],
      [-21, 58],
      [-30, 57],
      [-66, 83],
      [-38, 116],
      [-8, 51],
      [-56, -50],
      [-8, 80],
      [-20, 76],
      [-13, 103],
      [-26, 29],
      [7, 74],
      [-37, 59],
      [-15, 87],
      [-26, 62],
      [-3, 51],
      [-221, -13],
      [-38, -10],
      [-14, -44],
      [-20, -26],
      [-11, -47],
      [-40, -41],
      [-25, -9],
      [-52, 15],
      [-34, -61],
      [-35, -46],
      [0, -25],
      [-54, -51],
      [-38, -12],
      [-31, -54],
      [0, -71],
      [-28, -35],
      [-21, 26],
      [-27, 1],
      [-21, -91],
      [-23, -51],
      [-62, 121],
      [-35, 52],
      [-74, 138],
      [-267, 103],
      [-119, 51],
      [-237, 81],
      [-72, 23],
      [-105, -266],
      [-70, 69],
      [-59, 41],
      [1, -17],
      [-28, 18],
      [-53, 17],
      [-86, 100],
      [-42, 34]
    ],
    [
      [58490, 20948],
      [39, 12],
      [20, 32],
      [36, 31],
      [34, 93],
      [15, -12],
      [21, 33],
      [13, 59],
      [30, 71],
      [39, 40],
      [32, 84],
      [21, 12],
      [44, 68],
      [14, 74],
      [22, 28],
      [63, 50],
      [22, 46],
      [30, 30],
      [-3, 50],
      [-12, 24],
      [-5, 55],
      [4, 44],
      [-8, 35],
      [10, 13],
      [31, -1],
      [30, -17],
      [44, -41],
      [3, 63],
      [-3, 119],
      [8, 29],
      [43, 58],
      [36, 25],
      [40, -35],
      [63, 42],
      [10, 44],
      [21, 26],
      [4, 30],
      [16, 9],
      [62, -9],
      [53, 27],
      [38, 44],
      [9, 23],
      [99, 87],
      [13, 61],
      [-7, 31],
      [27, 39],
      [-5, 48],
      [-16, 40],
      [30, 67],
      [76, 92],
      [-3, 12],
      [42, 68],
      [62, 15],
      [41, 25],
      [50, -4],
      [22, 21],
      [37, -36],
      [20, 5],
      [91, 91],
      [52, 31],
      [27, 33],
      [119, 176],
      [46, 23],
      [86, -10],
      [34, 5],
      [40, 28],
      [23, -8],
      [26, 19],
      [90, 93],
      [52, 32],
      [24, 26],
      [42, 9],
      [87, 85],
      [197, 242],
      [43, 57],
      [81, 79],
      [52, 1],
      [38, 41],
      [19, 36],
      [38, 34],
      [40, 24],
      [17, 65],
      [18, 27],
      [57, 26],
      [48, 12],
      [45, -8],
      [35, 27],
      [62, 0],
      [22, 71],
      [-1, 38],
      [23, 71],
      [16, 31],
      [20, 8],
      [15, -17],
      [35, -3],
      [46, -34],
      [45, 19],
      [30, -5],
      [18, -18],
      [46, 39],
      [25, 71],
      [33, -18],
      [17, 47],
      [23, 108],
      [44, 75],
      [40, -21],
      [90, -79],
      [83, -25],
      [20, 13],
      [31, 58],
      [23, 21],
      [47, 65],
      [10, 123],
      [27, 67],
      [108, 127],
      [16, 82],
      [37, 33],
      [18, 50],
      [51, 35],
      [51, 19],
      [39, 61],
      [35, 31],
      [-10, 44],
      [33, 46],
      [29, 24],
      [60, 11],
      [27, 30],
      [42, -7],
      [35, 6]
    ],
    [
      [62995, 25520],
      [-6, 17],
      [14, 96],
      [-26, 25],
      [-2, 54],
      [12, 65],
      [-20, 85],
      [-47, 13],
      [-23, 63],
      [-9, 60],
      [2, 113],
      [-22, 80],
      [22, 107],
      [-6, 79],
      [-28, 98],
      [-15, 17],
      [-16, -11],
      [-42, 31],
      [-45, 11],
      [-31, 50],
      [-33, 97],
      [-23, 14],
      [-24, 40],
      [-57, 24],
      [-18, 45],
      [-24, 88],
      [0, 52],
      [-16, 4],
      [-255, -10],
      [-32, 52],
      [5, 97],
      [-16, 50],
      [17, 0],
      [-35, 48],
      [-9, 79],
      [-14, 56],
      [8, 9],
      [50, -14],
      [9, 49],
      [-3, 48],
      [-56, 19],
      [-41, 81],
      [-36, 52],
      [11, 15],
      [-11, 59],
      [-47, 121],
      [21, 7],
      [45, 140],
      [3, 51],
      [25, 111],
      [-9, 27],
      [-3, 62],
      [-10, 46],
      [72, 29],
      [23, -1],
      [58, 84],
      [43, 6],
      [7, 119],
      [-23, 39],
      [-15, 44],
      [9, 37],
      [-8, 39],
      [-12, -10],
      [17, 101],
      [-10, 23],
      [-14, -15],
      [-33, 21],
      [18, 75],
      [-18, 67],
      [-34, 45],
      [-28, 57],
      [-9, 90],
      [0, 67],
      [-9, 66],
      [-38, 81],
      [7, 25],
      [-20, 39],
      [-9, 64],
      [-29, 14],
      [-18, -29],
      [-8, -43],
      [-29, -4],
      [-21, 48],
      [-44, 42],
      [-60, 75],
      [-74, 105],
      [-18, 42],
      [50, 91],
      [31, 48],
      [85, 57],
      [55, 19],
      [56, 9],
      [-4, -168],
      [34, 12],
      [28, 33],
      [27, 14],
      [3, 126],
      [88, 89],
      [-1, 28],
      [50, 47],
      [198, 130],
      [43, -18],
      [33, -34],
      [54, 44],
      [27, 7],
      [41, 63],
      [16, 51],
      [85, 156],
      [-14, 31],
      [-30, 12],
      [-86, 7],
      [-73, 1],
      [-19, -9],
      [-42, -51],
      [-37, -28],
      [-34, -8],
      [-94, 23],
      [-27, 27],
      [-17, 50],
      [0, 74],
      [29, 206],
      [-4, 45],
      [-42, 138],
      [-13, 84],
      [8, 95],
      [-26, -9],
      [-10, -46],
      [-44, -5],
      [-38, 9],
      [-22, 36],
      [2, 26],
      [-30, 34],
      [16, 12],
      [-7, 27],
      [27, 8],
      [10, 19],
      [-23, 39],
      [-26, 8],
      [-2, 28],
      [21, -2],
      [-8, 26],
      [27, 31],
      [-29, 48],
      [23, 8],
      [-4, 45],
      [27, 21],
      [-18, 12],
      [27, 61],
      [-2, 47],
      [-12, 31],
      [13, 49],
      [7, 67],
      [18, 40],
      [-20, 21],
      [-27, 7],
      [-14, 29],
      [-76, 27],
      [9, 16],
      [-7, 49],
      [-229, 65],
      [24, 162],
      [-66, 13],
      [-58, 26],
      [-309, -56],
      [-46, 9],
      [-24, -77],
      [-88, -22],
      [-41, 57],
      [-14, -14],
      [12, -39],
      [11, -72]
    ],
    [
      [61260, 32006],
      [18, -25],
      [32, -136],
      [15, -27],
      [-1, -67],
      [-14, -75],
      [-21, -77],
      [-36, -67],
      [-30, -21],
      [1, -47],
      [-29, -80],
      [-27, -28],
      [-12, -33],
      [18, -24],
      [27, 29],
      [-3, -49],
      [-27, -2],
      [-9, -27],
      [-24, 23],
      [-10, -12],
      [5, -89],
      [21, -58],
      [-56, 53],
      [-23, 32],
      [-39, 73],
      [-65, 150],
      [-21, 28],
      [-30, 10],
      [-25, -18],
      [-21, -123],
      [-15, -41],
      [-20, -28],
      [-106, -77],
      [-41, -15],
      [-18, -51],
      [19, -72],
      [3, -50],
      [-12, -37],
      [-48, -89],
      [-14, -15],
      [-60, -2],
      [-54, 28],
      [-60, -19],
      [-97, -97],
      [-54, -42],
      [-101, -64],
      [-50, -9],
      [-69, 62],
      [-110, 92],
      [-94, 90],
      [-53, 20],
      [-51, -48],
      [-25, -48],
      [-34, -32],
      [-43, -1],
      [-89, 25],
      [-57, 2],
      [-81, -30],
      [-18, 53],
      [85, 50],
      [-34, 96],
      [-4, 40],
      [12, 52],
      [-18, 55],
      [-48, 30],
      [-43, 46],
      [-38, 95],
      [21, 16],
      [51, 82],
      [49, 44],
      [42, 22],
      [30, -1],
      [24, -15],
      [52, 252],
      [-16, 26],
      [13, 58],
      [40, 62],
      [33, -4],
      [53, -28],
      [1, 33],
      [-14, 47],
      [24, 113],
      [1, 63],
      [-21, 90],
      [-33, -88],
      [-31, -67],
      [-21, -25],
      [-47, -18],
      [-16, -16],
      [-25, -64],
      [-46, -48],
      [-22, -10],
      [-26, 21],
      [-17, -5],
      [-35, 66],
      [-44, -47],
      [-21, -66],
      [-11, -81],
      [-37, -32],
      [-17, -45],
      [-73, -21],
      [-56, -2],
      [-86, -47],
      [-18, 19],
      [-33, 93],
      [2, 122],
      [-3, 28],
      [-18, -12],
      [-21, 95],
      [3, 38],
      [-58, 113],
      [-11, 55],
      [-5, 112],
      [13, 5],
      [-18, 83],
      [-17, 49],
      [-16, 72],
      [-14, 94],
      [-15, 5],
      [0, 71],
      [7, 99],
      [17, 75],
      [15, 27],
      [29, -6],
      [26, 31],
      [70, 21],
      [25, 37],
      [-8, 24],
      [19, 158],
      [-1, 125],
      [-31, 90],
      [17, 39],
      [10, 70],
      [-17, 24],
      [-69, -69],
      [-45, -63],
      [-37, 1],
      [-13, 21],
      [-37, -14],
      [-14, 14],
      [-39, 104],
      [-28, -56],
      [12, -39],
      [-1, -43],
      [-32, 42],
      [-28, -31],
      [8, -29],
      [-20, -16],
      [-10, -50],
      [-20, 6],
      [-15, -38],
      [1, -90],
      [-4, -77],
      [-62, 2],
      [-5, -47],
      [-14, 10],
      [-26, -83],
      [-8, 46],
      [-13, 16],
      [25, 16],
      [-22, 23],
      [18, 21],
      [-10, 57],
      [20, 49],
      [6, 85],
      [25, 1],
      [-6, 31],
      [17, -4],
      [-27, 77],
      [14, 13],
      [-4, 42],
      [-17, 4],
      [-11, -22],
      [-67, -7],
      [-57, 38],
      [-28, 85],
      [-18, 28],
      [-49, 41],
      [2, 30],
      [-21, 61],
      [-20, 30],
      [10, 18],
      [-22, 40],
      [-25, 14],
      [-19, 104],
      [-14, 0],
      [-8, 49],
      [-23, -8],
      [-34, 33],
      [-17, -15],
      [-31, 38],
      [-38, 24],
      [-12, -52],
      [-13, 32],
      [-37, -36],
      [-7, -23],
      [-27, 44],
      [-18, 57],
      [-15, 17],
      [-7, 41],
      [-34, 84],
      [-21, 24],
      [-15, 93],
      [-39, 51],
      [-12, 48],
      [-35, 15],
      [-46, 7],
      [-25, 37],
      [-18, 64],
      [-10, 3],
      [-14, 68],
      [-27, 42],
      [-6, 33],
      [-50, 61],
      [-2, 62]
    ],
    [
      [57542, 34694],
      [-23, 4],
      [-89, -50],
      [-23, -24],
      [-37, -78],
      [-56, -60],
      [-24, -6],
      [-20, -53],
      [-53, -83],
      [-53, -33],
      [-12, 2],
      [-21, -36],
      [-34, -103],
      [-15, -26],
      [-35, -32],
      [-17, -89],
      [1, -41],
      [23, -33],
      [-1, -42],
      [30, -68],
      [22, -104],
      [19, -48],
      [-3, -35],
      [-22, -74],
      [-53, -97],
      [22, -34],
      [-9, -44],
      [-16, -135],
      [36, -36],
      [74, 33],
      [21, -55],
      [30, 2],
      [44, -21],
      [-8, -84],
      [-20, -48],
      [6, -31],
      [27, -29],
      [12, -43],
      [29, -39],
      [5, -30],
      [42, -33],
      [2, -26],
      [-22, -57],
      [-81, -39],
      [-35, -34],
      [-31, -64],
      [-62, -68],
      [-27, -50],
      [1, -75],
      [-16, -20],
      [-3, -41],
      [-18, -10],
      [-4, -85],
      [-26, -1],
      [-6, -72],
      [-14, -35],
      [-25, 34],
      [-19, -39],
      [19, -29],
      [23, 3],
      [-18, -48],
      [14, -25],
      [27, 13],
      [7, -31],
      [-17, -3],
      [-21, -37],
      [-76, -60],
      [-4, -17],
      [-53, -2],
      [-9, 15],
      [-53, 22],
      [-10, -44],
      [41, -44],
      [38, 7],
      [31, -10],
      [34, -24],
      [25, 14],
      [63, -64],
      [-3, -28],
      [-43, -62],
      [-28, -25],
      [-61, -20],
      [-37, -27],
      [-7, -40],
      [-19, -56],
      [-29, -50],
      [-7, -72],
      [-50, -33],
      [-29, -61],
      [-56, -2],
      [-27, -17]
    ],
    [
      [56620, 31319],
      [31, -131],
      [16, -15],
      [13, -64],
      [19, -13],
      [1, -48],
      [25, -57],
      [22, -17],
      [21, -56],
      [17, -21],
      [11, -45],
      [22, -31],
      [6, -68],
      [39, -45],
      [31, -54],
      [16, -73],
      [-1, -34],
      [17, -41],
      [57, -23],
      [10, -56],
      [36, -4],
      [6, -48],
      [41, -10],
      [26, -41],
      [3, -89],
      [-10, -55],
      [12, -6],
      [-1, -36],
      [20, 1],
      [20, -23],
      [-17, -139],
      [7, -27],
      [31, 11],
      [-2, -130],
      [-17, -63],
      [28, 1],
      [46, -46],
      [77, 64],
      [56, 53],
      [6, -56],
      [14, -2],
      [-6, -34],
      [12, -104],
      [73, -76],
      [8, 44],
      [25, 22],
      [45, 90],
      [62, 38],
      [39, 65],
      [9, 87],
      [24, 7],
      [36, 104],
      [27, 5],
      [69, 47],
      [23, -13],
      [46, -3],
      [26, -27],
      [54, 48],
      [25, 8],
      [74, -148],
      [44, -155],
      [-5, -59],
      [12, -62],
      [21, -9],
      [56, -3],
      [21, -43],
      [78, -96],
      [-30, -73],
      [26, -28],
      [43, -66],
      [-47, -28],
      [-42, -36],
      [-16, -27],
      [-15, -55],
      [-61, -112],
      [-23, -102],
      [-21, -21],
      [-47, -111],
      [-7, -47],
      [-16, -19],
      [-25, -59],
      [-50, -50],
      [-54, -23],
      [-53, 5],
      [-52, -56],
      [-40, -16],
      [-21, 6],
      [-87, 1],
      [-82, -14],
      [-48, -31],
      [-34, -64],
      [0, -74],
      [-28, -98],
      [-20, -23],
      [-84, -55],
      [-37, -40],
      [-33, -21],
      [23, -25],
      [44, -28],
      [18, -43],
      [21, 8],
      [20, -17],
      [5, -51],
      [25, -21],
      [8, -33],
      [-21, -60],
      [24, -66],
      [24, -6],
      [2, -49],
      [-31, -22],
      [-33, -42],
      [-21, -40],
      [-3, -30],
      [-20, -38],
      [-56, -14],
      [32, -94],
      [-17, -7],
      [-3, -82],
      [-13, -42],
      [40, -19],
      [-5, -79],
      [-15, -15],
      [48, -56],
      [40, -98],
      [68, 26],
      [24, 60],
      [49, -43],
      [70, -88],
      [3, -33],
      [57, -58],
      [7, -24],
      [101, -26],
      [12, -80],
      [0, -137],
      [-55, -25],
      [27, -85],
      [52, 74],
      [2, -43],
      [41, -28],
      [10, -35],
      [-5, -26],
      [12, -33],
      [35, -45],
      [8, -52],
      [-18, -26],
      [1, -49],
      [14, -59],
      [28, -36],
      [27, -15],
      [33, -78],
      [-25, -82],
      [-26, -60],
      [-22, -94],
      [10, -30],
      [-5, -43],
      [20, -41],
      [-1, -73],
      [7, -50],
      [-11, -183],
      [56, -52],
      [-8, -106],
      [-44, -31],
      [-24, -4],
      [-67, -44],
      [-45, -16],
      [-8, -21],
      [-111, -81],
      [-54, -91],
      [-14, 24],
      [-38, 12],
      [-9, -67],
      [-72, 59],
      [-12, -13],
      [-36, 26],
      [-67, -19],
      [-59, 46],
      [-21, 24],
      [-40, 80],
      [-13, 37],
      [-36, 30],
      [-55, 75],
      [-69, 46],
      [-51, 52],
      [-49, 39],
      [-58, 70],
      [-59, 57],
      [-57, -11],
      [-53, 36],
      [-73, -18],
      [-34, 7],
      [-59, -96],
      [-15, -35],
      [-14, -70],
      [-10, -103],
      [-14, -59],
      [-5, -135],
      [-24, -79],
      [-7, -37],
      [-22, -3],
      [-89, 88],
      [-101, -39],
      [21, -115],
      [-11, -110],
      [-11, -49],
      [26, -8],
      [39, -45],
      [-31, -31],
      [-24, 13],
      [-56, -19],
      [-37, -22],
      [-34, -120],
      [-20, -92],
      [-15, 4],
      [-60, 69],
      [-10, 34],
      [-19, 19],
      [-38, -13],
      [-27, -23],
      [34, -47],
      [-16, -76],
      [22, -122],
      [6, -1],
      [0, -121],
      [-9, -86],
      [26, -109],
      [-14, -59],
      [-73, -82],
      [-100, -14],
      [-73, 3],
      [-112, 33],
      [-20, 29],
      [-48, 22],
      [-70, 45],
      [-7, 56],
      [-25, 45],
      [-91, -28],
      [-82, -70],
      [-19, 40],
      [-17, 81],
      [-48, 32],
      [-1, 94],
      [-13, 29],
      [-68, 108],
      [7, 23],
      [-23, 14],
      [-47, -21],
      [10, -96],
      [18, -84],
      [-6, -83],
      [-47, 0],
      [-47, -117],
      [-46, -44],
      [-12, 1],
      [9, 59],
      [-49, 25],
      [30, 87],
      [-55, 24],
      [-2, 29],
      [18, 76],
      [-13, 42],
      [-39, -11],
      [-14, -24],
      [-52, -8],
      [-24, -46],
      [-26, -7],
      [-4, -39],
      [-46, -109],
      [-9, -74],
      [-31, -56],
      [-23, 14],
      [-57, 61],
      [-41, 79],
      [-6, 59],
      [-26, 77],
      [-38, 71],
      [-23, 67],
      [-26, 52],
      [1, 29],
      [-28, 73],
      [0, 70],
      [-39, 58],
      [-13, 57],
      [-3, 64],
      [5, 87],
      [-86, 83],
      [-29, -13],
      [-31, 14],
      [-70, 152],
      [-51, -70],
      [-71, -73],
      [-42, 81],
      [-67, -112],
      [-53, -109],
      [-31, -132],
      [1, -107],
      [45, -60],
      [12, -56],
      [19, -10],
      [8, -82],
      [-23, -90],
      [-25, -44],
      [-27, -76],
      [46, -50],
      [-21, -73],
      [-34, -64],
      [13, -35],
      [18, 8],
      [16, -37],
      [21, -8],
      [-3, -67],
      [15, -41],
      [47, -16],
      [12, -58],
      [25, -76],
      [11, -72],
      [-18, 25],
      [-20, -41],
      [-51, -7],
      [-43, -29],
      [-17, 15],
      [-43, -18],
      [-8, -43],
      [-21, 3],
      [-18, -49],
      [5, -61],
      [-6, -44],
      [82, -135],
      [-103, -160],
      [-26, -109],
      [-10, 0],
      [-101, -41],
      [-10, -262],
      [14, -58],
      [22, -33],
      [24, -14],
      [42, -51],
      [32, -78],
      [53, -102],
      [23, -10],
      [52, -63],
      [37, -59],
      [40, -31],
      [35, -63],
      [49, -60],
      [18, -34],
      [36, -41],
      [-58, -83],
      [-29, -51],
      [-59, -141],
      [-78, -154],
      [-25, -109],
      [-13, -77],
      [-68, 101],
      [-48, 56],
      [-68, 22],
      [-47, -3],
      [-28, 43],
      [-75, 53],
      [-56, 83],
      [-34, 36],
      [-50, 76],
      [-73, 51],
      [-14, 23],
      [-50, 43],
      [-21, 7],
      [-57, 49],
      [-55, 97],
      [-37, 91],
      [-61, 78],
      [-46, 71],
      [-70, 89],
      [-129, 153],
      [-41, 68],
      [36, 49],
      [25, 81],
      [40, 92],
      [31, 99],
      [21, 35],
      [-8, 19],
      [-95, 160],
      [-52, 105],
      [-45, 51],
      [-16, 47],
      [-146, 308],
      [-11, 49],
      [-57, 118],
      [-64, 87],
      [-31, 50],
      [-85, 117],
      [-53, 97],
      [-31, 75],
      [-13, -9],
      [-32, 54],
      [24, 43],
      [21, 80],
      [10, -7],
      [13, 41],
      [-4, 102],
      [15, 43],
      [-40, 39],
      [-25, 11],
      [-60, 191],
      [18, 76],
      [-2, 45],
      [-22, 61],
      [76, 15],
      [97, 93],
      [58, 99],
      [25, 59],
      [35, 44],
      [88, 89],
      [71, 126],
      [26, 33],
      [67, 48],
      [43, 58],
      [64, 133],
      [10, 47],
      [19, 46],
      [28, 106],
      [29, 94],
      [41, 110],
      [6, 39],
      [35, 51],
      [55, 119],
      [-1, 143],
      [10, 74],
      [19, 17],
      [54, 73],
      [19, 7],
      [35, -22],
      [58, 1],
      [28, 35],
      [9, 32],
      [51, 97],
      [33, 17],
      [71, -12],
      [-14, 395],
      [64, 283],
      [38, 77],
      [-19, 47],
      [-9, 53],
      [6, 29],
      [53, -86],
      [29, -54],
      [24, -16],
      [65, -90],
      [64, -28],
      [57, 3],
      [55, -20],
      [13, 8],
      [36, 62],
      [6, 50],
      [-20, 149],
      [7, 221],
      [-23, 35],
      [-18, 67],
      [25, 138],
      [10, 20],
      [57, 34],
      [25, -2],
      [58, 33],
      [1, 21],
      [27, 40],
      [20, 10],
      [24, 36],
      [15, 109],
      [-1, 66],
      [-18, 29],
      [14, 93],
      [-2, 37],
      [11, 58],
      [-11, 98],
      [10, 39],
      [-14, 45],
      [-32, 52],
      [-29, 80],
      [-38, 39],
      [-44, 117],
      [73, 141],
      [32, 28],
      [21, -68],
      [64, -27],
      [13, 23],
      [39, -44],
      [36, -21],
      [118, 43],
      [59, 15],
      [74, 28],
      [86, -69],
      [26, -37],
      [32, -9],
      [34, 355],
      [29, 95],
      [4, 96],
      [-9, 182],
      [-19, 33],
      [2, 67],
      [-25, 160],
      [-20, 81],
      [-3, 37],
      [-26, 69],
      [7, 46],
      [110, -6],
      [6, 45],
      [-23, 30],
      [-2, 22],
      [-28, 9],
      [20, 43],
      [-67, 42],
      [20, 44],
      [17, 4],
      [-9, 27],
      [22, 85],
      [56, 85],
      [12, 75],
      [35, 88],
      [45, 64],
      [-4, 52]
    ],
    [
      [56620, 31319],
      [-41, -20],
      [-51, -55],
      [-58, -7],
      [-13, -40],
      [-20, -8],
      [-59, -66],
      [-1, -27],
      [-28, -68],
      [-3, -62],
      [-17, -41],
      [-22, -28],
      [-36, -13],
      [-30, -44],
      [-85, -49],
      [-59, 8],
      [-47, -48],
      [-13, -44],
      [-38, -24],
      [-32, -36],
      [-24, 4],
      [-20, -16],
      [-72, 37],
      [-39, 37],
      [-1, -13],
      [-54, 40],
      [-25, 38],
      [-5, 62],
      [-67, 39],
      [-8, 19],
      [-116, -6],
      [-36, 11],
      [-40, -1],
      [-38, 22],
      [-18, 50],
      [-31, 0],
      [-45, 34],
      [-51, 48],
      [1, 50],
      [-57, -47],
      [-26, 7],
      [-30, -19],
      [-18, 4],
      [-38, -46],
      [-20, 1],
      [-40, 37],
      [-57, 95],
      [-29, 91],
      [-1, 26],
      [-28, 6],
      [-19, -20],
      [-37, -76],
      [-25, -28],
      [-15, -61],
      [-47, 3],
      [-17, 49],
      [-40, 31],
      [-37, 1]
    ],
    [
      [57542, 34694],
      [20, 77],
      [-17, 39],
      [-34, 25],
      [-4, -20],
      [-36, -7],
      [-34, 26],
      [-23, 48],
      [-32, 16],
      [-19, -9],
      [-58, -50],
      [-4, 30],
      [-69, 13],
      [-44, -10],
      [-39, 12],
      [-12, 23],
      [-36, 22],
      [-16, 35],
      [-19, 8],
      [-10, 40],
      [7, 70],
      [-17, 12],
      [-47, 63],
      [-20, -31],
      [-8, -34],
      [-30, 60],
      [-38, 52],
      [-42, -19],
      [-19, 5],
      [-27, -24],
      [-29, 3],
      [-58, -20],
      [-24, 27],
      [0, -44],
      [-36, 34],
      [-9, 44],
      [-4, 73],
      [-46, 2],
      [-15, 21],
      [-9, 93],
      [-47, -25],
      [-52, -6],
      [-30, 109],
      [-37, 17],
      [-29, 39],
      [2, 121],
      [-20, -2],
      [-44, 29],
      [-98, -7],
      [-31, 17],
      [-40, 84],
      [-21, 207],
      [-19, 0],
      [2, 53],
      [-19, 3],
      [-46, 49],
      [-9, 41],
      [-40, 43],
      [-1, 25],
      [-26, 23],
      [-37, 55],
      [-10, 38],
      [-65, -2],
      [-46, 77],
      [-35, 43],
      [-30, 3],
      [10, 68],
      [-20, -3],
      [-46, 16],
      [-27, 63],
      [-32, 55],
      [-15, 51],
      [-21, 33],
      [-11, -6],
      [-57, 54],
      [-34, -3],
      [-40, -19],
      [-18, 40],
      [37, 25],
      [-38, 234],
      [-6, 3],
      [15, 108],
      [-5, 67],
      [-21, -1],
      [-13, 83],
      [35, 65],
      [-10, 11],
      [12, 41],
      [-31, -21],
      [-33, 24],
      [-18, -22],
      [-43, 17],
      [-53, 111],
      [-56, 129],
      [-64, -15],
      [-16, 79],
      [7, 105],
      [-22, 58],
      [3, 67],
      [15, 26],
      [-24, 44],
      [-27, 75],
      [-5, 74],
      [-25, 23],
      [-24, 80],
      [7, 39],
      [1, 117],
      [8, 69],
      [17, 49],
      [19, 84],
      [64, 81],
      [44, 23],
      [30, 40],
      [17, -16],
      [40, -1],
      [31, -19],
      [83, 16],
      [-4, 26],
      [21, 57],
      [14, 5],
      [16, 101],
      [-49, 166],
      [20, 19],
      [27, -8],
      [56, 50],
      [23, 36],
      [0, 54],
      [-16, 29],
      [-14, 69],
      [11, 38],
      [-10, 77],
      [-1, 65],
      [-74, -4],
      [-18, 51],
      [57, 43],
      [-7, 14],
      [73, -16],
      [24, -19],
      [36, 44],
      [-1, 18],
      [-36, 12],
      [-55, -25],
      [-37, 6],
      [-39, -8],
      [-41, -23],
      [-77, -76],
      [-80, -43],
      [-20, -22],
      [-18, 16],
      [-15, -23],
      [-34, 35],
      [-9, 61],
      [-28, 30],
      [-12, -31],
      [0, -42],
      [16, -111],
      [9, -28],
      [-12, -83],
      [-39, -59],
      [-41, -22],
      [-60, 5],
      [28, -27],
      [-22, -31],
      [-25, 14],
      [-35, -15],
      [-71, 8],
      [-61, -10],
      [-29, 2],
      [-35, -42],
      [-25, 36],
      [-46, -36],
      [-11, -43],
      [-4, -90],
      [-11, -14],
      [-13, -70],
      [5, -85],
      [-28, -90],
      [-31, -49],
      [5, -25],
      [-13, -29],
      [-8, -51],
      [-28, -10],
      [-17, 93],
      [18, 53],
      [-34, 82],
      [17, 14],
      [27, 160],
      [-8, 32],
      [10, 35],
      [-16, -4],
      [2, 46],
      [-14, 27],
      [12, 19],
      [-54, 53],
      [6, 54],
      [-26, 45],
      [-1, 36],
      [14, 26],
      [-27, 52],
      [-11, 6],
      [15, 33],
      [-10, 88],
      [-1, 96],
      [17, 48],
      [5, 64],
      [-9, 22],
      [-70, 70],
      [-6, 51],
      [-16, 21],
      [-37, 22],
      [-34, -15],
      [-51, 9],
      [-31, 24],
      [-50, -13],
      [-61, 41],
      [-16, 29],
      [-29, 13],
      [-50, 49],
      [-37, 24],
      [-16, 43],
      [-32, -1],
      [-36, 35],
      [-36, 51],
      [-37, 91],
      [-12, 7],
      [-38, -14],
      [-69, -2],
      [-17, 35],
      [18, 31],
      [50, -4],
      [27, 31],
      [-11, 148],
      [2, 21],
      [-32, 53],
      [16, 29],
      [-3, 74],
      [-12, 3],
      [-31, 52],
      [-13, 87],
      [-36, 47],
      [-68, 104],
      [-23, 67]
    ],
    [
      [53513, 41074],
      [-22, -4],
      [-43, 17],
      [-55, 7],
      [-52, 70],
      [-48, 27],
      [-30, 63],
      [-11, -30],
      [-44, -47],
      [-34, 69],
      [-9, -17],
      [-55, 64],
      [-41, -12],
      [-69, -5],
      [-29, -50],
      [-1, -35],
      [-34, -49],
      [20, -122],
      [-13, -87],
      [-1, -61],
      [12, -37],
      [10, -89],
      [29, -119],
      [-10, -6],
      [-108, 32],
      [-68, 37],
      [-49, 35],
      [-71, -4],
      [-7, 74],
      [-23, -76],
      [-16, 18],
      [29, 137],
      [-55, 21],
      [-57, -27],
      [-56, -11],
      [-51, -23],
      [-96, -11],
      [-144, -123],
      [-12, -123],
      [9, -47],
      [-6, -53],
      [19, -22],
      [-10, -116],
      [-8, -19],
      [8, -39],
      [-22, -40],
      [-16, 3],
      [-16, -44],
      [-3, -41],
      [-20, -9],
      [18, -21],
      [-2, -31],
      [-30, -30],
      [-19, 30],
      [-30, -27],
      [-34, -4],
      [-88, 34],
      [-34, 5],
      [-23, -13],
      [-37, 6],
      [-18, -45],
      [-33, 29],
      [-11, -14],
      [-30, 19],
      [-41, -28],
      [-48, 4],
      [-47, -9],
      [-56, 41],
      [-53, -2],
      [-45, 18],
      [-67, -16],
      [-9, -24],
      [-37, 15],
      [-83, 10],
      [-6, 17],
      [-30, -21],
      [-47, -115],
      [-60, -82],
      [-18, -99],
      [8, -87],
      [-19, -45],
      [70, -3],
      [64, -39],
      [15, -89],
      [16, -69],
      [27, -82],
      [18, -38],
      [33, -43],
      [25, -55],
      [2, -115],
      [-3, -28],
      [33, -33],
      [6, -76],
      [-25, -21],
      [6, -19],
      [54, -21],
      [-6, -34],
      [48, -74],
      [2, -32],
      [-28, -2],
      [-32, -35],
      [3, -40],
      [-10, -15],
      [-36, -3],
      [4, -62],
      [-9, -24],
      [-5, -155],
      [10, -60],
      [-6, -29],
      [31, -60],
      [-15, -17],
      [-39, 29],
      [-6, 42],
      [-38, -26],
      [-33, -10],
      [-43, -34],
      [-15, -40],
      [-22, 69],
      [-1, 27],
      [-24, -32],
      [-29, -13],
      [-4, -24],
      [30, -62],
      [-41, -26],
      [16, -28],
      [-18, -32],
      [-83, -29],
      [-64, -33],
      [-105, -135],
      [-3, -75],
      [14, 5],
      [-2, -56],
      [22, -10],
      [16, -34],
      [7, -66],
      [49, -88],
      [11, -47],
      [-15, -49],
      [-69, -120],
      [-67, -99],
      [-15, 22],
      [-32, -37],
      [-48, -1],
      [-68, 50],
      [-26, 37],
      [-34, 13],
      [-26, -11],
      [-28, 49],
      [-22, -34],
      [-39, -10],
      [26, -25],
      [24, -47],
      [-15, -66],
      [-15, 15],
      [-32, -22],
      [-66, 39],
      [-25, 5],
      [-23, -40],
      [-46, 50],
      [0, 20],
      [-47, 83],
      [-18, 1],
      [-10, 33],
      [-41, -9],
      [-7, 18],
      [-55, 42],
      [-38, 38],
      [-47, 58],
      [-6, 44],
      [-37, 43],
      [-21, 52],
      [-42, -20],
      [-38, 16],
      [-35, -10],
      [-27, -24],
      [-15, 5],
      [-67, -42],
      [-68, 12],
      [-33, 29],
      [-51, 13],
      [-31, 23],
      [-28, 1],
      [-38, -29],
      [-48, -12],
      [-12, 42],
      [-13, 89],
      [-36, 81],
      [-17, 15],
      [-9, 55],
      [-33, 49],
      [-1, 36],
      [-21, 44],
      [-52, 16],
      [-24, 32],
      [-30, 6],
      [-36, 40],
      [-74, 43],
      [-21, -8],
      [-68, 46],
      [-28, 0],
      [-79, 31],
      [-91, -5],
      [-87, -40],
      [-33, -46],
      [-42, -28],
      [-94, -133],
      [-6, -26],
      [-16, 11],
      [-28, -13],
      [5, -44],
      [19, -20],
      [20, 23],
      [-18, -60],
      [-12, -67],
      [-24, -67],
      [28, -91],
      [15, -79],
      [23, -33],
      [0, -76],
      [-16, -41],
      [-10, -87],
      [-37, -86],
      [-34, -35],
      [-6, 32],
      [-53, 58],
      [-22, 42],
      [-49, -65],
      [-25, -14],
      [-45, 11],
      [-54, -36],
      [-29, 6],
      [-17, -30],
      [-28, 7],
      [-19, 30],
      [-42, -52]
    ],
    [
      [67128, 28927],
      [-16, 112],
      [14, 80],
      [-6, 47],
      [24, 62],
      [5, 71],
      [140, -95],
      [197, 3],
      [48, -55],
      [-5, -43],
      [7, -92],
      [17, -92],
      [-1, -35],
      [19, -37],
      [0, -50],
      [68, -126],
      [54, -63],
      [39, -23],
      [15, -25],
      [33, -88],
      [8, -76],
      [22, -6],
      [25, 46],
      [-3, 41],
      [21, 58],
      [28, 110],
      [9, 118],
      [-13, 85],
      [9, 117],
      [19, 73],
      [59, 60],
      [27, 49],
      [11, 43],
      [62, 94],
      [24, 49],
      [44, 68],
      [7, 74],
      [31, 95],
      [14, 93],
      [-11, 48],
      [29, -15],
      [41, -70],
      [70, -60],
      [19, -34],
      [10, -58],
      [60, -69],
      [22, -48],
      [19, -7],
      [42, -58],
      [52, -37],
      [56, -23],
      [18, 9],
      [43, -5],
      [8, 9],
      [74, -57],
      [32, 4],
      [28, 33],
      [17, -41],
      [25, -3],
      [-1, -41],
      [31, -36],
      [90, -12],
      [42, -38],
      [12, -52],
      [95, -30],
      [29, -26],
      [35, -6],
      [48, -66],
      [19, -6],
      [59, -45],
      [36, -7],
      [28, -108],
      [6, 4],
      [48, -79],
      [28, -6],
      [50, -40],
      [0, -26],
      [-43, -98],
      [5, -29],
      [21, -14],
      [45, 7],
      [38, 49],
      [35, -18],
      [15, -64],
      [-4, -33],
      [22, -14],
      [47, 7],
      [30, -14],
      [21, -58],
      [80, -7],
      [12, -45],
      [31, -37],
      [35, -8],
      [16, 24],
      [7, 46],
      [26, 25],
      [24, 1],
      [33, -60],
      [3, -37],
      [34, -38],
      [68, -45],
      [13, -29],
      [-24, -77],
      [24, -64],
      [-10, -46],
      [22, -61],
      [4, -83],
      [37, -30],
      [48, 3],
      [71, -121],
      [7, -83],
      [71, -91],
      [17, 10],
      [39, 63],
      [5, 39],
      [24, 78],
      [32, 21],
      [28, 42],
      [7, 38],
      [35, 68],
      [1, 41],
      [25, 39],
      [-2, 21],
      [37, 102],
      [12, 49],
      [8, 82],
      [15, 38],
      [35, -2],
      [15, 49],
      [51, 105],
      [23, 16],
      [17, -8],
      [19, 73],
      [29, 44],
      [16, 10],
      [62, 96],
      [59, 55],
      [28, 57],
      [20, 23],
      [-2, 31],
      [27, 71],
      [18, 12],
      [26, 76],
      [73, 24],
      [38, -79],
      [50, 14],
      [17, -9],
      [47, 6],
      [28, 19],
      [10, -24],
      [55, 39],
      [84, 13],
      [30, 38],
      [3, 43],
      [31, 31],
      [27, -39],
      [60, 39],
      [12, -35],
      [42, 49],
      [19, -42],
      [28, -13],
      [2, 31],
      [24, 9],
      [90, -52],
      [20, 21],
      [1, 41],
      [34, -12],
      [69, 28],
      [29, 66],
      [-25, 235],
      [11, 38],
      [54, 77],
      [37, -56],
      [41, 38],
      [12, -12],
      [18, -58],
      [9, -63],
      [-7, -29],
      [11, -35],
      [57, -27],
      [49, -68],
      [63, 27],
      [17, -10],
      [88, 89],
      [-53, 210],
      [-25, 77],
      [-33, 69],
      [-46, 73],
      [-43, 82],
      [-80, 170],
      [-42, 125],
      [-20, 39],
      [-44, 54],
      [-72, 73],
      [-52, 40],
      [-37, 17],
      [-144, 42],
      [-44, 31],
      [-64, 88],
      [-26, 55],
      [-50, 130],
      [-30, 65],
      [-59, 88],
      [25, 47],
      [40, -33],
      [12, 51],
      [46, 6],
      [29, 30],
      [0, 26],
      [-38, 49],
      [-43, 21],
      [1, 35],
      [42, 66],
      [17, 41],
      [25, 9],
      [-20, 61],
      [-65, 36],
      [-6, 60],
      [-16, 74],
      [12, 44],
      [22, -8],
      [-10, -45],
      [9, -22],
      [36, -23],
      [14, 33],
      [-18, 49],
      [12, 29],
      [24, -3],
      [27, -61],
      [17, -1],
      [18, 63],
      [-15, 58],
      [-26, 24],
      [-20, -18],
      [-16, 22],
      [-32, 149],
      [1, 72],
      [12, 9],
      [25, -46],
      [24, -22],
      [14, -34],
      [65, 52],
      [28, -31],
      [-34, -26],
      [-8, -56],
      [23, -20],
      [11, 12],
      [4, 43],
      [30, 9],
      [40, -50],
      [26, 7],
      [11, 67],
      [-22, 37],
      [-22, 124],
      [39, -32],
      [27, 21],
      [9, 56],
      [36, 70],
      [0, 34],
      [-30, 8],
      [-94, -48],
      [-12, 27],
      [15, 32],
      [-1, 59],
      [-14, 50],
      [-23, 19],
      [-25, -28],
      [-1, -53],
      [28, -55],
      [-13, -21],
      [-20, 19],
      [-56, 106],
      [-9, 29],
      [4, 48],
      [-69, 96],
      [-43, 39],
      [-6, 24],
      [12, 44],
      [45, -41],
      [31, -63],
      [27, 11],
      [8, 61],
      [2, 85],
      [-10, 26],
      [-42, 28],
      [1, 54],
      [21, 68],
      [5, 57],
      [-11, 76],
      [-41, -22],
      [-30, 15],
      [38, 168],
      [-7, 113],
      [15, 50],
      [-6, 31],
      [-18, 11],
      [-11, -18],
      [-3, -61],
      [-19, 12],
      [-10, 45],
      [12, 52],
      [-18, 56],
      [-19, 89],
      [39, 35],
      [23, 58],
      [20, -3],
      [66, 28],
      [5, 94],
      [30, 62],
      [32, -13],
      [25, 14],
      [28, 57],
      [59, 71],
      [41, 31],
      [37, 78],
      [-22, 41],
      [-36, 0],
      [-16, 19],
      [7, 32],
      [41, 5],
      [18, -28],
      [39, 12],
      [14, 88],
      [21, 16],
      [42, -27],
      [76, 24],
      [25, 20],
      [12, 44],
      [33, 8],
      [13, 87],
      [-8, 17],
      [-44, 4],
      [-1, 37],
      [16, 22],
      [-7, 79],
      [13, 38],
      [52, 46],
      [27, 37],
      [14, 3],
      [49, -54],
      [33, -47],
      [12, 15],
      [21, 107],
      [23, 26],
      [-4, 28],
      [-21, 17],
      [23, 17],
      [14, 41],
      [-16, 26],
      [-39, 22],
      [15, 43],
      [22, 27],
      [7, 50],
      [-12, 16],
      [-20, -22],
      [-15, 8],
      [3, 34],
      [-15, 24],
      [-32, 8],
      [-31, 26],
      [43, 43],
      [20, -19],
      [7, -40],
      [19, -7],
      [14, 34],
      [-20, 80],
      [40, -7],
      [7, 27],
      [-10, 50],
      [-44, -23],
      [-5, 35],
      [-21, 57],
      [35, -12],
      [38, 61],
      [9, 27],
      [4, -40],
      [37, -9],
      [9, 48],
      [-17, 38],
      [7, 38],
      [37, 13],
      [-1, 33],
      [-31, 22],
      [-36, -21],
      [-11, 17],
      [20, 34],
      [-11, 81],
      [37, -18],
      [15, 29],
      [-43, 53],
      [28, 19],
      [5, 28],
      [-24, 24],
      [-14, 43],
      [1, 57],
      [-8, 13],
      [21, 26],
      [35, -7],
      [6, -62],
      [13, -8],
      [36, 73],
      [22, 18],
      [-6, 32],
      [-16, 0],
      [-4, 34],
      [13, 35],
      [-9, 19],
      [-43, -1],
      [-27, 50],
      [27, 14],
      [-16, 59],
      [-12, -6],
      [-20, 38],
      [8, 73],
      [23, 20],
      [-13, 93],
      [-22, 73],
      [4, 19],
      [27, 11],
      [-11, 61],
      [-31, 3],
      [22, 55],
      [32, -11],
      [26, 29],
      [-36, 87],
      [-5, 47],
      [5, 50],
      [9, 259],
      [-6, 148],
      [8, 91],
      [-9, 77],
      [20, 92],
      [-5, 62],
      [-25, 97],
      [-4, 63],
      [-19, 73],
      [-15, 85],
      [-5, 72],
      [-15, 104],
      [-11, 250],
      [-13, 111],
      [6, 37],
      [-27, 45],
      [-8, 43],
      [8, 67],
      [-17, 53],
      [-30, 34],
      [43, 26],
      [10, 81],
      [-23, -13],
      [6, -39],
      [-33, 31],
      [9, 50],
      [-22, 67],
      [4, 28],
      [23, 10],
      [8, 27],
      [-11, 90],
      [17, 33],
      [-26, 16],
      [-15, -71],
      [-29, 65],
      [6, 43],
      [32, 35],
      [-2, 83],
      [-10, 15],
      [-55, -8],
      [-35, 21],
      [-11, 74],
      [24, 47],
      [71, 8],
      [16, -31],
      [31, 9],
      [41, -18],
      [10, 16],
      [-8, 79],
      [-9, 24],
      [-21, 2],
      [-31, -29],
      [-16, 11],
      [-9, 71],
      [-23, 43],
      [-35, 28],
      [-35, 104],
      [4, 56],
      [38, 42],
      [10, -8],
      [11, -74],
      [68, -70],
      [25, 12],
      [9, 39],
      [-22, 46],
      [-28, 28],
      [-24, 65],
      [-17, 6],
      [-30, -28],
      [-5, 55],
      [-37, -36],
      [-30, 15],
      [-7, 38],
      [47, 0],
      [19, 21],
      [12, 42],
      [-15, 36],
      [-34, 23],
      [-3, 39],
      [48, 95],
      [25, -1],
      [9, -24],
      [-7, -37],
      [46, -70],
      [23, -2],
      [5, 23],
      [-23, 91],
      [21, 5],
      [14, -52],
      [26, 0],
      [16, 80],
      [-26, 20],
      [-6, 25],
      [37, 58],
      [24, 72],
      [23, 20],
      [82, -9],
      [20, 11],
      [26, 163],
      [13, 52],
      [-5, 45],
      [-20, 39],
      [-29, 30],
      [1, 49],
      [12, 4],
      [23, -28],
      [32, -7],
      [44, 19],
      [15, 39],
      [-9, 39],
      [-39, 49],
      [-72, 1],
      [-36, 31],
      [-15, 43],
      [17, 21],
      [37, 16],
      [15, 22],
      [4, 78],
      [-19, 33],
      [-37, 3],
      [-19, -71],
      [-38, -22],
      [-29, 21],
      [-49, 12],
      [-15, 67],
      [5, 52],
      [36, 31],
      [25, 74],
      [17, -36],
      [23, 16],
      [16, 39],
      [39, 9],
      [20, -30],
      [35, -2],
      [15, 20],
      [-11, 44],
      [-24, -17],
      [-28, 0],
      [9, 49],
      [-2, 39],
      [15, 29],
      [23, -20],
      [8, -36],
      [27, -14],
      [31, 30],
      [5, 38],
      [17, 19],
      [12, 52],
      [-29, 23],
      [-52, -48],
      [5, 61],
      [38, -8],
      [7, 55],
      [-38, 70],
      [-31, 23],
      [1, 27],
      [44, 111],
      [-4, 21],
      [39, 145],
      [52, -29],
      [18, 53],
      [25, -30],
      [45, 15],
      [10, 16],
      [-5, 65],
      [-21, 33],
      [-23, 16],
      [-22, -12],
      [-27, -41],
      [-4, 61],
      [17, 75],
      [-21, 99],
      [33, 29],
      [8, 47],
      [-53, 75],
      [-7, 74],
      [42, 54],
      [6, 41],
      [24, 80],
      [6, -39],
      [20, -16],
      [82, 24],
      [13, 69],
      [-3, 25],
      [22, -16],
      [20, 11],
      [-4, 24],
      [-23, -14],
      [29, 65],
      [-18, 71],
      [3, 26],
      [32, 65],
      [80, -53],
      [33, -1],
      [15, -20],
      [30, 7],
      [9, -17],
      [-7, -51],
      [16, -33],
      [18, 17],
      [0, 61],
      [17, 50],
      [-20, 19],
      [17, 74],
      [19, 28],
      [-19, 21],
      [36, 1],
      [14, 62],
      [-35, 49],
      [-46, 16],
      [-8, 30],
      [-23, 16],
      [36, 38],
      [-2, 29],
      [-27, 21],
      [-53, 69],
      [-50, 35],
      [-21, 4],
      [-15, -25],
      [-1, -30],
      [-17, -13],
      [-29, 9],
      [-6, 24],
      [43, 34],
      [-6, 34],
      [27, 44],
      [-16, 30],
      [-29, -35],
      [-10, 18],
      [-7, 73],
      [20, 56],
      [-1, 22],
      [-113, 170]
    ],
    [
      [72786, 43543],
      [-12, -14],
      [13, -33],
      [43, -76],
      [14, -64],
      [-12, -34],
      [-83, 64],
      [-13, -49],
      [-34, -72],
      [-1, -19],
      [-50, -93],
      [-52, -29],
      [-22, 17],
      [-95, 8],
      [79, 53],
      [-44, 15],
      [-42, 26],
      [-19, 51],
      [-26, 15],
      [-92, 15],
      [-12, 11],
      [-39, -26],
      [-63, -11],
      [-68, -41],
      [-10, -16],
      [-24, -94],
      [-50, -44],
      [-9, -28],
      [-38, -34],
      [-31, -50],
      [-21, -65],
      [-13, -18],
      [-42, -19],
      [-25, -42],
      [-28, -22],
      [-19, -39],
      [-16, 14],
      [-13, 71],
      [-21, -7],
      [-35, -35],
      [-32, 4],
      [-88, 94],
      [-23, 9],
      [-17, 37],
      [-40, 26],
      [-36, 6],
      [-54, 36],
      [-46, -15],
      [-38, 2],
      [-39, -16],
      [-70, -42],
      [-27, 2],
      [-22, 25],
      [-42, -4],
      [-61, -35],
      [-24, -36],
      [-31, -21],
      [-27, -38],
      [26, -46],
      [-5, -44],
      [-15, -30],
      [-26, -11],
      [-30, -101],
      [-30, -80],
      [-40, -77],
      [-22, -71],
      [-23, -30],
      [3, -44],
      [-20, -115],
      [3, -49],
      [-21, -40],
      [-35, -38],
      [3, -40],
      [-10, -61],
      [23, -17],
      [28, -60],
      [1, -26],
      [-48, 10],
      [-19, -20],
      [-30, 16],
      [-20, -8],
      [-28, -31],
      [-51, 23],
      [-20, -16],
      [-39, -8],
      [-42, 4],
      [-18, -26],
      [-17, 4],
      [-38, -23],
      [-31, -44],
      [-64, -60],
      [-31, -70],
      [-29, -31],
      [-57, -36],
      [-20, -44],
      [-32, -19],
      [-42, -42],
      [-24, -59],
      [-15, -13],
      [-26, -97],
      [-33, -64],
      [-55, -29],
      [-48, -16],
      [-36, -28],
      [-25, -76],
      [-2, -29],
      [-30, -79],
      [-28, -33],
      [-6, -46],
      [-28, -71],
      [-72, -36],
      [-16, 1],
      [-81, -35],
      [-13, -27],
      [-30, -7],
      [-67, -47],
      [-29, -1],
      [-18, -17],
      [-37, -71],
      [-9, -49],
      [-65, -65],
      [-66, -48],
      [-11, -44],
      [-27, -46],
      [-14, -45],
      [-29, -48],
      [-4, -31],
      [-33, -97],
      [-29, -34],
      [-64, -29],
      [-5, -20],
      [-47, -64],
      [-37, -19],
      [-81, -16],
      [-77, 21],
      [-29, 1],
      [-30, -51],
      [-13, -48],
      [-49, -56],
      [-57, 0],
      [-68, -18],
      [-58, -28],
      [-58, -57],
      [-74, -36],
      [-36, -42],
      [-7, -106],
      [-34, -5],
      [-58, 18],
      [-43, 40],
      [-16, 26],
      [-35, 12],
      [-46, 48],
      [32, 72],
      [12, 61],
      [49, 107],
      [1, 53],
      [53, 89],
      [61, 65],
      [24, 37],
      [11, 46],
      [22, -11],
      [31, -68],
      [41, -48],
      [18, 31],
      [15, 51],
      [18, 32],
      [-63, 38],
      [-12, 36],
      [51, 32],
      [78, 0],
      [11, 41],
      [-41, 29],
      [17, 41],
      [74, 119],
      [15, 69],
      [-25, 10],
      [22, 51],
      [38, 18],
      [10, -21],
      [26, 35],
      [-16, 84],
      [45, 42],
      [15, 44],
      [-64, 38],
      [-37, 4],
      [29, 100],
      [35, 93],
      [44, 76],
      [8, 102],
      [11, 39],
      [30, 46],
      [18, 45],
      [45, 54],
      [-3, 36],
      [-28, 23],
      [29, 56],
      [2, 34],
      [-73, -23],
      [-21, 11],
      [-40, 79],
      [-16, -19],
      [-31, -78],
      [-28, -24],
      [-18, 1],
      [-17, 46],
      [-31, -17],
      [-24, -66],
      [-41, 31],
      [-47, -43],
      [-61, -2],
      [-26, -19],
      [-21, 18],
      [-32, -27],
      [-41, -12],
      [-50, 52],
      [-21, 47],
      [-32, 16],
      [-8, -11],
      [-44, 33],
      [-22, -6],
      [-32, -86],
      [-50, -81],
      [-41, -45],
      [-45, -19],
      [-14, -47],
      [-24, -22],
      [-56, -25],
      [-19, 12],
      [-34, -19],
      [-47, 38],
      [-26, -1],
      [26, 27],
      [37, -3],
      [15, 35],
      [-29, 29],
      [-104, -6],
      [-96, -71],
      [-40, -39],
      [-2, -36],
      [-70, -84],
      [-50, 16],
      [-72, 13]
    ],
    [
      [67384, 41150],
      [1, -51],
      [-20, -39],
      [18, -34],
      [-41, -63],
      [-57, 12],
      [-8, -13],
      [42, -63],
      [9, -68],
      [25, 5],
      [23, -15],
      [23, 34],
      [36, -35],
      [9, -58],
      [-10, -42],
      [27, -3],
      [4, -41],
      [-9, -59],
      [-13, -7],
      [-3, -58],
      [28, -13],
      [-21, -31],
      [11, -130],
      [87, 29],
      [49, -24],
      [-3, -99],
      [-37, -16],
      [-9, -39],
      [-35, -63],
      [-19, 14],
      [-61, -16],
      [-34, -31],
      [53, -132],
      [-45, -11],
      [-17, -81],
      [28, -21],
      [1, -93],
      [38, 34],
      [28, 42],
      [62, 33],
      [20, -8],
      [35, 27],
      [70, -33],
      [54, 8],
      [63, -18],
      [88, -58],
      [47, -1],
      [34, 29],
      [31, 9],
      [79, -88],
      [60, -84],
      [16, -34],
      [-24, -29],
      [-4, -28],
      [-22, 4],
      [-36, -62],
      [-47, -13],
      [-32, -45],
      [-40, -20],
      [-29, 1],
      [-6, -25],
      [-38, -43],
      [-32, -60],
      [-2, -34],
      [-34, -44],
      [-3, -62],
      [-19, -29],
      [-1, -51],
      [-28, -42],
      [-2, -48],
      [-16, -6],
      [2, -31],
      [-36, -64],
      [-11, -53],
      [8, -45],
      [-5, -45],
      [-23, -70],
      [-22, -28],
      [-24, -138],
      [28, -66],
      [24, -73],
      [60, -83],
      [41, -31],
      [9, -51],
      [21, -10],
      [10, -48],
      [2, -77],
      [9, -25],
      [7, -83],
      [30, -92],
      [-20, -10],
      [12, -88],
      [-40, -129],
      [20, -90],
      [-10, -15],
      [-9, -58],
      [7, -70],
      [-18, -72],
      [6, -27],
      [-20, 7],
      [-54, -19],
      [-1, -37],
      [-16, -27],
      [-33, -113],
      [-1, -110],
      [7, -82],
      [3, -112],
      [-7, -22],
      [12, -63],
      [20, -64],
      [-4, -92],
      [6, -69],
      [-2, -56],
      [53, -162],
      [-4, -102],
      [-8, -46],
      [44, -21],
      [81, -16],
      [-8, -29],
      [-21, -168],
      [-34, -83],
      [31, -27],
      [-15, -65],
      [20, -25],
      [7, -42],
      [-51, -73],
      [-38, -42],
      [-21, -61],
      [-4, -62],
      [32, -58],
      [21, -61],
      [10, -66],
      [-6, -101],
      [-13, -44],
      [-60, -125],
      [-31, -134],
      [-66, -212],
      [-15, -30],
      [16, -72],
      [-87, 91],
      [-53, 29],
      [-59, 15],
      [-39, -22],
      [-47, -42],
      [-70, 2],
      [-57, 32],
      [-134, 66],
      [59, -123],
      [68, -153],
      [41, -51],
      [63, -42],
      [-10, -120],
      [-17, -104],
      [-44, -101],
      [-22, -29],
      [21, -55],
      [16, -131],
      [-3, -46],
      [7, -76],
      [19, -56],
      [-7, -142],
      [12, -38],
      [0, -43],
      [-27, 26],
      [-55, 17],
      [-50, 39],
      [-60, 30],
      [-20, 18],
      [-42, 65],
      [-38, 24],
      [-29, -5],
      [-62, -131],
      [-40, -110],
      [-139, 150],
      [-87, -82],
      [-73, -57],
      [18, -111],
      [-99, -55],
      [-79, -35],
      [-53, -35],
      [-29, 96],
      [-34, -31],
      [-26, 62],
      [-54, -45],
      [-61, 209],
      [-42, 116],
      [-17, -21],
      [-115, -80],
      [50, -155],
      [-65, -65],
      [-45, 62],
      [-46, 51],
      [-16, -10],
      [-52, -68],
      [8, -75],
      [2, -100],
      [-3, -106],
      [-8, -147],
      [-7, -242],
      [-74, 12],
      [-11, -134],
      [7, 38],
      [77, -13],
      [-7, -46],
      [-40, -123],
      [-17, -39],
      [-30, -111],
      [1, -81],
      [26, -124],
      [-14, -40],
      [7, -17],
      [-50, -156],
      [19, -93],
      [20, -21],
      [4, -149],
      [-1, -65],
      [-26, -125],
      [29, -63],
      [44, -17],
      [14, -69],
      [25, 2],
      [19, -29],
      [55, -178],
      [76, -114],
      [36, -105],
      [23, -110],
      [20, -138],
      [14, -71],
      [31, -50],
      [-7, -28],
      [7, -78],
      [46, -70],
      [2, -62],
      [-37, 1],
      [39, -115],
      [4, -53],
      [16, -18],
      [24, -53],
      [-18, -54],
      [43, -17],
      [25, -24],
      [31, -14],
      [46, 12],
      [53, -27],
      [14, -22],
      [30, -17],
      [24, 13],
      [52, -35],
      [19, 0],
      [14, -25],
      [39, -30],
      [17, -31],
      [16, 11],
      [8, -27],
      [33, -30],
      [83, -32],
      [29, -69],
      [8, -47],
      [50, -14],
      [24, -19],
      [52, -3],
      [108, -130],
      [29, -54],
      [6, -81],
      [33, -15],
      [-2, 95],
      [35, -119],
      [17, -3],
      [7, -60],
      [-4, -38],
      [24, -74],
      [16, -7]
    ],
    [
      [67384, 41150],
      [6, 46],
      [-6, 53],
      [22, 58],
      [16, 9],
      [-19, 61],
      [8, 40],
      [-16, 59],
      [12, 50],
      [-37, 84],
      [-7, 55],
      [7, 6],
      [-16, 72],
      [6, 23],
      [-13, 53],
      [-5, 67],
      [-21, 125],
      [-55, 60],
      [-20, 67],
      [13, 71],
      [-6, 23],
      [33, 23],
      [19, 67],
      [-1, 234],
      [-25, 93],
      [10, 65],
      [-33, 73],
      [-6, 76],
      [-43, 133],
      [8, 77],
      [-72, 47],
      [-57, -6],
      [-72, 36],
      [-56, 7],
      [-54, -45],
      [1, 21],
      [-34, 150],
      [7, 41],
      [-10, 24],
      [6, 45],
      [-13, 67],
      [-9, 95],
      [-22, 34],
      [-26, 15],
      [-45, -8],
      [-19, 38],
      [-22, 20],
      [-22, 42],
      [-17, 58],
      [-3, 81],
      [21, 124],
      [-19, 48],
      [-60, 60],
      [-64, 51],
      [-77, 35],
      [-29, 38],
      [-49, 15],
      [-41, 39],
      [-74, -23],
      [-12, -27],
      [-54, -69],
      [-20, -47],
      [-7, -102],
      [-29, -46],
      [-23, -63],
      [-51, -24],
      [-13, -22],
      [-56, -32],
      [-96, -21],
      [-26, -22],
      [16, 46],
      [21, 104],
      [-12, 44],
      [-41, 70],
      [-40, 34],
      [-23, 32],
      [-69, 39],
      [-15, 24],
      [-5, 62],
      [4, 35],
      [-28, 25],
      [-100, 28],
      [-64, 60],
      [-14, 2],
      [7, 34],
      [-18, 45],
      [-50, 31],
      [-18, -1],
      [-29, 55],
      [-115, 66]
    ],
    [
      [63107, 44333],
      [0, -30],
      [-15, -73],
      [-39, -43],
      [-41, -19],
      [-81, -89],
      [16, -32],
      [21, -148],
      [-5, -30],
      [12, -89],
      [0, -85],
      [12, -25],
      [7, -78],
      [20, -83],
      [51, -41],
      [28, -56],
      [33, -47],
      [4, -24],
      [44, -67],
      [15, -39],
      [13, -62],
      [-7, -30],
      [19, -91],
      [-3, -19],
      [-27, 42],
      [-15, 43],
      [-27, -8],
      [-63, 20],
      [-14, -51],
      [-64, 87],
      [-37, 6],
      [-30, -29],
      [22, -74],
      [6, -50],
      [-8, -50],
      [10, -109],
      [7, -27],
      [-3, -87],
      [-8, -52],
      [16, -37],
      [-12, -38],
      [0, -48],
      [9, -59],
      [-1, -57],
      [18, -65],
      [-14, -22],
      [-10, -129],
      [-11, -44],
      [66, -43],
      [22, -142],
      [-64, -57],
      [-41, -9],
      [-6, -61],
      [83, -2],
      [33, -17],
      [19, -26],
      [20, -75],
      [-2, -37],
      [-22, -37],
      [-12, -68],
      [9, -45],
      [3, -58],
      [30, -31],
      [-8, -91],
      [-1, -87],
      [54, -109],
      [-5, -25],
      [16, -23],
      [23, 26],
      [43, -91],
      [50, -63],
      [27, -23],
      [-14, -69],
      [69, -45],
      [28, -28],
      [34, -3],
      [-4, -34],
      [-44, -72],
      [-24, -50],
      [-18, -61],
      [15, -63],
      [-2, -48],
      [17, -41],
      [39, -51],
      [10, -26],
      [48, -37],
      [22, -176],
      [23, -30],
      [8, -41],
      [1, -80],
      [8, -85],
      [23, -56],
      [26, -16],
      [28, -46],
      [17, -7],
      [-70, -37],
      [-101, 40],
      [-18, -26],
      [-38, -29],
      [10, -95],
      [-27, -75],
      [-18, -92],
      [36, -212],
      [-119, -12],
      [7, -101],
      [13, -27],
      [9, -59],
      [-101, -46],
      [-59, -75],
      [-31, -60],
      [-55, -57],
      [-137, -121],
      [-39, -16],
      [-35, 21],
      [-31, -70],
      [-34, -4],
      [-18, -24],
      [-11, 9],
      [-20, -50],
      [-42, -12],
      [-6, -31],
      [-22, -19],
      [-74, -32],
      [-15, 12],
      [-45, -20],
      [-20, 5],
      [-83, -18],
      [-43, 14],
      [-41, -4],
      [-37, -26],
      [-28, 1],
      [-15, -23],
      [-42, -31],
      [-3, -22],
      [-75, -133],
      [-23, -17],
      [-24, -50],
      [-8, -49],
      [-27, -82],
      [17, -63],
      [-19, -49],
      [4, -29],
      [28, -90],
      [-6, -65],
      [13, -34],
      [-4, -100],
      [-13, -77],
      [24, -82],
      [-53, -110],
      [0, -92],
      [-18, -31],
      [0, -32],
      [-17, -23],
      [-8, -78],
      [-15, -13],
      [-32, -94],
      [-24, -130],
      [-18, -41],
      [-42, -55],
      [-87, 0],
      [-33, 30],
      [-26, 4],
      [-49, 44],
      [-44, 2],
      [-8, -72],
      [10, -95],
      [-17, -54],
      [-4, -46],
      [17, -122],
      [22, -21],
      [4, -36],
      [-16, -80],
      [77, -35],
      [36, -61],
      [-23, -25],
      [-77, -30],
      [-14, -43],
      [-1, -45],
      [-23, -21],
      [-11, -37],
      [-57, 30],
      [-53, -17],
      [-4, 23],
      [-34, -54],
      [-34, 1],
      [-43, 40],
      [-62, -12],
      [-8, -70],
      [13, -22],
      [-6, -27],
      [60, -117],
      [13, 2],
      [35, -87],
      [-22, -54],
      [2, -52],
      [-46, -53],
      [10, -53],
      [-7, -49],
      [-13, 0],
      [-8, -101],
      [-31, -105],
      [-29, -24],
      [-58, -81],
      [-50, -115],
      [14, -26],
      [-17, -38],
      [-31, -20],
      [-7, -20],
      [-36, -32],
      [-12, 2],
      [-24, -43],
      [-11, -55],
      [25, -91],
      [20, -105],
      [-1, -37],
      [-37, -63],
      [-2, -124],
      [18, -70],
      [16, -27],
      [15, -99],
      [-29, -28],
      [10, -47],
      [17, -21],
      [23, -76],
      [-9, -65],
      [-18, -66],
      [30, -151],
      [-15, -105],
      [17, -142],
      [9, -57],
      [4, -93],
      [8, -49],
      [-1, -83],
      [-19, -132],
      [12, -47],
      [0, -106],
      [-28, -70],
      [-53, -58],
      [-27, -51],
      [-12, -48],
      [-42, -92],
      [-28, -41],
      [18, -54],
      [23, -34],
      [-26, -33],
      [-40, -30],
      [-43, 9],
      [-44, -10],
      [-22, -43],
      [1, -36],
      [37, -52],
      [21, -11],
      [47, -83],
      [12, -75],
      [36, 6],
      [5, -22],
      [41, 20],
      [14, -63],
      [30, 2],
      [27, 19],
      [6, 21],
      [49, -18],
      [59, 8],
      [14, -32],
      [56, -60]
    ],
    [
      [62995, 25520],
      [49, -32],
      [31, -52],
      [20, -12],
      [35, 52],
      [24, 68],
      [42, 24],
      [16, 90],
      [28, 35],
      [20, 4],
      [58, -30],
      [97, -8],
      [14, 34],
      [45, 65],
      [62, 17],
      [86, -14],
      [30, -58],
      [39, -30],
      [30, 44],
      [18, 11],
      [128, -35],
      [18, 18],
      [38, -16],
      [39, -69],
      [42, -15],
      [24, 6],
      [32, 43],
      [14, 49],
      [47, -2],
      [33, 21],
      [50, -22],
      [43, 37],
      [82, -53],
      [29, 15],
      [31, -35],
      [55, 7],
      [34, 31],
      [31, 2],
      [96, -55],
      [41, 30],
      [53, -21],
      [94, -79],
      [65, 36],
      [52, 49],
      [42, 23],
      [51, 2],
      [58, 51],
      [34, 46],
      [75, 62],
      [35, 41],
      [-37, 67],
      [-22, 80],
      [-42, 69],
      [-51, 180],
      [-10, 68],
      [-2, 52],
      [-17, 68],
      [-5, 109],
      [25, 110],
      [2, 79],
      [-8, 59],
      [-14, 41],
      [-26, 41],
      [-15, 5],
      [-24, 42],
      [-2, 47],
      [-20, 39],
      [-12, 53],
      [7, 10],
      [-29, 118],
      [-8, 60],
      [33, -11],
      [34, 3],
      [59, -29],
      [32, -37],
      [32, 24],
      [50, 23],
      [54, -5],
      [2, 61],
      [9, 15],
      [25, -16],
      [57, 44],
      [14, 35],
      [-19, 103],
      [-18, 56],
      [-6, 57],
      [9, 27],
      [-7, 35],
      [12, 62],
      [-5, 44],
      [9, 64],
      [28, 69],
      [15, 1],
      [33, 33],
      [66, 25],
      [65, 58],
      [47, 0],
      [32, 34],
      [51, 32],
      [36, 52],
      [30, 14],
      [24, 47],
      [30, 16],
      [41, -37],
      [24, -96],
      [44, -56],
      [32, -13],
      [34, 3],
      [19, -29],
      [44, -27],
      [19, 0],
      [44, 24],
      [15, -8],
      [4, -72],
      [-2, -64],
      [-25, -37],
      [2, -48],
      [-8, -112],
      [-26, -60],
      [1, -54],
      [53, -16],
      [25, 11],
      [55, -3],
      [62, 15],
      [43, -26],
      [56, -64],
      [45, 65],
      [34, 80],
      [45, 3],
      [54, -39],
      [80, -75],
      [38, -15],
      [19, 8],
      [9, 48],
      [23, 23],
      [16, 53],
      [80, 30],
      [50, 2],
      [45, 20],
      [42, 50],
      [39, 136],
      [34, 61],
      [52, 76],
      [53, 47],
      [33, 7],
      [6, 30],
      [-29, 159],
      [25, 84],
      [22, 48],
      [28, 35],
      [30, 54],
      [14, 62],
      [-19, 143],
      [3, 36],
      [-22, 109],
      [3, 84],
      [-8, 44]
    ],
    [
      [61566, 44863],
      [-3, -53],
      [-36, -57],
      [-36, -19],
      [-68, 67],
      [-82, 4],
      [-14, -23],
      [-72, -54],
      [-36, 12],
      [-144, -6],
      [-68, -7],
      [-39, 38],
      [-110, 71],
      [-11, -24],
      [-50, 23],
      [-41, -71],
      [-27, -21],
      [-56, -2],
      [-48, 18],
      [-22, 89],
      [-66, 6],
      [-23, 17],
      [-31, -15],
      [-93, 47],
      [-48, 31],
      [-22, -7],
      [-68, 7],
      [-86, -16],
      [-41, -39],
      [-64, -14],
      [-36, -29],
      [-27, 13],
      [-45, -61],
      [-42, -4],
      [-43, -30],
      [-27, -57],
      [8, -34],
      [-50, -93],
      [-97, -122],
      [-14, -7],
      [-62, 50],
      [-118, -26],
      [-47, -27],
      [-55, -1],
      [-29, 29],
      [-114, 26],
      [-44, 0],
      [-14, -10],
      [-24, 18],
      [-5, -23],
      [-29, -10],
      [-14, -44],
      [19, -10],
      [7, -30],
      [28, -19],
      [-12, -89],
      [21, -120],
      [7, -142],
      [-7, -45],
      [4, -191],
      [-11, -34],
      [5, -75],
      [9, -27],
      [1, -87],
      [-14, 31],
      [-24, 13],
      [-80, 113],
      [-15, 28],
      [6, 63],
      [-23, -17],
      [-38, 44],
      [-54, 22],
      [-84, -5],
      [-1, 17],
      [24, 34],
      [-11, 43],
      [10, 13],
      [-13, 29],
      [14, 44],
      [-23, 33],
      [15, 65],
      [4, 63],
      [31, 67],
      [22, 20],
      [-9, 25],
      [-33, 38],
      [-21, 65],
      [6, 71],
      [11, 27],
      [-5, 41],
      [16, 46],
      [23, 8],
      [39, 36],
      [15, -44],
      [17, -3],
      [5, 25],
      [-28, 74],
      [-26, 25],
      [17, 38],
      [42, 8],
      [-2, 89],
      [-20, -15],
      [3, 34],
      [-36, 10],
      [-14, 50],
      [-10, -15],
      [-43, 11],
      [-21, 50],
      [-19, -64],
      [3, -44],
      [-87, -23],
      [-54, 12],
      [-40, 81],
      [1, 59],
      [68, 124],
      [-2, 46],
      [-15, 152],
      [-18, -4],
      [12, 115],
      [4, 192],
      [-126, 268],
      [-41, -22],
      [-9, -59],
      [13, -70],
      [-8, -34],
      [27, -119],
      [-8, -20],
      [-53, -42],
      [-43, -23],
      [-88, -89],
      [18, -74],
      [30, -77],
      [-10, -35],
      [-88, 52],
      [-26, 30],
      [-34, -49],
      [-32, -84],
      [-79, -83],
      [-44, 0],
      [-75, -17],
      [-51, 7],
      [-20, -13],
      [-67, -3],
      [-42, 19],
      [-41, 35],
      [-40, 0],
      [-52, -34],
      [-39, -8],
      [-41, 67],
      [-74, 14],
      [-40, 44],
      [-45, 86],
      [-23, 32],
      [-46, 107],
      [-64, 104],
      [-60, 53],
      [-67, 121],
      [-57, 68],
      [-87, -159],
      [-133, -137],
      [-47, -16],
      [-39, -70],
      [-56, -1],
      [-51, 60],
      [-17, -24],
      [-60, 35],
      [-51, -9],
      [-40, -22],
      [-61, 254],
      [-74, -85],
      [-92, -56],
      [-42, -17],
      [1, -27],
      [-46, -18],
      [-23, 32],
      [-54, 33],
      [-19, 0],
      [-31, -46],
      [-19, -89],
      [-31, -41],
      [43, -38],
      [8, -28],
      [19, -7],
      [-32, -62],
      [-45, -73],
      [73, -95],
      [27, -53],
      [26, -32],
      [87, -48],
      [19, -40],
      [49, -24],
      [-2, -19],
      [15, -129],
      [19, 9],
      [59, 5],
      [54, -18],
      [12, -34],
      [56, -72],
      [31, -83],
      [-45, -54],
      [1, -48],
      [25, -34],
      [-2, -30],
      [47, -32],
      [5, -52],
      [-58, -179],
      [-32, -69],
      [46, -17],
      [83, -50],
      [56, -57],
      [26, -36],
      [8, -33],
      [-7, -65],
      [-24, -58],
      [-14, -83],
      [11, -324],
      [-3, -182],
      [4, -43],
      [28, -73],
      [51, -70],
      [74, -62],
      [29, -12],
      [70, -10],
      [48, 11],
      [94, 58],
      [130, 43],
      [64, 3],
      [52, -21],
      [29, -29],
      [44, -89],
      [49, -142],
      [47, -121],
      [61, -114],
      [36, -51],
      [77, -77],
      [35, -22],
      [-24, -71],
      [-38, -61],
      [-16, -55],
      [-17, -35],
      [-26, -24],
      [2, -38],
      [-38, 12],
      [-42, -10],
      [-30, 12],
      [-64, -39],
      [5, -58],
      [-31, -34],
      [-37, -7],
      [-23, 78],
      [-62, -26],
      [-28, -58],
      [-23, -27],
      [-17, -85],
      [-19, -63],
      [-43, -23],
      [-16, -29],
      [-44, 29],
      [-43, -9],
      [-23, -20],
      [-39, 30],
      [-11, 31],
      [-35, -26],
      [-9, -27],
      [-20, -11],
      [-30, -47],
      [-22, -13],
      [-36, -49],
      [-19, -3],
      [-50, -37],
      [6, 36],
      [-37, 56],
      [-39, 26],
      [-19, 28],
      [-55, 43],
      [-13, 44],
      [-42, 52],
      [-10, 123],
      [-29, 41],
      [-8, 48],
      [27, -16],
      [32, 34],
      [-13, 22],
      [-1, 40],
      [-15, 38],
      [-27, 14],
      [-43, -4],
      [-68, 25],
      [-27, 2],
      [-46, 35],
      [-78, 29],
      [-137, 15],
      [-22, 42],
      [-41, 32],
      [-26, 6],
      [-40, -13],
      [-53, 28],
      [-51, -17],
      [-84, 38],
      [-29, 3],
      [-27, -13],
      [-38, 35],
      [-15, 33],
      [-43, 35],
      [-93, 53],
      [-32, 5],
      [-45, -12],
      [-71, 38],
      [-40, 14],
      [-35, -22],
      [-30, 20],
      [-80, 4],
      [-21, 34],
      [-65, 40],
      [-33, 36],
      [-45, -8],
      [-72, 66],
      [-74, 7],
      [-144, 59],
      [-42, 30],
      [-24, 33],
      [-71, 69],
      [-48, 17],
      [-25, -12],
      [-51, 29],
      [-68, 3],
      [-61, -15],
      [-20, 6],
      [-36, -16],
      [-24, -45],
      [6, -68],
      [-22, -64],
      [-80, -9],
      [-50, 10],
      [-27, -20],
      [-33, -68],
      [-29, -21],
      [-35, 24],
      [-59, -1],
      [-36, -37],
      [-63, -45],
      [-19, -29],
      [-34, 7],
      [-88, -35],
      [-28, -26],
      [-142, -25],
      [-45, -52],
      [-40, 1],
      [-45, 44],
      [-104, 81],
      [-112, 3],
      [-54, 28],
      [-33, -2]
    ],
    [
      [53174, 42574],
      [34, -355],
      [-15, -88],
      [-17, -63],
      [-20, -43],
      [25, -16],
      [26, -58],
      [10, -6],
      [18, -54],
      [34, -42],
      [25, -70],
      [-42, -49],
      [57, -94],
      [30, -61],
      [2, -29],
      [21, -38],
      [44, -52],
      [17, -48],
      [-1, -61],
      [39, -20],
      [30, -34],
      [2, -38],
      [-46, -35],
      [27, -21],
      [14, -34],
      [32, -31],
      [-7, -60]
    ],
    [
      [53004, 45087],
      [12, -92],
      [21, -26],
      [53, 0],
      [3, -73],
      [-26, -33],
      [-17, -66],
      [-8, -84],
      [51, -43],
      [-32, -86],
      [-29, -110],
      [-5, -43],
      [-51, 79],
      [-20, -6],
      [-13, 47],
      [-37, 39],
      [-29, 52],
      [-33, 30],
      [-21, -20],
      [-58, -3],
      [-25, -18],
      [-49, -70],
      [-24, -69],
      [-19, -96],
      [-20, -38],
      [-44, -57],
      [-45, -18],
      [-11, -17]
    ],
    [
      [52528, 44266],
      [-9, -131],
      [-23, -59],
      [2, -64],
      [-14, -57],
      [21, -54],
      [43, -21],
      [-37, -22],
      [-2, -75],
      [10, -71],
      [-10, -45],
      [17, -94],
      [26, -62],
      [30, -44],
      [9, 8],
      [22, -37],
      [4, -36],
      [40, -70],
      [26, -33],
      [2, -65],
      [-30, -54],
      [4, -65],
      [-11, -101],
      [5, -43],
      [47, -121],
      [66, -64],
      [42, -87],
      [43, -52],
      [25, -15],
      [67, -8],
      [109, -64],
      [48, -2],
      [74, 16]
    ],
    [
      [53886, 52252],
      [67, -62],
      [23, -2],
      [53, -39],
      [-14, -62],
      [7, -63],
      [37, -58],
      [50, -34],
      [11, 8],
      [53, -205],
      [35, 28],
      [32, -18],
      [-3, -70],
      [-13, -87],
      [33, -79],
      [55, -33],
      [-39, -16],
      [-4, -59],
      [-17, -56],
      [7, -125],
      [27, -18],
      [33, 10],
      [10, 17],
      [144, -5],
      [19, -89],
      [-58, -139],
      [-48, -127],
      [-15, -80],
      [5, -51],
      [-31, -87],
      [39, -50],
      [50, -37],
      [55, -4],
      [4, -55],
      [21, -8],
      [62, 8],
      [42, 21],
      [44, -12],
      [27, 15],
      [91, 84],
      [46, 32],
      [55, 22],
      [78, 62],
      [38, -75],
      [30, -33],
      [10, -54],
      [74, -57],
      [-19, -48],
      [-22, -108],
      [6, -57],
      [21, -56],
      [44, -17],
      [141, -73],
      [46, -28],
      [-14, -67],
      [-10, -17],
      [3, -42],
      [-10, -32],
      [-5, -99],
      [-6, -13],
      [2, -71],
      [-9, -42],
      [5, -44],
      [-5, -114],
      [23, -21],
      [12, -57],
      [-1, -45],
      [18, -23],
      [16, 9],
      [17, -17],
      [20, 7],
      [18, -31],
      [13, 14],
      [32, -7],
      [6, -26],
      [45, -30],
      [31, 8],
      [24, -11],
      [16, -41],
      [19, -4],
      [31, -46],
      [24, -1],
      [42, -31],
      [8, -53],
      [-12, -20],
      [16, -65],
      [4, -48],
      [21, -28],
      [6, -80],
      [105, 3],
      [1, -44],
      [16, -39],
      [24, -21],
      [-1, -25],
      [-27, -76],
      [10, -71],
      [-15, -24],
      [2, -86],
      [-11, -53],
      [64, 0],
      [24, -37],
      [-1, -25],
      [49, 24],
      [14, -68],
      [37, 33],
      [-2, -108],
      [-19, -166],
      [4, -146],
      [24, -11],
      [21, 13],
      [42, -23],
      [-2, -62],
      [-18, -56],
      [10, -9],
      [-28, -145],
      [30, -16],
      [59, -79],
      [16, -36],
      [1, -37],
      [15, -36],
      [44, 4],
      [48, -65],
      [31, -129],
      [-15, 6],
      [-60, -29],
      [-17, -19],
      [-15, 25],
      [-29, 14],
      [-28, -7],
      [-32, -38],
      [-37, 6],
      [-29, -45],
      [-6, -79],
      [-7, 64],
      [-25, 19],
      [-43, 10],
      [-40, -12],
      [-22, -44],
      [-83, -65],
      [-26, -49],
      [-16, -73],
      [-30, -36],
      [-37, -151],
      [-2, -124],
      [21, -52],
      [-35, 7],
      [-80, 103],
      [-26, 49],
      [-40, 27],
      [-29, 49],
      [-63, 24],
      [-59, 43],
      [8, 20],
      [-47, 4],
      [-60, -4],
      [-39, -32],
      [-36, 5],
      [-47, 109],
      [-25, 118],
      [-93, 38],
      [-95, 20],
      [-6, 49],
      [-17, 46],
      [-3, 75],
      [-51, 105],
      [-41, 1],
      [-24, -30],
      [-2, -20],
      [-29, 44],
      [-44, -27],
      [-31, -70],
      [16, -78],
      [55, -167],
      [-22, -40],
      [-8, -51],
      [-18, 25],
      [-28, -40],
      [-54, -28],
      [-19, 41],
      [-39, -100],
      [17, -18],
      [87, -138],
      [31, -34],
      [104, -48],
      [25, -27],
      [109, -137],
      [131, -124],
      [29, -24],
      [74, -122],
      [51, -116],
      [-87, -172],
      [-120, 45],
      [-86, -27],
      [56, -113],
      [12, -43],
      [-33, -29],
      [-65, -37],
      [-60, -9],
      [-27, -17],
      [-45, -75],
      [-45, -5],
      [-54, 15],
      [-110, 4],
      [-10, 12],
      [-113, 8],
      [-40, 9],
      [-63, -22],
      [-102, -20],
      [-38, 55],
      [-51, 124],
      [-10, 103],
      [-90, -40],
      [-2, 8],
      [-50, -22],
      [-22, 3],
      [-92, 43],
      [-7, 13],
      [-56, 29],
      [-68, 8],
      [-18, 20],
      [-60, 110],
      [-91, 57],
      [-9, -24],
      [-37, -43],
      [3, -68],
      [39, -54],
      [19, -38],
      [12, -60],
      [-25, -1],
      [-13, -27],
      [30, -43],
      [-12, -47],
      [-40, -2],
      [-23, -36],
      [-28, -18],
      [-15, -31],
      [13, -23],
      [-17, -73],
      [-24, -60],
      [4, -67],
      [28, -87],
      [26, -14],
      [20, 23],
      [63, 13],
      [-12, -79],
      [-28, -11],
      [-27, -48],
      [13, -34],
      [-10, -23],
      [-29, -2],
      [-47, -63],
      [-22, -18],
      [-34, 5],
      [-30, -26],
      [-97, -30],
      [-31, -26],
      [-50, 51],
      [-35, 64],
      [-25, 25],
      [-116, -16],
      [-19, -43],
      [-8, -61]
    ],
    [
      [52528, 44266],
      [-37, 34],
      [-40, -8],
      [-10, -19],
      [-30, 4],
      [-51, -62],
      [-33, -18],
      [0, -27],
      [-26, 4],
      [-23, -45],
      [-34, 34],
      [-43, -23],
      [-16, 2],
      [-32, -24],
      [-49, -22],
      [-18, -31],
      [-73, -11],
      [-57, -64],
      [-11, -23],
      [-34, -10],
      [-49, -59],
      [-96, -44],
      [-25, 31],
      [-48, 10],
      [-21, 30],
      [-43, -8],
      [-18, -57],
      [3, -20],
      [-47, -49],
      [-63, -23],
      [-8, -36],
      [-17, -6],
      [-19, 56],
      [-29, -26],
      [-16, 5],
      [-38, -58],
      [-32, -12],
      [-17, -29],
      [-43, -39],
      [-77, -34],
      [-8, -13],
      [-3, -67],
      [-30, -68],
      [-59, -7],
      [-34, -48],
      [-43, -97],
      [-61, -50],
      [-34, -50],
      [-78, 31],
      [-30, 23],
      [-33, -1],
      [-25, 17],
      [-26, -21],
      [-34, -10],
      [-39, 25],
      [-36, -4],
      [-18, 15],
      [-34, -3],
      [-17, 20],
      [1, 25],
      [-68, 21],
      [-30, 46],
      [-40, 11],
      [-51, -34],
      [0, 12],
      [-71, -4],
      [-6, -13],
      [-29, 22],
      [-32, 39],
      [-22, 5],
      [-23, 44],
      [-19, 10],
      [-39, -12],
      [-50, 64],
      [-23, 10],
      [-24, 195],
      [-32, 14],
      [42, 7],
      [37, 43],
      [43, 27],
      [67, -11],
      [4, 102],
      [46, -13],
      [15, 9],
      [32, -29],
      [47, 15],
      [40, 31],
      [52, -3],
      [41, 7],
      [-7, 106],
      [-14, 82],
      [-40, 37],
      [-33, 48],
      [-44, 40],
      [-40, 13],
      [-39, -1],
      [-38, 63],
      [-17, -1],
      [-6, 85],
      [6, 79],
      [29, 168],
      [4, 55],
      [-3, 74],
      [-17, 30],
      [10, 47],
      [-18, 96],
      [-37, -5],
      [12, 65],
      [25, -15],
      [24, 4],
      [-32, 31],
      [-10, 55],
      [-21, 22],
      [-47, 14],
      [22, 72],
      [-7, 112],
      [11, 30],
      [3, 81],
      [-27, 40],
      [-29, 2],
      [-29, 38],
      [11, 2],
      [-16, 78],
      [-22, 28],
      [-18, 3],
      [-8, 38],
      [-12, 3],
      [23, 37],
      [24, 64],
      [21, 30],
      [13, -35],
      [33, -12],
      [28, 4],
      [59, -13],
      [23, 33],
      [19, 61],
      [33, 17],
      [46, 7],
      [43, 52],
      [35, 24],
      [57, 21],
      [19, 127],
      [-4, 17],
      [14, 86],
      [22, 53],
      [2, 48],
      [12, 46],
      [4, 57],
      [13, 17],
      [16, 113],
      [-18, 28],
      [0, 57],
      [-17, 18],
      [-2, 38],
      [-24, 33],
      [-35, 6],
      [-20, 33],
      [43, 59],
      [-77, 119],
      [5, 24],
      [-20, 36],
      [-16, 76],
      [-18, 41],
      [-23, 94],
      [5, 28],
      [-16, 26],
      [9, 57],
      [29, 31],
      [15, 91],
      [-20, 7],
      [18, 49],
      [-34, 32],
      [-6, 76],
      [-38, 102],
      [-27, 56],
      [-69, 82],
      [-47, 16],
      [-52, -10],
      [-82, -159],
      [-152, -163],
      [-19, 30],
      [35, 50],
      [-102, -95],
      [-87, -26],
      [-47, -8],
      [-67, -62],
      [-66, -102],
      [-71, -90],
      [-16, -35],
      [-40, -44],
      [-90, -79],
      [-52, -75],
      [-20, -80],
      [-46, -148],
      [-48, -100],
      [-13, -75],
      [-22, -76],
      [-26, -68],
      [-28, -45],
      [-145, -141],
      [-71, -38],
      [-37, -30],
      [-45, -24],
      [-139, -16],
      [-28, -11],
      [-41, -44],
      [-38, -6],
      [-102, 16],
      [-58, 28],
      [-158, 48],
      [-42, 2],
      [-79, -13],
      [-90, -24],
      [-52, -4],
      [-84, 24],
      [-46, 30],
      [-75, 33],
      [-81, -3],
      [-82, -41],
      [-32, -41],
      [-10, 28],
      [-46, -34],
      [-25, -33],
      [-6, 17],
      [-66, -47],
      [-57, 61],
      [-33, 16],
      [-36, 80],
      [-17, 1],
      [-33, 40],
      [-2, 51],
      [-40, 26],
      [-23, 39],
      [-4, 74],
      [33, 99],
      [11, 98],
      [-25, 54],
      [-8, 62],
      [-18, 32],
      [-7, 62],
      [12, 68],
      [-3, 50],
      [-44, 40],
      [-57, 18],
      [-24, 42],
      [-5, 72],
      [-25, -4],
      [-8, 60],
      [6, 87],
      [-7, 22],
      [15, 80],
      [22, 33],
      [51, 98],
      [49, 47],
      [18, 48],
      [14, 15],
      [-28, 102],
      [5, 53],
      [14, 66],
      [-17, 87],
      [-3, 39],
      [18, 17],
      [5, 41],
      [32, 77],
      [-44, -28],
      [4, 61],
      [-33, 20],
      [0, 63],
      [18, 47],
      [54, 69],
      [-8, 26],
      [0, 128],
      [-51, 28],
      [-30, 26],
      [15, 36],
      [34, 19],
      [-63, 26],
      [-4, 31],
      [-28, 31],
      [-42, -37],
      [-37, -6],
      [-32, -34],
      [-60, 21],
      [-41, -20],
      [-58, 31],
      [-49, -22],
      [-23, 17],
      [-15, -15],
      [-48, 10],
      [-21, -24],
      [-135, -20],
      [-82, 31],
      [-34, 43],
      [-66, -6],
      [-34, 7],
      [-79, -23],
      [4, 59],
      [-36, 28],
      [-26, 62],
      [-21, -6],
      [-28, -46],
      [-11, -53],
      [10, -39],
      [-4, -31],
      [-32, -19],
      [-41, 1],
      [-15, 21],
      [-51, -73],
      [-39, -1],
      [-9, 86],
      [-20, 30],
      [-42, -10],
      [-43, -48],
      [-32, 34],
      [-23, -26],
      [-43, -22],
      [-15, -44],
      [-43, -22],
      [-21, -47],
      [-69, 31],
      [-6, 48],
      [-11, 1],
      [-34, -55],
      [-35, 16],
      [-23, -3],
      [-22, -35],
      [-22, 20],
      [-34, -10],
      [-17, 87],
      [9, 69],
      [48, 83],
      [1, 42],
      [-15, 81],
      [-17, 8],
      [-8, 36],
      [1, 76],
      [-13, 5],
      [-2, 42],
      [-31, 36],
      [-9, 58],
      [12, 21]
    ],
    [
      [50582, 53223],
      [8, -37],
      [-52, -52],
      [43, -64],
      [-168, -114],
      [-7, -123],
      [14, 14],
      [47, 4],
      [47, 36],
      [92, -110],
      [71, -94],
      [26, -49],
      [65, -80],
      [90, -126],
      [30, -50],
      [40, -48],
      [1, -47],
      [30, -79],
      [-2, -115],
      [12, -70],
      [-47, -12],
      [-29, -19],
      [-33, 7],
      [-34, 21],
      [-32, 47],
      [-3, 32],
      [-37, -43],
      [-23, 30],
      [-25, -160],
      [-16, -43],
      [-47, -47],
      [-105, 18],
      [-24, -5],
      [-70, 8],
      [-53, -47],
      [-51, -20],
      [-9, -77],
      [-54, -50],
      [-11, 10],
      [-32, -12],
      [-61, 1],
      [-39, -63],
      [-2, -17],
      [-41, -67],
      [-7, -24],
      [-114, -163],
      [-36, -29],
      [-10, -66],
      [-98, -141],
      [66, -89],
      [20, -20],
      [95, 21],
      [5, 62],
      [22, 87],
      [34, 20],
      [99, -48],
      [-46, 70],
      [-13, 38],
      [39, 94],
      [24, -14],
      [40, 59],
      [17, -15],
      [92, -29],
      [-20, -76],
      [3, -15],
      [38, 9],
      [2, -29],
      [17, 33],
      [27, 27],
      [2, -16],
      [35, -36],
      [7, -46],
      [46, -58],
      [-13, -108],
      [3, -70],
      [24, -154],
      [84, -40],
      [-46, 89],
      [15, 57],
      [37, 11],
      [-4, 56],
      [47, -32],
      [33, 71],
      [62, -26],
      [41, -6],
      [17, 19],
      [-3, 53],
      [35, 13],
      [7, -25],
      [13, 35],
      [37, -25],
      [28, 15],
      [12, -123],
      [-6, -31],
      [6, -77],
      [36, -74],
      [25, -18],
      [-37, -128],
      [36, 4],
      [27, -71],
      [-29, -48],
      [5, -73],
      [-12, -24],
      [9, -33],
      [-28, -79],
      [11, -42],
      [-8, -41],
      [-19, -9],
      [13, -42],
      [20, -22],
      [31, 18],
      [91, -5],
      [38, -17],
      [21, -38],
      [31, 1],
      [-6, -15],
      [-47, -44],
      [-32, -46],
      [-9, -66],
      [-23, -34],
      [23, -28],
      [-7, -62],
      [7, -24],
      [32, -35],
      [5, -40],
      [36, -46],
      [24, -17],
      [-6, -30],
      [28, -10],
      [-13, -16],
      [63, -94],
      [-29, -28],
      [5, -203],
      [-26, -12],
      [82, -52],
      [-57, -30],
      [-41, -8],
      [-9, -126],
      [2, -48],
      [78, 25],
      [15, 22],
      [-11, -119],
      [1, -36],
      [13, -6],
      [46, 17],
      [10, 66],
      [35, 23],
      [31, -59],
      [13, -2],
      [33, -39],
      [12, -33],
      [-24, -10],
      [-29, 12],
      [55, -130],
      [-84, -9],
      [2, -162],
      [-21, -12],
      [83, -143],
      [-49, -72],
      [-162, -154],
      [41, -59],
      [-54, -65],
      [-18, -92],
      [-48, 89],
      [-75, 10],
      [43, -81],
      [0, -15],
      [-30, -30],
      [-52, 67],
      [-27, -105],
      [-38, -16],
      [-47, -40],
      [-39, -20],
      [-5, 31],
      [-28, -24],
      [56, -195],
      [-102, -70],
      [-63, -65],
      [-54, -26],
      [-65, 14],
      [-97, 4],
      [-14, 7],
      [-52, 78],
      [-17, -15],
      [2, -40],
      [-16, -27],
      [-19, 0],
      [-22, -90],
      [4, -29],
      [-13, -45],
      [31, -37],
      [46, -34],
      [65, -66],
      [31, -128],
      [25, -31],
      [50, -33],
      [53, -58],
      [30, -24],
      [37, 1],
      [70, -16],
      [43, -67],
      [56, -23],
      [45, 3],
      [41, -36],
      [31, -81],
      [22, -8],
      [74, -62],
      [33, 1],
      [11, -39],
      [31, -33],
      [27, -55],
      [50, 61],
      [35, -50],
      [18, 0],
      [85, -32],
      [11, -30],
      [132, -176],
      [11, -60],
      [30, -24],
      [50, -15],
      [24, -34],
      [24, -13],
      [13, -29],
      [55, -52],
      [33, -20],
      [11, -26],
      [26, -10],
      [29, -33],
      [51, 101],
      [36, -39],
      [47, 51],
      [-69, 58],
      [-41, 54],
      [58, 84],
      [37, 0],
      [16, -20],
      [15, 42],
      [-6, 19],
      [93, 91],
      [91, 97],
      [28, 5],
      [12, -30],
      [19, 0],
      [8, -133],
      [26, 9],
      [12, -18],
      [-1, -69],
      [11, -89],
      [23, -97],
      [21, -37],
      [25, 3],
      [47, -17],
      [72, -16],
      [67, -59],
      [-90, -150],
      [99, -137],
      [20, -23],
      [68, 123],
      [51, -52],
      [45, 81],
      [27, -29],
      [52, -73],
      [44, -10],
      [-61, -186],
      [6, -57],
      [-10, -56],
      [43, -124],
      [127, -68],
      [29, -67]
    ],
    [
      [75002, 57585],
      [-37, -8],
      [-30, -36],
      [-37, 0],
      [-79, -55],
      [-26, 12],
      [-50, -5],
      [-61, -69],
      [-39, -24],
      [-75, -79],
      [-34, -18],
      [-43, -1],
      [-37, 10],
      [-38, -39],
      [-83, -25],
      [-26, 2],
      [-84, 56],
      [-42, 19],
      [-26, -17],
      [-51, -64],
      [-55, 33],
      [-21, 25],
      [-10, 49],
      [13, 60],
      [-25, 49],
      [-30, 40],
      [20, 27],
      [-7, 30],
      [-31, 16],
      [-8, 21],
      [-60, 10],
      [-38, 30],
      [51, 112],
      [-61, 92],
      [-31, 38],
      [-2, 50],
      [14, 33],
      [-16, 89],
      [-19, -25],
      [-75, -80],
      [-13, -26],
      [-34, -16],
      [-19, -31],
      [-42, 5],
      [-32, -11],
      [-93, -50],
      [-82, -56],
      [-94, 206],
      [-15, 97],
      [1, 98],
      [-24, 10],
      [-111, 5],
      [-28, 28],
      [-42, 61],
      [-62, 46],
      [-30, 13],
      [-26, -17],
      [-93, 42],
      [-20, 46],
      [-17, 8],
      [-17, -85],
      [-41, -3],
      [-63, -56],
      [-12, 1],
      [-68, -49],
      [-41, -11],
      [-23, -45],
      [-43, -6],
      [-29, 17],
      [-62, -25],
      [-31, 31],
      [-46, 30],
      [-106, -37],
      [-20, 0],
      [-51, 29],
      [-9, 25],
      [-37, -60],
      [-41, -38],
      [-45, -26],
      [-15, -36],
      [-59, -30],
      [-40, -28],
      [-39, 88],
      [-39, 64],
      [-12, 90],
      [40, 36],
      [22, 40],
      [-4, 124],
      [20, 23],
      [56, 30],
      [3, 51],
      [15, 38],
      [1, 48],
      [-29, 1],
      [-38, -17],
      [-20, -22],
      [-43, 3],
      [-39, -17],
      [-12, 13],
      [-26, -28],
      [-35, -5],
      [-35, 24],
      [-49, 0],
      [-86, -65],
      [-24, 53],
      [-43, 48],
      [-23, -31],
      [-31, -6],
      [-25, 47],
      [-15, 8],
      [-29, -29],
      [-56, 47]
    ],
    [
      [71343, 58655],
      [-4, 87],
      [-80, -77],
      [-51, -14],
      [-45, -25],
      [-58, 4],
      [-48, -30],
      [-54, 3],
      [-55, -25],
      [-30, 3],
      [-32, 33],
      [-46, -28],
      [-38, -2],
      [-60, 43],
      [-28, 64],
      [-30, 44],
      [-2, 24],
      [-31, 17],
      [-51, -31],
      [-19, -70],
      [-56, 5],
      [-42, -21],
      [-36, 6],
      [-29, 28],
      [-72, -6],
      [-61, -42],
      [-33, -39],
      [-35, -17],
      [-47, 27],
      [13, 137],
      [-5, 2],
      [36, 132],
      [29, 46],
      [55, 12],
      [-6, 26],
      [-78, 8],
      [-18, 17],
      [-7, 71],
      [21, 54],
      [-57, 115],
      [-137, 79],
      [-22, 64],
      [-8, 46],
      [-17, 36],
      [-34, 38],
      [-56, 32],
      [-32, -25],
      [-12, 6],
      [-56, -72],
      [-18, 5],
      [-35, -28],
      [-57, -27],
      [-37, 4],
      [-38, 36],
      [-33, -2],
      [-21, -47],
      [-24, 10],
      [-22, -16],
      [-24, 8],
      [-37, -22],
      [-40, -69],
      [-32, -20],
      [-69, -9],
      [-34, 2],
      [-37, 44],
      [-35, 108],
      [-19, 44],
      [-53, 58],
      [-12, 38],
      [-22, 30],
      [-27, 66],
      [-62, 29],
      [-52, -107],
      [-77, -39],
      [-77, -20],
      [-29, -26],
      [-68, -27],
      [-52, -48],
      [-15, -22],
      [-21, -62],
      [-62, -71],
      [-40, -12],
      [-21, 69],
      [-3, 28],
      [-20, 27],
      [-16, 43],
      [-58, 34],
      [-58, -22],
      [-28, 23],
      [-105, 67],
      [-47, 4],
      [-51, -8],
      [-12, -17],
      [1, -91],
      [-14, -99],
      [-13, -41],
      [3, -26],
      [-26, -49],
      [-21, -127],
      [-36, -84],
      [-28, -7],
      [-31, -34],
      [-37, -20],
      [4, -17],
      [-14, -126],
      [10, -70],
      [-1, -60],
      [-18, -39],
      [-46, 20],
      [-11, 30],
      [-7, -123],
      [-19, 42],
      [-20, 17],
      [-1, 98],
      [-5, 54],
      [-30, 44],
      [-26, 18],
      [-11, 25],
      [-34, 28],
      [-90, -59],
      [-34, -6],
      [-59, -30],
      [-44, -5],
      [-31, -13],
      [-49, 23],
      [6, 34],
      [0, 108]
    ],
    [
      [67347, 58911],
      [-6, 14],
      [-63, 15],
      [-54, 40],
      [-76, 24],
      [-30, -6],
      [-69, -29],
      [-29, -42],
      [-21, -11],
      [-31, 8],
      [-33, -11],
      [-52, -2],
      [-80, 30],
      [-78, 3],
      [-31, -51],
      [-32, -13]
    ],
    [
      [72786, 43543],
      [-45, 42],
      [-20, 36],
      [-54, 64],
      [-32, 60],
      [-5, 104],
      [-19, 32],
      [-48, -29],
      [-43, -64],
      [-48, -14],
      [-62, 34],
      [-31, 7],
      [-6, 16],
      [-47, 20],
      [-76, 56],
      [-13, 52],
      [-16, 20],
      [-49, 2],
      [-39, 41],
      [-53, 26],
      [-25, -8],
      [-5, -35],
      [-11, 40],
      [-41, 22],
      [-17, -5],
      [-38, 25],
      [-22, -26],
      [-55, 13],
      [-20, 62],
      [39, -12],
      [12, 44],
      [-12, 45],
      [-39, 8],
      [-28, 23],
      [-50, -58],
      [-10, 47],
      [27, 37],
      [-2, 45],
      [-53, 36],
      [6, 53],
      [55, -1],
      [57, -15],
      [18, 20],
      [7, 33],
      [-5, 38],
      [-15, -1],
      [-12, -31],
      [-30, -15],
      [-24, 19],
      [-20, 113],
      [-23, 3],
      [8, -35],
      [-17, -58],
      [-45, 15],
      [-11, 31],
      [-24, 3],
      [-22, 68],
      [-41, -2],
      [-29, 32],
      [-13, 58],
      [-22, 14],
      [-27, -8],
      [4, -31],
      [-23, 9],
      [-42, -14],
      [-22, 30],
      [-12, -39],
      [-27, 1],
      [-31, 20],
      [-49, 63],
      [-20, 39],
      [15, 20],
      [35, 14],
      [2, 14],
      [-37, 29],
      [-57, 6],
      [-48, 26],
      [-45, -24],
      [-24, -47],
      [-27, -69],
      [-26, -41],
      [-22, -13],
      [-34, -53],
      [-27, -20],
      [-29, 8],
      [-47, 45],
      [-37, 11],
      [-22, 26],
      [-11, 76],
      [2, 88],
      [20, 231],
      [31, 142],
      [0, 59],
      [-20, 28],
      [-54, 2],
      [-16, 39],
      [-7, 135],
      [-34, 82],
      [-19, -13],
      [-38, -66],
      [-12, -55],
      [-26, -4],
      [-33, 35],
      [-32, -23],
      [-31, 21],
      [-9, 29],
      [22, -11],
      [23, 29],
      [20, 64],
      [-8, 14],
      [-37, -18],
      [-13, 28],
      [-4, 81],
      [3, 73],
      [-29, 0],
      [-23, 31],
      [-38, -36],
      [-29, 16],
      [-17, 47],
      [-37, 6],
      [-31, -35],
      [31, -24],
      [-31, -31],
      [8, -74],
      [-40, -107],
      [-29, -6],
      [-32, 15],
      [-19, -9],
      [-35, -45],
      [-26, 2],
      [-20, -15],
      [-19, 17],
      [-8, 51],
      [6, 52],
      [-25, 19],
      [1, -45],
      [-23, -47],
      [-2, -31],
      [-36, 12],
      [-6, 40],
      [-17, 31],
      [-31, 30],
      [-3, 42],
      [-18, 14],
      [-26, -10],
      [-60, 14],
      [-16, 75],
      [-46, 88],
      [-34, -14],
      [-60, 86],
      [-32, -7],
      [19, 78],
      [-12, 34],
      [-23, -41],
      [10, 57],
      [-4, 25],
      [-31, 4],
      [-14, -18],
      [-16, 19],
      [56, 40],
      [61, 74],
      [6, 15],
      [21, 151],
      [21, -1],
      [-4, 66],
      [8, 89],
      [23, 14],
      [16, 44],
      [-7, 66],
      [-16, 8],
      [-32, -15],
      [-42, -47],
      [-23, 32],
      [-49, 22],
      [-32, -8],
      [-41, -29],
      [-56, -9],
      [-15, 9],
      [-9, 51],
      [6, 34],
      [24, 23],
      [-5, 18],
      [-33, 19],
      [-22, -30],
      [-10, -38],
      [-35, 162],
      [11, 63],
      [20, 51],
      [-22, 43],
      [23, 43],
      [19, 92],
      [-51, 39],
      [-64, -82],
      [-23, 19],
      [20, 17],
      [11, 32],
      [-13, 35],
      [-19, 3],
      [-40, 34],
      [-20, 43],
      [-16, 105],
      [-18, 12],
      [-12, 65],
      [-34, 10],
      [-27, 25],
      [14, 22],
      [35, 18],
      [13, 35],
      [-12, 88],
      [8, 26],
      [-27, 13],
      [-12, 54],
      [30, 35],
      [62, 51],
      [14, 0],
      [20, 43],
      [-17, 27],
      [-8, 73],
      [39, 32],
      [-7, 61],
      [21, 43],
      [-2, 62],
      [-28, -15],
      [-36, 23],
      [-28, 65],
      [15, 23],
      [23, -1],
      [4, -46],
      [25, -39],
      [10, 59],
      [34, 8],
      [-18, 79],
      [39, 38],
      [10, 26],
      [-10, 108],
      [-57, -38],
      [-4, 41],
      [31, 21],
      [51, 119],
      [10, 56],
      [-12, 27],
      [-17, -6],
      [-3, 45],
      [49, 70],
      [26, -24],
      [11, 27],
      [-29, 45],
      [24, 47],
      [-10, 15],
      [-67, 9],
      [-6, 20],
      [18, 54],
      [-18, 75],
      [13, 49],
      [-25, 62],
      [-16, 24],
      [-28, -14],
      [-40, 33],
      [-13, -4],
      [-9, -41],
      [-22, 22],
      [-7, 60],
      [19, 17],
      [26, -3],
      [27, -42],
      [15, 37],
      [-19, 17],
      [-2, 48],
      [-27, 1],
      [-10, -20],
      [-50, -10],
      [-18, 35],
      [-44, -11],
      [-8, 78],
      [21, 19],
      [-7, 18],
      [-31, 3],
      [-29, 71],
      [-63, 30],
      [-14, 20],
      [-15, -12],
      [-48, 44],
      [-12, 44],
      [29, 38],
      [-27, 27],
      [-1, 34],
      [-34, 50],
      [6, 70],
      [14, 24],
      [40, 37],
      [35, 19],
      [30, 66],
      [29, 18],
      [46, 3],
      [71, 35],
      [17, 50],
      [35, -19],
      [45, 15],
      [20, 37],
      [3, 49],
      [39, -25],
      [39, 31],
      [38, 15],
      [50, 37],
      [7, 51],
      [-31, 29],
      [-6, 48],
      [-39, 75],
      [-22, 127],
      [-56, 97],
      [-37, 37],
      [-48, 35],
      [-33, 12],
      [-38, 39],
      [-29, 1],
      [-3, 52],
      [34, -6],
      [-6, 68],
      [43, 56],
      [35, 74],
      [13, 14],
      [37, 6],
      [32, 53],
      [-25, 38],
      [-21, 12],
      [-15, 38],
      [26, 38],
      [27, 13],
      [50, 59],
      [57, 48],
      [25, 30],
      [-1, 36],
      [37, 42],
      [-6, 47],
      [15, -13],
      [27, 24],
      [-1, -33],
      [25, -16],
      [21, 10],
      [-20, 41],
      [21, 22],
      [10, -40],
      [55, 14],
      [9, 22],
      [12, -23],
      [40, 13],
      [7, 53],
      [17, -16],
      [21, 29],
      [42, 12],
      [8, 35],
      [25, -14],
      [65, 16],
      [8, 17],
      [-18, 20],
      [7, 52],
      [37, 34],
      [64, -4],
      [17, 32],
      [1, 34],
      [49, 23],
      [32, 27],
      [-6, 49],
      [-49, 28],
      [21, 49],
      [19, 0],
      [9, -37],
      [30, -16],
      [13, 33],
      [-3, 65],
      [16, -26],
      [3, 33],
      [21, 2],
      [12, 39],
      [-7, 40],
      [57, 82],
      [7, 40],
      [-11, 14],
      [16, 34],
      [-2, 28],
      [-37, 8],
      [-20, 62],
      [-12, 83],
      [44, -7],
      [73, 27],
      [17, 26],
      [0, 42],
      [11, -35],
      [-1, -44],
      [45, 10],
      [41, 0],
      [-3, 22],
      [-22, -1],
      [4, 30],
      [71, -5],
      [10, 57],
      [24, 9],
      [-1, 28],
      [-24, 21],
      [30, 57],
      [-12, 19],
      [8, 23],
      [19, 2],
      [10, 30],
      [32, 9],
      [1, 61],
      [25, -9],
      [5, 48],
      [-23, 29],
      [3, 42],
      [12, 23],
      [-14, 64],
      [-21, 28],
      [42, 24],
      [-2, 39],
      [-57, 90],
      [-21, 109],
      [-2, 66],
      [21, 21],
      [-5, 58],
      [20, 75],
      [-16, 11],
      [-19, 49],
      [23, -6],
      [28, 19],
      [15, 50],
      [-17, 20],
      [8, 61],
      [-31, 26],
      [-1, 49],
      [-45, -34],
      [-11, 19],
      [14, 68],
      [-18, -13],
      [-17, 25],
      [8, 31],
      [-51, 28],
      [-11, -11],
      [12, -37],
      [-6, -40],
      [-47, 44],
      [-16, 41],
      [26, 94],
      [29, 57],
      [-33, 10],
      [-5, 21],
      [10, 69],
      [24, 71],
      [28, -20],
      [18, 35],
      [19, 9],
      [10, 28],
      [15, -23],
      [9, 80],
      [-7, 37],
      [36, 54],
      [-15, 17],
      [0, 51],
      [24, 80],
      [6, -27],
      [45, 2],
      [28, -37],
      [4, 43],
      [15, -2],
      [-1, 45],
      [15, -46],
      [19, 39],
      [14, -29],
      [29, 17],
      [13, 47],
      [-12, 33],
      [24, 6],
      [-6, 25],
      [58, 21],
      [39, -25],
      [27, 31],
      [8, -30],
      [30, 21],
      [8, -43],
      [24, 9],
      [-7, 24],
      [21, 39],
      [-1, 55],
      [24, 8],
      [3, -27],
      [20, 20],
      [40, -48],
      [24, 8],
      [7, 38],
      [-32, -12],
      [-10, 17],
      [15, 40],
      [32, -4],
      [17, 67],
      [35, 13],
      [2, 33],
      [43, 27],
      [13, -42],
      [12, 13],
      [27, -10],
      [-6, 30],
      [14, 13],
      [27, -23],
      [0, 29],
      [47, 36],
      [-24, 37],
      [40, 7],
      [12, 67],
      [-2, 56],
      [40, 26],
      [5, 26],
      [71, 1],
      [14, 23],
      [49, -6],
      [15, 19],
      [20, -21],
      [48, 1],
      [9, 18],
      [40, -28],
      [8, -17],
      [43, -28],
      [54, -71],
      [58, -47],
      [91, -52],
      [12, 15],
      [51, -18],
      [34, 14],
      [48, -26],
      [6, -28],
      [48, -8],
      [36, 11],
      [46, -14],
      [66, -46],
      [43, 11],
      [69, -12],
      [17, 5],
      [106, 61],
      [54, -23],
      [30, -1],
      [65, -39],
      [21, -23],
      [40, 26],
      [11, -33],
      [39, 18],
      [1, 24],
      [39, -9],
      [25, 20],
      [19, -14],
      [8, 19],
      [34, -2],
      [11, -63],
      [19, 4],
      [21, 26],
      [22, -13],
      [7, 38],
      [-12, 31],
      [30, 8],
      [2, -24],
      [37, 4],
      [36, -15],
      [30, 12],
      [14, -21],
      [14, -70],
      [-6, -35],
      [-43, -68],
      [-40, -11],
      [-10, -46],
      [30, -25],
      [-14, -44],
      [18, 4],
      [35, -60],
      [18, -13],
      [37, -70],
      [64, 10],
      [26, 54],
      [52, 65],
      [45, 31],
      [-4, 54],
      [22, 79],
      [31, -7],
      [19, 18],
      [58, 21],
      [29, 57],
      [58, -13],
      [18, -16],
      [48, -8],
      [17, 18],
      [24, -26],
      [8, -42],
      [18, 21],
      [41, -33],
      [63, -7],
      [42, -30],
      [30, 12],
      [31, -31],
      [11, -32],
      [11, 6],
      [-11, -94],
      [15, -11],
      [-3, -65],
      [-26, -51],
      [1, -21],
      [-22, -63],
      [-46, -31],
      [-6, -23],
      [-6, -100],
      [-25, -14],
      [-3, -68],
      [8, -28],
      [43, -44],
      [-24, -37],
      [-10, -43],
      [13, -17],
      [22, 16],
      [-7, -25],
      [22, -37],
      [10, 34],
      [42, -31],
      [42, -60],
      [33, -13],
      [72, 16],
      [15, -5],
      [35, 37],
      [52, 2],
      [69, 19],
      [29, 33],
      [82, 14],
      [-4, 25],
      [26, 37],
      [-3, 16],
      [34, 3],
      [24, 36],
      [40, -16],
      [11, 26],
      [15, -21],
      [16, 28],
      [63, 41],
      [13, 38],
      [28, 5],
      [41, 33],
      [36, 5],
      [-5, 37],
      [20, -6],
      [38, 25],
      [41, 114],
      [-2, 28],
      [34, 28],
      [40, 7],
      [4, 30],
      [42, 3],
      [39, 99],
      [17, 64],
      [33, 22],
      [13, 55],
      [-9, 14],
      [23, 54],
      [-3, 110],
      [-16, 14],
      [41, 93],
      [-7, 47],
      [15, 30],
      [42, 25],
      [49, 62],
      [30, 102],
      [-13, 43],
      [-9, 78],
      [0, 53],
      [23, 58],
      [0, 39],
      [-20, 45],
      [18, 35],
      [5, 56],
      [-8, 29],
      [-22, 26],
      [-2, 59],
      [17, 83],
      [60, 51],
      [15, -15],
      [52, -15],
      [32, 17],
      [25, 92],
      [-22, 93],
      [12, 54],
      [21, 24],
      [23, 74],
      [18, 31],
      [-42, 80],
      [-25, 76],
      [0, 35],
      [-28, 75],
      [-12, 58],
      [-17, 38],
      [-9, 74],
      [8, 69],
      [-2, 56],
      [-9, 34],
      [-24, 13],
      [-86, 139],
      [-38, 125],
      [-2, 44],
      [-13, 49],
      [-13, 128],
      [-2, 58]
    ],
    [
      [67102, 73911],
      [-7, -10],
      [-78, -45],
      [-17, -23],
      [-43, -17],
      [-17, -40],
      [-21, 9],
      [-44, -23],
      [-34, 0],
      [-55, 33],
      [-38, 14],
      [-64, -16],
      [-54, 14],
      [-37, -6],
      [-110, 7],
      [-71, -11],
      [-44, -22],
      [-37, 12],
      [-29, -3],
      [-28, 12],
      [-63, -2],
      [-23, -27],
      [-47, -10],
      [-44, 29],
      [-33, 36],
      [-9, 54],
      [-50, 12],
      [-64, 58],
      [-46, 20],
      [-73, -26],
      [-86, -40],
      [-116, -89],
      [-64, -65],
      [-93, -47],
      [-60, -21],
      [-51, -32],
      [-30, -27],
      [-23, -6],
      [-95, 1],
      [-63, -21],
      [-69, -71],
      [-39, -91],
      [-49, -53],
      [-98, -94],
      [-63, -25],
      [-136, -6],
      [-35, -79],
      [-103, -77],
      [-6, -22],
      [-43, 18],
      [-12, -52],
      [6, -96],
      [-45, -57],
      [-41, -18],
      [-98, -5],
      [-20, -22],
      [-16, -44],
      [-47, -46],
      [-33, -11],
      [-30, 31],
      [-18, 2],
      [-45, -56],
      [-51, 30],
      [-72, 10],
      [-16, -8],
      [-47, 5],
      [-45, 41],
      [-20, 32],
      [-39, -49],
      [-36, -22],
      [-43, -63],
      [-7, -33],
      [-35, -47],
      [-21, -45],
      [-76, -42],
      [-97, 19],
      [-29, 55],
      [-54, -3],
      [-44, 26],
      [-13, 113],
      [-31, 10],
      [-53, -50],
      [6, -36],
      [-20, -24],
      [-18, 5],
      [-51, -66],
      [-49, -43],
      [-37, 23],
      [-52, -52],
      [-46, -35],
      [-78, 19],
      [-15, 16],
      [-33, -2],
      [-32, 14],
      [-35, 1],
      [-20, -21],
      [-39, -17],
      [-201, 0],
      [-7, -22],
      [-56, -92],
      [-93, -90],
      [-3, -49],
      [-11, -37],
      [16, -71],
      [-3, -34],
      [-21, -76],
      [-30, -26],
      [-9, -34],
      [-32, -38],
      [-58, -34],
      [-25, 6],
      [-46, -56],
      [-12, -35],
      [-6, -78],
      [-18, -46],
      [15, -49],
      [-25, 22],
      [-28, -11],
      [-30, 37],
      [-18, 90],
      [0, 45],
      [-46, 110],
      [-10, 36],
      [-26, 17],
      [-18, 34],
      [-40, -6],
      [-34, 16],
      [-52, -6],
      [-39, -27],
      [-30, 58],
      [-10, 61],
      [-17, 41],
      [7, 38],
      [-34, 90],
      [13, 56],
      [1, 57],
      [21, 29],
      [25, 11],
      [-32, 86],
      [6, 59],
      [-13, 27],
      [-19, 1],
      [-28, 68],
      [-17, 16],
      [-30, 104],
      [-32, -30],
      [-31, -53],
      [-19, -1],
      [-31, -64],
      [-31, -29],
      [-24, -47],
      [-28, -12],
      [-39, 4],
      [-39, 46],
      [-74, -12],
      [-42, 2],
      [-43, 13],
      [-51, -17],
      [-57, -53],
      [-42, -49],
      [-57, -24],
      [-61, 3],
      [-23, 28],
      [-37, 2],
      [-79, -68]
    ],
    [
      [60790, 72417],
      [3, -49],
      [35, -147],
      [5, -55],
      [22, -76],
      [4, -52],
      [-27, -198],
      [-19, -37],
      [-13, -49],
      [4, -27],
      [36, -19],
      [42, -61],
      [27, -100],
      [39, -91],
      [34, -15],
      [40, -31],
      [47, -52],
      [20, -51],
      [7, -46],
      [-11, -85],
      [-12, -144],
      [-15, -107],
      [-6, -125],
      [-25, -142],
      [16, -53],
      [38, -11],
      [84, -11],
      [86, -49],
      [44, -37],
      [48, -26],
      [49, -41],
      [49, 22],
      [20, 28],
      [41, 27],
      [73, 25],
      [48, 42],
      [32, 13],
      [45, -6],
      [7, 10],
      [46, -43],
      [97, -49],
      [21, -19],
      [29, -49],
      [30, -68],
      [75, -135],
      [23, -94],
      [7, -93],
      [-15, -62],
      [-3, -115],
      [65, 66],
      [30, -19],
      [99, -102],
      [55, -78],
      [32, -24],
      [88, -117],
      [76, -65],
      [36, -64],
      [62, 68],
      [88, 84],
      [30, 49],
      [52, 99],
      [93, 110],
      [26, -77],
      [22, -4],
      [27, -193],
      [33, -138],
      [30, -51],
      [3, -23],
      [85, -37],
      [30, 8],
      [28, -32],
      [1, -50],
      [-7, -60],
      [24, -24],
      [40, -16],
      [1, -66],
      [14, -15],
      [26, 2],
      [24, -20],
      [19, 30],
      [64, -31],
      [34, -34],
      [57, -34],
      [28, -62],
      [15, -14],
      [-62, -122],
      [-104, -110],
      [18, -51],
      [-4, -13],
      [-77, -62],
      [44, -144],
      [5, -51],
      [-9, -67],
      [12, -116],
      [-11, -33],
      [-37, -48],
      [-1, -29],
      [-21, -59],
      [-35, -80],
      [1, -44],
      [-12, -29],
      [9, -60],
      [-9, -68],
      [7, -66],
      [-5, -29],
      [14, -73],
      [-56, -12],
      [-70, 21],
      [-23, 15],
      [-63, 19],
      [-23, 53],
      [-58, -53],
      [4, -27],
      [-24, -20],
      [-40, -7],
      [-4, -42],
      [13, -43],
      [31, -59],
      [47, -49],
      [28, -113],
      [38, -48],
      [18, -54],
      [75, -56],
      [21, 11],
      [23, -22],
      [38, 11],
      [27, -23],
      [23, 3],
      [45, -42],
      [42, -59],
      [21, -83],
      [25, -12],
      [14, -51],
      [41, -82],
      [40, -55],
      [11, -52],
      [-14, -124],
      [-47, 33],
      [-31, -11],
      [-40, 15],
      [-28, -4],
      [-60, 61],
      [-53, 33],
      [-82, 4],
      [-48, -18],
      [-59, 40],
      [-21, 42],
      [-27, 32],
      [-15, -6],
      [-20, 26],
      [-92, 36],
      [-29, -53],
      [-4, -34],
      [74, -76],
      [-26, -43],
      [23, -64],
      [-29, -42],
      [-37, 37],
      [-38, -5],
      [-24, -50],
      [-24, 59],
      [-13, 3],
      [-17, 39],
      [-19, -54],
      [-44, -5],
      [-42, -40],
      [-19, 0],
      [-15, -26],
      [-24, -9],
      [-12, -36],
      [12, -47],
      [55, -61],
      [20, -47],
      [35, -49],
      [-25, -41],
      [18, -26],
      [89, -38],
      [67, -66],
      [31, -52],
      [34, -21],
      [38, -40],
      [60, -28],
      [6, -34],
      [-10, -14],
      [10, -40],
      [79, -65],
      [37, -65],
      [54, -39],
      [27, -33],
      [78, -50],
      [12, 16],
      [30, -3],
      [59, -31],
      [86, -32],
      [49, -6],
      [40, 28],
      [51, -3],
      [30, -25],
      [1, -76],
      [-12, -19],
      [-12, -91],
      [-3, -66],
      [-13, -45],
      [2, -32],
      [58, -22],
      [44, -5],
      [47, -35],
      [29, -113],
      [35, -32],
      [40, -18],
      [32, -74],
      [31, -1],
      [95, 31],
      [12, -34],
      [30, 16],
      [-14, -28],
      [45, -28],
      [8, -15],
      [50, 25],
      [39, 43],
      [53, 26],
      [19, -1],
      [-17, -47],
      [43, -43],
      [46, 16],
      [70, -81],
      [23, -4],
      [-8, -51],
      [-30, -77],
      [-1, -52],
      [-30, -186],
      [15, -13],
      [23, -72],
      [15, -21],
      [28, -6],
      [47, -32],
      [7, 51],
      [56, -10],
      [39, 31],
      [16, -54],
      [-9, -112],
      [88, -21],
      [93, 76],
      [48, 80],
      [52, -22],
      [-2, -20],
      [25, -53],
      [79, -5],
      [29, -18],
      [11, 78],
      [34, -39],
      [72, -59],
      [68, 70],
      [14, 6],
      [88, 96],
      [62, 64],
      [34, 25],
      [10, -35],
      [32, -37],
      [8, 8],
      [50, -52],
      [3, 7],
      [117, -270],
      [12, 24],
      [101, 116],
      [33, 21],
      [12, 73],
      [15, 22],
      [29, 6],
      [51, 61],
      [29, 102],
      [48, 45],
      [25, -59],
      [8, -52],
      [59, 45],
      [58, -52],
      [-6, -8],
      [34, -62],
      [-8, -51],
      [-3, -86],
      [10, -128],
      [-13, -80],
      [-1, -46],
      [10, -71],
      [8, -94],
      [20, -45],
      [48, -19],
      [42, -80],
      [12, -59],
      [39, -97],
      [56, 54],
      [38, 13],
      [4, 28],
      [41, 69],
      [61, 8],
      [11, 15],
      [84, 5],
      [47, 26],
      [14, 23],
      [28, -9],
      [30, 16],
      [34, -1],
      [-3, 24],
      [45, 20],
      [1, -14],
      [88, 53],
      [44, -11],
      [8, 10],
      [31, -31],
      [15, 21],
      [21, -5],
      [23, 25],
      [16, 42],
      [4, -22],
      [34, 43],
      [23, 42],
      [22, -3],
      [45, -29],
      [41, -100],
      [19, -8],
      [21, -38],
      [24, -72],
      [5, -59],
      [16, -31],
      [-25, -56],
      [-17, -59],
      [-6, -57],
      [-10, -3],
      [10, -48],
      [-14, -11],
      [-4, -49],
      [7, -43],
      [24, -22],
      [-14, -88],
      [-16, -4],
      [14, -26],
      [-19, -9],
      [17, -38],
      [-21, -13],
      [15, -35],
      [-2, -37],
      [11, -30],
      [19, 0],
      [-6, -44],
      [13, -27],
      [1, -42],
      [17, 13],
      [10, -63],
      [27, -97],
      [19, 15],
      [0, -33],
      [32, -77],
      [26, -2],
      [17, -24],
      [-21, -17],
      [-31, -49],
      [15, -32],
      [-8, -15],
      [28, -18],
      [-18, -23],
      [5, -50],
      [-5, -40],
      [10, -28],
      [-13, -40],
      [12, -94],
      [16, -31],
      [4, -96],
      [11, -1],
      [10, -41],
      [2, -55],
      [-11, -49],
      [18, -52],
      [2, -57],
      [21, -44],
      [24, -3],
      [-16, -40],
      [18, 4],
      [1, -69],
      [21, -6],
      [-19, -36],
      [29, -12],
      [-16, -37],
      [12, -12],
      [-19, -23],
      [11, -26],
      [-19, -7],
      [1, -42],
      [-29, -46],
      [6, -29],
      [-11, -19],
      [7, -24],
      [-8, -37],
      [11, -33],
      [-8, -14],
      [16, -37],
      [-18, -87],
      [-4, -50],
      [8, -84],
      [19, -30],
      [21, -4],
      [15, -25],
      [20, -73],
      [27, -13],
      [-9, -13],
      [5, -51],
      [-10, -15],
      [38, -66],
      [21, -15],
      [16, -41],
      [16, 1],
      [45, -75],
      [-19, -70],
      [-42, -34],
      [-42, 13],
      [11, -63],
      [1, -80],
      [15, -55],
      [41, -79],
      [-53, -20],
      [-17, -49],
      [-70, -96],
      [-10, -46],
      [5, -32],
      [33, -112],
      [-18, -75],
      [-22, -21],
      [118, -181],
      [5, -21],
      [56, -30],
      [44, 2],
      [14, -51],
      [1, -91],
      [-30, -63],
      [-9, -63],
      [-36, -56],
      [-9, -37],
      [-30, 8],
      [-74, -1],
      [-33, -39],
      [9, -89],
      [-23, -76],
      [-40, 3]
    ],
    [
      [71343, 58655],
      [17, 60],
      [37, -11],
      [8, -46],
      [22, 12],
      [42, 65],
      [42, 21],
      [53, 48],
      [8, 75],
      [35, 1],
      [55, 48],
      [5, 39],
      [35, 50],
      [80, -24],
      [16, 12],
      [96, 236],
      [21, 67],
      [22, 48],
      [59, 49],
      [15, 67],
      [-7, 116],
      [37, 80],
      [12, 73],
      [36, 77],
      [4, 88],
      [34, 80],
      [19, 18],
      [28, 49],
      [32, 8],
      [45, 56],
      [4, 96],
      [25, 58],
      [2, 40],
      [14, 18],
      [40, 19],
      [14, 28],
      [6, 68],
      [-13, 44],
      [3, 96],
      [38, 41],
      [12, 31],
      [-1, 90],
      [-16, 45],
      [-2, 76],
      [-13, 51],
      [13, 86],
      [-3, 45],
      [17, 70],
      [-11, 72],
      [19, 54],
      [28, 12],
      [27, -13],
      [45, 56],
      [-9, 192],
      [-11, 126],
      [-14, 25],
      [-11, 58],
      [3, 44],
      [16, 17],
      [38, 104],
      [-22, 116],
      [-6, 94],
      [3, 54],
      [-13, 97],
      [3, 34],
      [-14, 22],
      [21, 97],
      [24, 25],
      [-1, 50],
      [-9, 31],
      [1, 64],
      [18, 56],
      [0, 46],
      [-60, 42],
      [-15, -2],
      [-31, 38],
      [-6, 41],
      [23, 33],
      [40, 34],
      [29, 39],
      [15, 60],
      [39, 13],
      [22, -17],
      [-1, -47],
      [26, -3],
      [40, 36],
      [35, 19],
      [-9, 89],
      [-10, 40],
      [1, 54],
      [19, 102],
      [-64, 36],
      [-51, 66],
      [-32, 81],
      [-48, 151],
      [-14, 26],
      [-36, 169],
      [-9, 28],
      [-89, 20],
      [-54, -31],
      [-33, 27],
      [-83, -24],
      [-30, -91],
      [-32, -30],
      [-25, 11],
      [-23, -41],
      [-22, 14],
      [-32, -12],
      [-35, 17],
      [-32, 31],
      [-18, -69],
      [-14, -12],
      [-59, 29],
      [-22, -73],
      [-27, -57],
      [-17, 2],
      [-30, -24],
      [-26, 32],
      [-44, -8],
      [-23, -82],
      [-21, -23],
      [-29, 39],
      [-68, 38],
      [-49, 42],
      [-67, 16],
      [-19, 24],
      [-56, 15],
      [-18, -5],
      [-106, 79],
      [-7, 56],
      [4, 54],
      [-23, 77],
      [-27, 133],
      [-3, 49],
      [2, 186],
      [-8, 86],
      [-9, 168],
      [15, 78],
      [0, 30],
      [-41, -11],
      [9, 44],
      [21, 180],
      [17, 73],
      [-14, 1],
      [17, 75],
      [-7, 0],
      [8, 109],
      [77, -1],
      [16, -7],
      [47, 85],
      [-20, 40],
      [5, 15],
      [33, -5],
      [-245, 337]
    ],
    [
      [71083, 65486],
      [-115, 63],
      [-87, 94],
      [3, 10],
      [-11, 96],
      [-33, 81],
      [25, 82],
      [12, 88],
      [20, 55],
      [43, 88],
      [-23, -17],
      [-34, 41],
      [-48, 2],
      [-23, 14],
      [5, 29],
      [-38, 92],
      [-25, 26],
      [-43, 3],
      [-23, -19],
      [-42, 33],
      [-16, 55],
      [-25, 27],
      [-37, 64],
      [-13, -7],
      [-49, 28],
      [-76, -5],
      [-19, 19],
      [3, 22],
      [-50, 79],
      [-39, 20],
      [-31, 36],
      [-32, -5],
      [-49, 31],
      [-36, 77],
      [-23, 16],
      [-65, -28],
      [-66, 26],
      [-39, -55],
      [-31, -10],
      [-26, 7],
      [-34, 31],
      [10, 15],
      [-57, 31],
      [-51, -17],
      [-33, -69],
      [-83, -35],
      [-63, 1],
      [-44, 35],
      [-13, 31],
      [-55, 35],
      [-34, -14],
      [-21, 33],
      [-19, -11],
      [-85, 21],
      [-58, 54],
      [-40, 69],
      [-27, 120],
      [-31, 93],
      [-40, 54],
      [10, 24],
      [-35, 55],
      [-29, 24],
      [-24, 47],
      [10, 94],
      [-7, 21],
      [27, 16],
      [37, 138],
      [17, 112],
      [9, 31],
      [-23, 74],
      [-8, 47],
      [5, 56],
      [-21, 72],
      [-11, 88],
      [15, 58],
      [33, 67],
      [54, 64],
      [-54, 84],
      [-58, -62],
      [-43, -1],
      [-36, 19],
      [-15, -35],
      [-17, 38],
      [22, 38],
      [-34, 59],
      [-33, 28],
      [-11, -13],
      [-32, 32],
      [-33, -34],
      [5, -84],
      [8, -46],
      [-28, -33],
      [-23, 82],
      [1, 74],
      [-21, 87],
      [9, 40],
      [-4, 48],
      [-32, 52],
      [4, 39],
      [-13, 29],
      [-24, 7],
      [-15, 57],
      [-44, 74],
      [2, 28],
      [-33, 54],
      [-12, -6],
      [-28, 34],
      [-43, 18],
      [-25, 29],
      [-65, 27],
      [-21, 22],
      [-85, -23],
      [-9, -77],
      [-33, -76],
      [-22, -9],
      [-18, -28],
      [4, -54],
      [-29, -35],
      [-18, -52],
      [3, -75],
      [-14, -13],
      [-34, 31],
      [-54, 82],
      [-19, 62],
      [-60, 60],
      [-37, 100],
      [-10, 4],
      [-31, 67],
      [-44, 50],
      [2, 41],
      [-26, 60],
      [15, 19],
      [3, 46],
      [11, 32],
      [-14, 38],
      [20, 40],
      [-16, 9],
      [45, 76],
      [-8, 55],
      [2, 107],
      [22, 75],
      [59, 120],
      [21, 67],
      [46, 6],
      [26, -8],
      [44, 13],
      [20, -14],
      [4, 50],
      [32, 21],
      [37, -44],
      [4, 63],
      [47, 90],
      [-10, 43],
      [61, 47],
      [45, 43],
      [31, 61],
      [18, -1],
      [46, 54],
      [54, 12],
      [41, -36],
      [19, -4],
      [10, 32],
      [40, 21],
      [46, 158],
      [8, 13],
      [-39, 37],
      [-19, 60],
      [-32, 17],
      [-47, 9],
      [-43, 99],
      [-39, 43],
      [-9, 61],
      [-27, 3],
      [-9, 43],
      [-38, 49],
      [-26, 10],
      [-42, 61],
      [-14, 2],
      [-35, 67],
      [-18, 16],
      [6, 41],
      [-16, 70],
      [10, 17],
      [-9, 53],
      [-58, 82],
      [-43, 17],
      [-40, 28],
      [-47, 78],
      [-13, 35],
      [-32, 32],
      [-49, 23],
      [-23, -18],
      [-29, 0],
      [-11, 23],
      [-43, 23],
      [-12, -25],
      [-36, -1],
      [-68, 34],
      [-30, -4],
      [-27, 18],
      [-31, 5],
      [-20, 34],
      [-60, 17],
      [-9, 17],
      [-28, -1],
      [-9, 19],
      [-31, -3],
      [-18, 31],
      [-88, 68],
      [-17, 57],
      [-13, 87],
      [22, 86],
      [18, 26],
      [-23, 52],
      [-39, 28],
      [-36, 14],
      [-40, 36],
      [7, 19],
      [-12, 39],
      [-2, 144],
      [39, 13],
      [57, 86],
      [24, 22],
      [37, -2],
      [34, -41],
      [33, 46],
      [24, 49],
      [14, 49],
      [-6, 39],
      [13, 11],
      [8, 85],
      [-31, 26],
      [-72, 38],
      [-39, 15],
      [-56, 50],
      [-18, 8],
      [-61, 52],
      [-93, 59],
      [-21, 53],
      [-2, 102],
      [4, 110],
      [-39, 133],
      [-28, 72],
      [-23, 43],
      [-34, 31],
      [-17, 48],
      [-4, 39],
      [15, 58],
      [57, 50],
      [29, 63],
      [-20, 60],
      [-43, 53]
    ],
    [
      [60790, 72417],
      [-20, 14],
      [-59, -21],
      [-26, -48],
      [-25, -9],
      [-49, 6],
      [-24, 16],
      [-40, 60],
      [-37, 5],
      [-54, -48],
      [-39, -19],
      [-24, 13],
      [-18, 86],
      [-29, 76],
      [6, 14],
      [-24, 87],
      [-38, 25],
      [-30, 7],
      [-40, 34],
      [-40, -5]
    ],
    [
      [66585, 82479],
      [-47, -21],
      [-57, 94],
      [-24, 6],
      [-23, 39],
      [-42, -50],
      [-16, -30],
      [-37, -2],
      [-43, -105],
      [-30, -37],
      [42, -64],
      [7, -28],
      [-13, -65],
      [19, -36],
      [-1, -48],
      [-35, -26],
      [-7, -25],
      [-15, 19],
      [-57, -1],
      [-46, -32],
      [-41, 26],
      [-28, -5],
      [-25, -54],
      [13, -61],
      [-55, -27],
      [-23, 31],
      [-36, 24],
      [-3, 84],
      [-12, 33],
      [22, 84],
      [-31, 38],
      [-43, 32],
      [-46, -1],
      [-5, 14],
      [-30, -12],
      [-8, 21],
      [-32, 18],
      [-8, 27],
      [-36, 46],
      [-58, 12],
      [-33, -7],
      [-55, 24],
      [-10, -33],
      [-23, -32],
      [-18, 2],
      [-21, -29],
      [-22, 11],
      [-46, -52],
      [-15, -56],
      [-6, -74],
      [-35, -84],
      [-63, -84],
      [-10, -46],
      [-34, -42],
      [-84, -61],
      [-31, -15],
      [-16, 24],
      [-43, -28],
      [-46, 41],
      [-22, 45],
      [-18, 7],
      [-29, -34],
      [-45, 74],
      [-38, 30],
      [-79, 15],
      [-28, 44],
      [-28, 2],
      [12, 27],
      [-10, 152],
      [20, 77],
      [32, 41],
      [-5, 96],
      [11, 77],
      [-28, 131],
      [-26, 72],
      [-5, 61],
      [-34, 15],
      [-35, -5],
      [-15, 26],
      [11, 13],
      [-29, 75],
      [-39, 30],
      [-13, 73],
      [-34, 19],
      [-32, 41],
      [26, 80],
      [-23, 108],
      [11, 109],
      [17, 36],
      [-2, 65],
      [10, 43],
      [-16, 78],
      [18, 29],
      [15, 61],
      [-29, 12],
      [-14, 43],
      [-70, 25],
      [-49, 60],
      [-29, 50],
      [-33, 41],
      [-48, -24],
      [-15, -24],
      [-77, -48],
      [-80, -38],
      [-23, -34],
      [-39, 9],
      [-37, -11],
      [-23, 39],
      [-33, 18],
      [-55, 82],
      [-66, 37],
      [-4, 24],
      [-36, 75],
      [-21, 94],
      [-34, 79],
      [-13, 18],
      [-56, 32],
      [-17, -6],
      [-127, 32],
      [-27, -27],
      [-6, 17],
      [-30, -8],
      [-8, 70],
      [13, 87],
      [-4, 31],
      [30, 22],
      [14, 39],
      [-9, 56],
      [14, 70],
      [-50, 39],
      [-19, 88],
      [-36, 30],
      [-71, -5],
      [-24, -9],
      [-87, 53],
      [-33, -11],
      [-26, -35],
      [-76, -6],
      [-31, -22],
      [-30, 9],
      [-65, -9],
      [-43, -33],
      [-31, -5],
      [-39, -24]
    ],
    [
      [67102, 73911],
      [86, 133],
      [26, 57],
      [39, 147],
      [8, 58],
      [26, 35],
      [12, 116],
      [17, 23],
      [31, 12],
      [42, 31],
      [55, -5],
      [72, 34],
      [47, -12],
      [48, 4],
      [51, 33],
      [50, 50],
      [64, 36],
      [80, 86],
      [-34, 66],
      [-28, 68],
      [-52, 83],
      [-67, 73],
      [-31, 42],
      [-92, 51],
      [-61, 52],
      [-33, 15],
      [-19, 53],
      [14, 52],
      [-8, 79],
      [15, 54],
      [36, 92],
      [5, 66],
      [-16, 80],
      [-18, 55],
      [97, 97],
      [34, -4],
      [1, 35],
      [-36, 101],
      [8, 68],
      [-36, 108],
      [14, 2],
      [0, 40],
      [21, 40],
      [-32, 26],
      [2, 94],
      [-15, 68],
      [29, 139],
      [43, 47],
      [54, 94],
      [17, 17],
      [-23, 67],
      [-10, 98],
      [4, 76],
      [20, 70],
      [32, 59],
      [8, 69],
      [32, 68],
      [4, 31],
      [36, 94],
      [6, 46],
      [-21, 88],
      [-4, 94],
      [23, 43],
      [2, 55],
      [-35, 54],
      [2, 25],
      [51, 46],
      [-11, 57],
      [30, 40],
      [21, 7],
      [-29, 127],
      [1, 42],
      [-18, 92],
      [-16, 157],
      [-8, 53],
      [-109, -26],
      [-53, 1],
      [-11, 124],
      [4, 15],
      [-17, 90],
      [-6, 56],
      [-31, 31],
      [1, 27],
      [-52, 34],
      [-28, -2],
      [-60, 36],
      [-43, 48],
      [-23, 7],
      [-36, 31],
      [-8, 40],
      [25, 118],
      [6, 219],
      [18, 28],
      [76, 81],
      [-25, 92],
      [-33, 69],
      [-18, 13],
      [-26, -10],
      [-41, 50],
      [-16, 45],
      [-41, 85],
      [36, 121],
      [-4, 24],
      [17, 23],
      [18, 76],
      [38, 82],
      [26, 20],
      [22, -3],
      [52, 75],
      [32, 98],
      [9, 97],
      [26, 89],
      [-26, 25],
      [-79, 32],
      [-19, 20],
      [-27, -1],
      [-7, 20],
      [-72, 68],
      [-8, 23],
      [-52, 25],
      [-30, -25],
      [-46, -54],
      [-61, -9],
      [-40, 30],
      [-27, 6],
      [-26, -25],
      [-25, 41],
      [-31, 6],
      [-48, 41],
      [-34, 93],
      [-3, 98],
      [-16, 35],
      [-58, 41],
      [-52, 16],
      [16, 34],
      [62, 65],
      [-64, 49],
      [-33, -1],
      [-19, -14],
      [-38, 28],
      [-28, 9],
      [39, 44],
      [24, 53],
      [9, 95],
      [-26, 41],
      [-133, 74],
      [-11, 1],
      [-19, 69],
      [10, 12],
      [42, -2],
      [26, 20],
      [29, 1],
      [56, -28],
      [56, -5],
      [-12, 60],
      [-24, 50],
      [-24, 80],
      [-15, 23],
      [34, 107],
      [35, 72],
      [28, 80],
      [31, 35],
      [-56, -11],
      [-92, 50],
      [3, 17],
      [-14, 95],
      [12, 102],
      [-7, 42],
      [-13, 10],
      [11, 167],
      [-13, 85]
    ],
    [
      [70440, 80509],
      [-45, 49],
      [-12, 31],
      [-98, 37],
      [-28, 29],
      [-37, 52],
      [-57, 31],
      [-25, 58],
      [-27, 24],
      [-35, -1],
      [-72, 53],
      [-75, -30],
      [-28, 9],
      [27, 184],
      [-2, 70],
      [12, 8],
      [9, 64],
      [-4, 25],
      [27, 74],
      [7, 74],
      [-20, 49],
      [11, 52],
      [18, 11],
      [32, 53],
      [25, 84],
      [-50, -7],
      [-33, 9],
      [-44, 51],
      [-42, 66],
      [-11, 32],
      [1, 34],
      [-35, 13],
      [-18, -12],
      [-57, 18],
      [-44, 68],
      [-30, 9],
      [-62, 90],
      [-38, 83],
      [-56, 27],
      [-34, 6],
      [4, 16],
      [-40, 94],
      [-10, 81],
      [-13, 11],
      [-16, 57],
      [-28, 57],
      [-19, 0],
      [-33, -29],
      [-38, -55],
      [-22, -17],
      [-67, -17],
      [-15, -39],
      [-61, -24],
      [-18, 32],
      [-11, 78],
      [-7, 95],
      [10, 27],
      [6, 71],
      [9, 27],
      [39, 31],
      [-49, 64],
      [-29, 5],
      [-7, 54],
      [24, 42],
      [-39, 90],
      [-83, 88],
      [-28, 101],
      [-47, -77],
      [-3, -31],
      [-75, -3],
      [-39, 44],
      [-15, 85],
      [-54, -38],
      [-58, 0],
      [-26, 92],
      [-38, -37],
      [-15, -28],
      [-17, -90],
      [-24, -33],
      [-22, -61],
      [-14, -16],
      [0, -33],
      [-20, -16],
      [-77, -33],
      [-56, 0],
      [-52, 9],
      [-18, 53],
      [-37, 32],
      [-25, -5],
      [-46, -37],
      [-33, 13],
      [-27, -7],
      [-7, -24],
      [-89, -51],
      [-15, 141],
      [-41, 22],
      [-25, -57],
      [-54, 6],
      [-41, -9],
      [-15, 72],
      [-15, 18],
      [-10, 62],
      [-27, 58],
      [-37, 49],
      [-30, -77],
      [-6, -39],
      [-35, -25],
      [-14, 9],
      [-8, -26],
      [-33, -38],
      [-55, 43],
      [-22, 1],
      [-32, -42],
      [-39, 10],
      [-13, 40],
      [-34, 2],
      [-5, 16],
      [-45, 39],
      [-14, -14],
      [-26, 7],
      [-19, 26],
      [-34, 20]
    ],
    [
      [67271, 83048],
      [-20, 85],
      [-5, 91],
      [-14, 9],
      [3, 31],
      [-19, 51],
      [-14, -3],
      [-44, 35],
      [-63, -53],
      [-20, -8],
      [-29, -65],
      [-20, -22],
      [-16, 8],
      [-2, -50],
      [-14, -24],
      [-39, -5],
      [-23, -21],
      [-17, -35],
      [-17, -7],
      [-12, -34],
      [7, -51],
      [-22, -45],
      [-34, -14],
      [-20, -37],
      [-22, -13],
      [-28, -47],
      [-21, -11],
      [-5, -26],
      [-28, -38],
      [-22, -80],
      [-11, 3],
      [-5, -49],
      [-19, -62],
      [-42, -38],
      [-29, -44]
    ],
    [
      [71083, 65486],
      [154, 359],
      [-66, 143],
      [82, 109],
      [99, -186],
      [34, -98],
      [54, -96],
      [44, 96],
      [-20, 34],
      [96, 233],
      [26, 99],
      [-36, 71],
      [52, 133],
      [-5, 6],
      [90, 187],
      [-64, 58],
      [-114, 74],
      [-84, 68],
      [-127, 75],
      [-16, 31],
      [-7, 57],
      [-25, 63],
      [165, 110],
      [53, 81],
      [35, -54],
      [21, -89],
      [13, -34],
      [41, -15],
      [74, -45],
      [52, -8],
      [48, 91],
      [-21, 55],
      [-7, 79],
      [9, 156],
      [-143, 1],
      [-6, 26],
      [-37, 0],
      [-14, -29],
      [-300, 4],
      [-62, -25],
      [-41, 5],
      [-40, 45],
      [-16, 58],
      [2, 35],
      [76, 59],
      [342, 251],
      [30, 15],
      [12, -30],
      [18, -5],
      [17, 23],
      [-22, 69],
      [35, 41],
      [121, 68],
      [35, 34],
      [99, 113],
      [59, 40],
      [57, 19],
      [33, 45],
      [106, 63],
      [-3, 18],
      [63, 40],
      [-5, 18],
      [41, 23],
      [10, 49],
      [5, -25],
      [82, 58],
      [69, 41],
      [136, 132],
      [102, 125],
      [98, 138],
      [26, -33],
      [106, 136],
      [18, -24],
      [179, 284],
      [2, 1]
    ],
    [
      [73023, 69235],
      [-16, 145],
      [-25, 250],
      [-156, -136],
      [-56, 150],
      [-25, 79],
      [-36, 135],
      [-45, 139],
      [-33, 132],
      [-14, 85],
      [-19, 68],
      [25, 8],
      [-111, 111],
      [-42, 34],
      [89, 9],
      [54, 13],
      [85, 59],
      [10, -27],
      [56, 70],
      [30, 67],
      [-29, 29],
      [-36, 53],
      [-41, 82],
      [-47, 111],
      [-41, 106],
      [-38, 87],
      [-46, 93],
      [-12, 119],
      [-14, 42],
      [-9, -11],
      [-47, 111],
      [-67, -33],
      [-67, 213],
      [-32, 95],
      [-104, -63],
      [-89, -76],
      [-20, -8],
      [-49, 37],
      [-87, 46],
      [-23, 22],
      [-66, -69],
      [-30, -24],
      [-44, 172],
      [-11, 36],
      [-102, -74],
      [-69, -59],
      [-18, 32],
      [-113, -104],
      [54, -132],
      [-97, -67],
      [-81, -35],
      [-16, 11],
      [-77, 107],
      [-20, -2],
      [-86, 65],
      [-80, -33],
      [1, -71],
      [-13, 8],
      [-75, -19],
      [-21, -11],
      [-30, 26],
      [-41, 12],
      [-53, 37],
      [-28, 1],
      [-30, -39],
      [-17, -4],
      [-53, -56],
      [3, -19],
      [-35, -15],
      [-78, -8],
      [-27, -68],
      [-33, 12],
      [10, 47],
      [-33, 8],
      [-43, 41],
      [-22, 10],
      [-26, 61],
      [-21, -5],
      [0, 41],
      [-41, 45],
      [-13, -10],
      [-52, 32],
      [-16, 61],
      [-20, 8],
      [-29, 62],
      [-11, 48],
      [-20, 28],
      [-14, 51],
      [0, 62],
      [-40, 76],
      [-104, 52],
      [-31, 40],
      [-46, 21],
      [-13, -3],
      [-72, 36],
      [-35, -31],
      [-58, 33],
      [-52, -12],
      [-20, 17],
      [-67, -18],
      [-6, 14],
      [-48, 22],
      [-11, -19],
      [-29, 10],
      [5, 25],
      [-22, -4],
      [-32, 23],
      [-17, 36],
      [-62, 63],
      [21, 49],
      [46, 86],
      [-35, 74],
      [4, 138],
      [8, 51],
      [18, 52],
      [22, 36],
      [52, 24],
      [99, 17],
      [76, 54],
      [16, 31],
      [-28, 44],
      [40, 56],
      [-52, 71],
      [19, 38],
      [4, 44],
      [19, 43],
      [39, 23],
      [39, 36],
      [23, 46],
      [44, -11],
      [50, -32],
      [49, 24],
      [-5, 59],
      [23, -43],
      [58, 120],
      [-21, 130],
      [7, 13],
      [-23, 28],
      [64, 48],
      [32, 34],
      [-13, 60],
      [-57, 2],
      [-50, -20],
      [-83, -44],
      [-17, 65],
      [34, 40],
      [-15, 16],
      [-4, 35],
      [-62, -25],
      [-19, 7],
      [-83, 72],
      [-47, -12],
      [-42, 16],
      [-27, 0],
      [-34, 22],
      [-65, 62],
      [-53, 41],
      [-14, 69],
      [17, 14],
      [17, 83],
      [-5, 45],
      [-37, 38],
      [-48, 18],
      [-9, 49],
      [-16, 28],
      [-23, -36],
      [-20, -2],
      [-22, 51],
      [-42, 55],
      [57, -9],
      [79, 39],
      [5, 15],
      [20, 152],
      [-6, 116],
      [22, 80],
      [8, 54],
      [20, 77],
      [49, 99],
      [1, 29]
    ],
    [
      [69523, 75046],
      [-40, -11],
      [-17, 18],
      [-6, 43],
      [-30, 32],
      [-17, -27],
      [-28, -3],
      [-11, 18],
      [11, 50],
      [21, 10],
      [32, 40],
      [23, 69],
      [20, 30],
      [-26, 71],
      [2, 96],
      [10, 45],
      [-28, 56],
      [-27, 22],
      [-31, -35],
      [-69, -46],
      [-64, -53],
      [-76, -26],
      [-56, -6],
      [-96, -67],
      [-24, -6],
      [-32, -46],
      [-45, -43],
      [-122, -41],
      [43, 137],
      [0, 65],
      [-9, 60],
      [-3, 91],
      [-13, 89],
      [-2, 66],
      [10, 85],
      [33, 67],
      [-3, 51],
      [-27, 87],
      [-1, 42],
      [-13, 36],
      [8, 69],
      [16, 55],
      [32, 27],
      [33, 42],
      [19, 101],
      [-3, 55],
      [11, 82],
      [-134, 99],
      [-82, 64],
      [27, 71],
      [15, -9],
      [50, 164],
      [53, 132],
      [96, -77],
      [45, 23],
      [66, -45],
      [37, -33],
      [51, 36],
      [47, 47],
      [59, 86],
      [56, 51],
      [55, 26],
      [18, 28],
      [5, 87],
      [-11, 198]
    ],
    [
      [69381, 77491],
      [-25, 50],
      [-48, 53],
      [-31, 14],
      [14, 66],
      [17, 24],
      [32, 100],
      [-31, -23],
      [-40, 130],
      [-11, -14],
      [-36, 114],
      [-38, -18],
      [-74, 277],
      [-50, -3],
      [-8, 154],
      [-30, 10],
      [4, 75],
      [42, 3],
      [-9, 191],
      [-10, 32],
      [67, 107],
      [53, 42],
      [35, 1],
      [23, -15],
      [34, -65],
      [81, -122],
      [73, -30],
      [87, -10],
      [58, -17],
      [65, -81],
      [21, -38]
    ],
    [
      [69646, 78498],
      [27, 88],
      [-10, 64],
      [19, 100],
      [25, 1],
      [58, -101],
      [96, -136],
      [56, -55],
      [88, -54],
      [133, -70],
      [36, -11],
      [53, -2],
      [120, -54],
      [25, 77],
      [26, 115],
      [32, -7],
      [-1, 67],
      [26, 165],
      [-16, 83],
      [-35, -17],
      [-21, 76],
      [-50, 34],
      [-32, 11],
      [-8, -13],
      [-47, 21],
      [-22, 51],
      [-62, 62],
      [-18, 28],
      [-14, 66],
      [14, 56],
      [25, 51],
      [32, 49],
      [2, 79],
      [-44, 93],
      [-108, -20],
      [4, 21],
      [-32, 33],
      [-30, 151],
      [-20, 30],
      [17, 19],
      [98, 40],
      [54, 43],
      [-4, 19],
      [28, 31],
      [22, 61],
      [-1, 45],
      [11, 91],
      [36, 127],
      [-3, 27],
      [15, 91],
      [2, 59],
      [33, 40],
      [29, 50],
      [22, -22],
      [11, 21],
      [85, 108],
      [12, 29]
    ],
    [
      [71431, 76504],
      [-141, -224],
      [43, -98],
      [-66, -93],
      [-38, -40],
      [-49, 23],
      [-103, -47],
      [-9, 23],
      [-20, 1],
      [-45, -26],
      [-3, -29],
      [-15, 37],
      [-18, 2],
      [-152, -70]
    ],
    [
      [70815, 75963],
      [58, -284],
      [-10, -5],
      [76, -373],
      [7, -26],
      [-51, -31],
      [3, -13],
      [-40, -24],
      [3, -17],
      [-98, -33],
      [-29, -1],
      [-22, 56],
      [-40, -28],
      [15, -98],
      [16, -174],
      [-1, -42],
      [-18, -12],
      [-99, -44],
      [1, -6],
      [-253, -98],
      [-3, 80],
      [-91, 38],
      [-25, -65],
      [-11, 34],
      [-30, -12],
      [-32, 72],
      [-32, 3],
      [-57, -14],
      [-53, 20],
      [-39, 4],
      [-44, -8],
      [-14, -13],
      [-74, -13],
      [-24, 46],
      [41, 49],
      [-48, 0],
      [-103, 27],
      [-23, 45],
      [-19, 58],
      [-25, 7],
      [-31, -40],
      [-29, 2],
      [-25, 23],
      [-19, -7]
    ],
    [
      [73023, 69235],
      [62, 63],
      [97, 155],
      [67, 70],
      [55, 109],
      [104, -40],
      [78, -36],
      [121, -70],
      [84, -38],
      [31, -165],
      [25, -94],
      [29, -74],
      [13, 31],
      [46, 232],
      [120, -50],
      [65, -35],
      [57, -41],
      [56, -27],
      [107, -59],
      [15, -4],
      [17, 56],
      [46, 111],
      [49, 81],
      [-9, 70],
      [36, 39],
      [64, 90],
      [56, 55],
      [34, 62],
      [82, 187],
      [49, -62],
      [46, -35],
      [60, -32],
      [92, -80],
      [47, -30],
      [61, -84],
      [35, -66],
      [50, -57],
      [-5, -9]
    ],
    [
      [75065, 69458],
      [59, -76],
      [51, 76],
      [48, 33],
      [58, 97],
      [37, -66],
      [54, 77],
      [-63, 80],
      [-52, 47],
      [-45, 20],
      [-23, 33],
      [-21, 10],
      [-46, 94],
      [-39, 47],
      [-29, 80],
      [-21, 100],
      [64, 79],
      [75, 132],
      [16, 40],
      [-38, 26],
      [-47, 63],
      [-56, 129],
      [32, 5],
      [7, 54],
      [24, 71],
      [44, 66],
      [9, 23],
      [66, -4],
      [41, 8],
      [80, 4],
      [19, -12],
      [20, 40],
      [71, -7],
      [49, 13],
      [61, 44],
      [61, 76],
      [105, 142],
      [31, 57]
    ],
    [
      [75767, 71159],
      [-68, 41],
      [-35, 30],
      [-39, -4],
      [-131, 90],
      [-30, 28],
      [-7, 27],
      [-53, 69],
      [-43, 27],
      [-25, 32],
      [-24, 56],
      [-14, 51],
      [-1, 106],
      [8, 79],
      [67, 84],
      [11, 48],
      [-2, 72],
      [-22, 75],
      [-47, 111],
      [-74, 160],
      [-41, 7],
      [-63, -128],
      [-60, -92],
      [-68, -60],
      [-41, -51],
      [-67, -22],
      [-126, -17],
      [-76, 6],
      [-47, -17],
      [-31, 6],
      [-63, -1],
      [-63, 15]
    ],
    [
      [74492, 71987],
      [-27, 6],
      [-53, 72],
      [-40, 86],
      [-30, 118],
      [4, 31],
      [-15, 86],
      [-7, 78],
      [-17, 70],
      [-26, 71],
      [-78, 158],
      [-36, 41],
      [-73, 63],
      [-77, 36],
      [-17, 22],
      [-32, -5],
      [-130, 17],
      [-67, 145],
      [-46, 147],
      [-12, 52],
      [-45, 63],
      [-86, 63],
      [-64, 39],
      [-100, -36],
      [-49, -39],
      [-43, -18],
      [-28, 47],
      [-17, 60],
      [-9, 102],
      [1, 104],
      [22, 201],
      [-6, 10],
      [5, 75],
      [-32, 160],
      [-70, 176],
      [-21, -15],
      [-38, 75],
      [-32, -33],
      [-96, 2],
      [-3, -108],
      [16, -66],
      [32, -58],
      [-30, -1],
      [-36, 21],
      [-14, -13],
      [-38, 1],
      [-49, 32],
      [-14, 24],
      [19, 9],
      [23, 47],
      [-33, 119],
      [-21, 45],
      [1, 33],
      [-57, 48],
      [-119, -14],
      [-17, 3],
      [-74, 53],
      [-108, 134],
      [2, 36],
      [-138, 0],
      [-53, 4],
      [-6, 182],
      [-15, 6],
      [-11, 37],
      [-21, 117],
      [-27, 89],
      [-25, 165],
      [1, 23],
      [-39, -6],
      [19, 229],
      [-39, 4],
      [-79, -23],
      [-36, -16],
      [0, 23],
      [-44, 79],
      [9, 12],
      [-23, 42],
      [-27, -6],
      [-14, 92],
      [-6, -1],
      [-17, 119],
      [-35, 33],
      [-5, 53],
      [43, -3],
      [-8, 123],
      [12, 71],
      [-23, 13],
      [-38, -4],
      [-46, 17],
      [-29, 22],
      [-62, 61],
      [-24, 17],
      [-25, -20],
      [-53, 10],
      [-82, 51],
      [-44, 64],
      [-33, 102],
      [-11, 61]
    ],
    [
      [71179, 80596],
      [-38, 17],
      [-20, 43],
      [-15, -12],
      [-24, 25],
      [-26, -42],
      [-92, 14],
      [-13, -5],
      [-34, -53],
      [-40, -4],
      [-21, -23],
      [-52, -94],
      [-86, 40],
      [-20, 30],
      [-21, 4],
      [-61, -53],
      [-17, 0],
      [-42, -30],
      [-23, 13],
      [-37, -1]
    ],
    [
      [70497, 80465],
      [-13, -34],
      [9, -49],
      [-25, -39],
      [-45, -50],
      [10, -32],
      [2, -52],
      [68, -170],
      [6, -31],
      [-8, -36],
      [-32, -63],
      [-8, -32],
      [-2, -71],
      [20, -68],
      [-7, -27],
      [35, -106],
      [14, -28],
      [43, -128],
      [40, -164],
      [52, -61],
      [17, -78],
      [41, 23],
      [3, 29],
      [53, 31],
      [-2, -42],
      [28, -11],
      [0, -28],
      [52, 4],
      [25, -10],
      [-17, 186],
      [6, 80],
      [14, 51],
      [44, 105],
      [21, 40],
      [37, 45],
      [35, 26],
      [96, 60],
      [-14, 29],
      [8, 45],
      [-2, 170],
      [-19, 57],
      [-70, 81],
      [-12, 36],
      [1, 52],
      [38, 88],
      [18, 75],
      [55, 50],
      [19, 93],
      [48, 85]
    ],
    [
      [70778, 77948],
      [250, -4],
      [49, 6],
      [42, 19],
      [6, -66],
      [-18, -39],
      [38, -29],
      [-40, -103],
      [-22, 21],
      [-48, -103],
      [70, -101],
      [18, 22],
      [54, -37],
      [122, -68],
      [8, 28],
      [20, 13],
      [32, -16],
      [-11, -40],
      [223, -119],
      [51, -38],
      [35, -35],
      [68, -97],
      [-55, -45],
      [-95, -52],
      [-49, -56],
      [-14, -63],
      [7, -47],
      [-38, -38],
      [-36, -120],
      [-41, -184]
    ],
    [
      [71404, 76557],
      [16, -12],
      [11, -41]
    ],
    [
      [74492, 71987],
      [67, 300],
      [20, 113],
      [49, 90],
      [75, 120],
      [41, 8],
      [44, -47],
      [85, 129],
      [14, 41],
      [29, 50],
      [-3, 10],
      [63, 104],
      [64, -68],
      [29, 23],
      [41, 6],
      [30, 32],
      [10, 42],
      [58, 140],
      [19, 3],
      [8, 41],
      [39, 130],
      [67, 2],
      [43, -6],
      [35, 15],
      [26, 27],
      [12, -24],
      [35, 2],
      [30, -17],
      [40, 18],
      [32, 35],
      [-19, 39],
      [-14, 64],
      [22, 52],
      [47, 43],
      [-35, 98],
      [-22, 31],
      [-93, 72],
      [-13, -7],
      [-49, 37],
      [-44, 74],
      [2, 42],
      [45, -75],
      [23, 58],
      [16, -25],
      [16, 39],
      [25, 100],
      [67, -47],
      [45, 1]
    ],
    [
      [75613, 73902],
      [-21, 102],
      [-11, 19],
      [14, 47],
      [-9, 49],
      [11, 41],
      [-13, 47],
      [-40, -1],
      [-47, 32],
      [-44, -30],
      [-21, -27],
      [-39, 79],
      [-25, -54],
      [-23, 47],
      [25, 155],
      [-1, 53],
      [63, 56],
      [-12, 24],
      [-24, 5],
      [-9, 42],
      [8, 25],
      [-11, 87],
      [71, 39],
      [24, -2],
      [28, 37],
      [5, 27],
      [24, 39],
      [-5, 41],
      [14, 43],
      [18, 9],
      [37, -8],
      [68, 25],
      [46, -32],
      [60, 10],
      [40, -20],
      [3, 51],
      [-9, 84],
      [-28, 97],
      [3, 40],
      [-25, 74],
      [-38, 45],
      [-10, -10],
      [-16, 70],
      [-4, 61],
      [14, 20],
      [-8, 45],
      [-23, -5],
      [-20, 34],
      [-64, 71],
      [-57, 111],
      [-42, 96],
      [-7, 38],
      [-22, 13],
      [-22, 59],
      [-29, 18],
      [7, 20],
      [-45, 28],
      [-36, -11],
      [-93, 95],
      [-11, -1],
      [-32, -46],
      [-29, 10],
      [6, 26],
      [-10, 37],
      [-27, -7],
      [-4, 30],
      [-16, -33],
      [-14, 43],
      [-48, 73],
      [15, 41],
      [20, -9],
      [1, 45],
      [-21, 21],
      [-47, 24],
      [-19, 28],
      [-65, -10],
      [-61, 2],
      [-78, 70],
      [-31, 88],
      [-25, 49],
      [-3, 31],
      [10, 35],
      [22, 24],
      [10, 56],
      [-9, 77],
      [-11, 9],
      [2, 75],
      [35, 62],
      [8, -8],
      [34, 33],
      [-12, 66],
      [-15, 48],
      [-29, 0],
      [-43, 40],
      [-92, 109],
      [-6, 77],
      [-24, 3],
      [16, 93],
      [-43, 15],
      [-47, 3],
      [-13, -16],
      [-43, 0],
      [-33, 67],
      [4, 42],
      [16, 28],
      [-23, 50],
      [-37, -16],
      [-18, -21],
      [-29, 0],
      [-55, -86],
      [-38, -80],
      [-34, -46],
      [-28, -70],
      [-21, -31],
      [-50, -46],
      [-36, 39],
      [-28, -3],
      [-162, -103],
      [-75, -33],
      [-26, -17],
      [-22, 12],
      [-28, 67],
      [2, 59],
      [-15, 35],
      [-10, 76],
      [-15, 49],
      [0, 110],
      [38, 78],
      [29, -24],
      [35, 2],
      [55, 19],
      [24, -12],
      [48, 16],
      [18, 53],
      [24, 106],
      [44, 99],
      [49, -13],
      [71, 27],
      [23, 1],
      [77, 31],
      [47, 57],
      [10, 126],
      [31, -5],
      [33, 75],
      [-50, 22],
      [64, 226],
      [-30, -22],
      [-47, -14],
      [-33, 3],
      [-90, -17],
      [-39, 24],
      [-35, 9],
      [-37, -6],
      [-9, 67],
      [-9, 17],
      [-52, -3],
      [10, 38],
      [-33, 101],
      [16, 17],
      [3, 40],
      [-26, 27],
      [-27, -7],
      [-17, 64],
      [-26, -4],
      [-43, 91],
      [36, 30],
      [1, 27],
      [-16, 55],
      [-28, 43],
      [-15, -2],
      [-25, 27],
      [-30, 6],
      [2, 52]
    ],
    [
      [73804, 78994],
      [-35, 16],
      [-24, -2],
      [-40, 19],
      [3, -22],
      [-34, -44],
      [-23, -92],
      [-32, -80],
      [-56, 89],
      [-87, -25],
      [-27, -14],
      [-9, -21],
      [-72, -3],
      [-67, -117],
      [-58, -70],
      [-10, 29],
      [-27, -24],
      [-7, -25],
      [-35, -47],
      [-8, -70],
      [-17, -48],
      [-51, -58],
      [-22, -50],
      [-14, 9],
      [-67, -8],
      [-35, -34],
      [1, -77],
      [-54, 39],
      [-81, 98],
      [-8, 59],
      [-18, 34],
      [-9, 42],
      [-35, 8],
      [-66, 141],
      [-55, 104],
      [-120, 166],
      [-39, 39],
      [-52, 8],
      [-21, 17],
      [-31, 0],
      [-15, 16],
      [-38, 4],
      [-45, -37],
      [-32, 3],
      [-6, 93],
      [-62, 2],
      [-66, 51],
      [-31, 14],
      [-44, 82],
      [-32, 92],
      [-26, 32],
      [8, 44],
      [-10, 39],
      [-82, 3],
      [-15, 27],
      [-25, 16],
      [-33, -57],
      [-36, 13],
      [-63, 37],
      [-63, 77],
      [-13, 23]
    ],
    [
      [71633, 79554],
      [-21, -37],
      [20, -77],
      [20, -51],
      [-6, -56],
      [2, -94],
      [14, -33],
      [22, -115],
      [27, -75],
      [-13, -76],
      [20, -9],
      [-5, -36],
      [24, -18],
      [-17, -40],
      [-54, -7],
      [-14, 25],
      [-43, 37],
      [-38, -16],
      [-55, 31],
      [-21, 36],
      [-42, -6],
      [-59, 35],
      [-36, 39],
      [9, 59],
      [-37, 48],
      [-56, 19],
      [-28, -13],
      [-48, -120],
      [-13, -13],
      [-32, 52],
      [-57, 65],
      [-35, -3],
      [-35, -75],
      [-49, -87],
      [-41, -131],
      [-33, -52],
      [25, -48],
      [-15, -23],
      [1, -82],
      [-12, -66],
      [-22, -58],
      [-35, -133],
      [-12, -64],
      [10, -4],
      [-52, -205],
      [-13, -129]
    ],
    [
      [70497, 80465],
      [-25, 11],
      [-32, 33]
    ],
    [
      [69646, 78498],
      [37, -106],
      [22, -38],
      [42, -47],
      [33, -18],
      [99, -30],
      [29, -14],
      [118, -85],
      [113, -99],
      [113, -62],
      [73, -29],
      [112, -17],
      [341, -5]
    ],
    [
      [71633, 79554],
      [-32, 35],
      [-8, 25],
      [27, -11],
      [25, 9],
      [36, 66],
      [31, 39],
      [-2, 87],
      [-12, 55],
      [-15, 101],
      [-13, 39],
      [15, 75],
      [62, 53],
      [15, 44],
      [-23, 102],
      [-40, 99],
      [-6, 76],
      [5, 72],
      [-86, -53],
      [-28, 62],
      [-54, 49],
      [-32, 20],
      [-11, 24],
      [-40, 40],
      [-36, 10],
      [-23, 24],
      [-87, -35],
      [-2, -21],
      [-21, -7],
      [-25, -45],
      [-27, -21],
      [-41, 2],
      [-6, 27]
    ],
    [
      [69381, 77491],
      [19, 11],
      [55, -92],
      [20, 36],
      [30, 86],
      [23, 94],
      [-18, 41],
      [17, -15],
      [36, -76],
      [44, -61],
      [40, -29],
      [24, -35],
      [52, -105],
      [21, -26],
      [55, -49],
      [9, 16]
    ],
    [
      [69808, 77287],
      [16, 37],
      [143, 163],
      [28, 42],
      [43, 85],
      [37, -8],
      [380, -191],
      [112, -64],
      [11, 8],
      [62, 4],
      [-1, 16],
      [39, -35],
      [40, 158],
      [10, -5],
      [-10, -50],
      [45, -16],
      [1, -36],
      [45, 21],
      [9, 18],
      [18, -20],
      [58, -26],
      [46, -5],
      [56, 7],
      [68, 29],
      [-10, -19],
      [3, -59],
      [25, -10],
      [-10, -89],
      [-58, -193],
      [-12, -84],
      [-15, -29],
      [29, -50],
      [10, -58],
      [-19, -107],
      [-35, -3],
      [159, -96],
      [67, -30],
      [158, -11],
      [48, -24]
    ],
    [
      [70815, 75963],
      [-48, 228],
      [-53, 281],
      [-50, 250],
      [-47, 223],
      [-3, 39],
      [-36, 79],
      [-48, -224],
      [-194, 103],
      [-95, 53],
      [-17, -62],
      [-60, 45],
      [-7, -23],
      [-37, 24],
      [-27, -80],
      [-33, 32],
      [-8, 33],
      [12, 28],
      [-53, 53],
      [25, 57],
      [-12, 20],
      [-67, 42],
      [22, 64],
      [-20, 27],
      [-79, 14],
      [-17, -26],
      [-55, 44]
    ],
    [
      [91194, 75779],
      [16, 3],
      [113, 58],
      [38, 33],
      [-32, 61],
      [138, 115],
      [23, 15],
      [16, 42],
      [25, 17],
      [59, 8],
      [49, -38],
      [38, 33],
      [112, 54],
      [25, 3],
      [32, -122],
      [47, -66],
      [19, -8],
      [87, 42],
      [110, 168],
      [-1, 74],
      [-10, 104],
      [-25, 73],
      [4, 57],
      [13, 46],
      [41, 68],
      [18, 13],
      [36, 53],
      [10, 93],
      [-1, 63],
      [-37, 103],
      [27, 68],
      [38, 46],
      [76, -4],
      [2, -15],
      [34, 35],
      [44, 23],
      [39, 36],
      [49, -20],
      [37, -43],
      [16, -50],
      [0, -94],
      [-19, -92],
      [3, -71],
      [111, 0],
      [8, 9],
      [0, 80],
      [-21, 83],
      [20, 78],
      [-8, 40],
      [-30, 24],
      [-28, 62],
      [-41, 14],
      [-12, -20],
      [-42, 24],
      [-37, 41],
      [-7, 38],
      [-27, 36],
      [3, 66],
      [32, 141],
      [17, 13],
      [49, -30],
      [19, -51],
      [2, -26],
      [-18, -56],
      [13, -70],
      [32, -45],
      [63, -24],
      [35, 22],
      [45, 100],
      [34, 3],
      [67, -19],
      [41, 12],
      [30, 34],
      [17, 42],
      [8, 80],
      [-7, 67],
      [-34, 126],
      [-9, 90],
      [32, 103],
      [27, 29],
      [51, 6],
      [62, -63],
      [59, -67],
      [50, -26],
      [47, -10],
      [127, -4],
      [25, -24],
      [19, -64],
      [7, -77],
      [-24, -65],
      [-36, -50],
      [-38, -32],
      [-97, -38],
      [-24, -1],
      [-92, 30],
      [-64, -25],
      [-26, -56],
      [-5, -74],
      [21, -72],
      [25, -48],
      [23, -21],
      [81, -102],
      [63, -53],
      [54, -9],
      [52, -22],
      [7, 17],
      [35, -13],
      [10, 18],
      [-2, 58],
      [39, 52],
      [33, -2],
      [43, -29],
      [38, -59],
      [12, -56],
      [25, -298],
      [95, -30],
      [88, 35],
      [31, -9],
      [27, 7],
      [51, -6],
      [22, 101],
      [43, 52],
      [57, 55],
      [12, 33],
      [62, -12],
      [38, -67],
      [8, -63],
      [-11, -45],
      [-12, -120],
      [12, -6],
      [-67, -190],
      [46, -77],
      [30, -64],
      [39, -22],
      [19, -23],
      [25, -88],
      [4, -95],
      [21, -19],
      [44, -2],
      [42, 22],
      [31, 37],
      [26, 131],
      [-6, 24],
      [14, 36],
      [-60, 54],
      [-4, 72],
      [-15, 48],
      [-55, 47],
      [17, 32],
      [41, 10],
      [32, -18],
      [16, -22],
      [107, -89],
      [39, -78],
      [59, -147],
      [50, -18],
      [103, -51],
      [74, -5],
      [-8, 67],
      [-30, 71],
      [12, 132],
      [16, 42],
      [30, 21],
      [44, 3],
      [29, -10],
      [52, -71],
      [19, -63],
      [12, -92],
      [3, -69],
      [19, -20],
      [-7, -50],
      [106, -26],
      [13, 57],
      [30, 54],
      [32, -8],
      [22, -78],
      [50, -70],
      [26, -50],
      [4, -33],
      [-13, -35],
      [-22, -22],
      [-53, -80],
      [-7, -66],
      [14, -40],
      [-14, -28],
      [4, -27],
      [-9, -83],
      [22, -64],
      [-2, -51],
      [-12, -21],
      [43, -102],
      [47, -67],
      [-3, -44],
      [70, 16],
      [69, 37],
      [87, 27],
      [33, 20],
      [84, 112],
      [103, -11],
      [62, 4],
      [21, -10],
      [64, -56],
      [33, 128],
      [18, 86],
      [10, 97],
      [18, 31],
      [45, 11],
      [40, -44],
      [16, -82],
      [-33, -112],
      [-68, -139],
      [-8, 0],
      [-7, -108],
      [61, -69],
      [65, -46],
      [26, -10],
      [-13, 58],
      [-1, 126],
      [-19, 66],
      [40, 84],
      [33, 21],
      [58, -11],
      [38, -48],
      [9, -97],
      [-1, -90],
      [-35, -177],
      [6, -74],
      [69, -14],
      [9, 66],
      [65, 20],
      [29, -10],
      [8, 46],
      [30, 37],
      [42, 0],
      [46, -72],
      [26, -64],
      [-2, -30],
      [-38, -20],
      [41, -76],
      [44, -17],
      [82, -16],
      [39, 9],
      [43, -3],
      [23, -16],
      [0, -113],
      [-4, -16],
      [-44, -36],
      [13, -54],
      [-54, -131],
      [25, -68],
      [19, -20],
      [1, -28],
      [20, -49],
      [87, -18],
      [22, -25],
      [61, -177],
      [90, -59],
      [68, -15],
      [56, -25],
      [84, -9],
      [196, -45],
      [-17, -120],
      [-30, -132],
      [63, -15],
      [48, 8],
      [77, 30],
      [26, -8],
      [33, 62],
      [65, -84],
      [17, -38],
      [13, -60],
      [-1, -63],
      [-19, -84],
      [-41, -83],
      [-23, -6],
      [16, -43],
      [51, -72],
      [4, -44],
      [-13, -44],
      [-46, -37],
      [-12, -126],
      [-103, -22],
      [-68, -7],
      [13, -72],
      [52, -79],
      [101, -40],
      [71, -38],
      [63, 14],
      [66, 26],
      [27, 25],
      [43, 96],
      [190, -25],
      [29, -28],
      [54, -102],
      [-62, -100],
      [-54, -74],
      [-36, -61],
      [-12, -61],
      [-13, -145],
      [-30, -2],
      [-35, 40],
      [-37, -57],
      [-14, -62],
      [5, -59],
      [20, -54],
      [53, -55],
      [63, -18],
      [54, 19],
      [44, 41],
      [17, 36],
      [121, 137],
      [22, 39],
      [-26, 64],
      [-6, 55],
      [14, 74],
      [15, 45],
      [140, 155],
      [59, -47],
      [28, -38],
      [108, 98],
      [38, 22],
      [59, -1],
      [32, -32],
      [4, -39],
      [-7, -50],
      [79, 32],
      [23, -6],
      [14, 18],
      [69, 30],
      [32, -1],
      [34, 30],
      [49, 25],
      [50, -27],
      [21, -40],
      [5, -59],
      [-20, -97],
      [64, -75],
      [46, -34],
      [85, 5],
      [51, -37],
      [141, -68],
      [30, 53],
      [79, 12],
      [84, -11],
      [33, -27],
      [121, 9],
      [26, 51],
      [50, 35],
      [60, -16],
      [40, -41],
      [-51, -223],
      [3, -125],
      [-9, -56],
      [-21, -48],
      [-4, -54],
      [4, -130],
      [88, -44],
      [34, -23],
      [44, 42],
      [21, 76],
      [10, 10],
      [1, 52],
      [-23, 94],
      [-4, 45],
      [-27, 145],
      [12, 23],
      [20, 82],
      [26, 251],
      [25, 129],
      [-22, 11],
      [-20, 36],
      [-132, 15],
      [-105, 25],
      [-90, 4],
      [-36, 12],
      [-92, 61],
      [-27, 55],
      [3, 65],
      [-17, 62],
      [-131, 128],
      [-136, 106],
      [-19, 27],
      [-13, 52],
      [11, 110],
      [-26, 60],
      [-76, 72],
      [-69, 45],
      [-38, 0],
      [-32, -23],
      [-34, 6],
      [-180, 168],
      [-71, 27],
      [-55, 66],
      [-71, 56],
      [-65, 38],
      [-92, 115],
      [-148, 170],
      [-52, 72],
      [-31, 24],
      [-95, 12],
      [-39, 11],
      [-24, 22],
      [-246, 314],
      [27, 239],
      [170, -85],
      [52, 246],
      [50, 225],
      [-25, 20],
      [-27, 45],
      [-102, -24],
      [-33, 28],
      [-42, 1],
      [-16, 45],
      [16, 70],
      [-11, 39],
      [11, 54],
      [-25, 62],
      [-20, 15],
      [118, 261],
      [-3, 22],
      [21, 60],
      [51, 40],
      [16, -1],
      [-10, 96],
      [-17, 55],
      [3, 91],
      [16, 76],
      [26, -13],
      [17, 85],
      [16, 36],
      [-22, 40],
      [-37, 10],
      [-44, 51],
      [-9, -5],
      [-15, 57],
      [-4, 46],
      [-13, 44],
      [-70, 25],
      [-41, -1],
      [-28, 29],
      [-9, -32],
      [-51, 3],
      [-48, -16],
      [-43, 25],
      [2, 29],
      [-31, 35],
      [1, 51],
      [12, 25],
      [-12, 36],
      [-26, 16],
      [12, 46],
      [18, -17],
      [0, 28],
      [-26, 30],
      [5, 34],
      [22, 41],
      [-26, 31],
      [-27, 13],
      [9, 63],
      [26, 92],
      [25, 49],
      [24, 109],
      [16, 34],
      [-2, 33],
      [-28, 43],
      [-7, 138],
      [7, 72],
      [17, 52],
      [-6, 107],
      [-31, 84],
      [-92, 239],
      [-121, 333],
      [-77, 205],
      [-10, -25],
      [-47, -53],
      [-50, 17],
      [-27, -55],
      [-41, -11],
      [-26, -21],
      [-23, -44],
      [-32, -8],
      [-29, 28],
      [-48, 21],
      [-16, 19],
      [-28, -18],
      [-26, -41],
      [-73, 4],
      [0, 134],
      [-88, 79],
      [-16, 3],
      [-41, -40],
      [-37, 11],
      [-59, 41],
      [-72, 12],
      [-31, 58],
      [-3, 37],
      [16, 72],
      [9, 85],
      [-17, 163],
      [2, 98],
      [-12, 64],
      [16, 111],
      [17, 48],
      [36, 60],
      [-21, 67],
      [-40, 32],
      [-21, 35],
      [-43, 172],
      [-83, 175],
      [-31, 54],
      [-42, 52],
      [-49, 96],
      [-107, -119],
      [-26, -14],
      [-7, 13],
      [-125, 412],
      [-9, 7],
      [-51, 172],
      [11, 37],
      [-56, 129],
      [-103, 41],
      [-78, 27],
      [-2, 66],
      [-61, 131],
      [-45, -1],
      [-48, 144],
      [-66, 219],
      [-55, 124],
      [-11, 87],
      [-26, 131],
      [-369, 151],
      [-63, -6],
      [-211, 7],
      [-106, 250],
      [-128, 243],
      [-54, 229],
      [-28, 23],
      [-25, 74],
      [-43, 176],
      [-69, 25],
      [-48, 39],
      [-35, 89],
      [6, 54],
      [-104, 117],
      [-4, -21],
      [-55, 7],
      [-55, 61],
      [-25, 68],
      [-35, 17],
      [-68, 1],
      [-24, -21],
      [-74, -10],
      [-16, -14],
      [-37, 6],
      [8, 152],
      [-26, 22],
      [-8, 75],
      [-15, 62],
      [-27, 3],
      [4, 110],
      [21, 35],
      [32, 11],
      [21, 21],
      [-139, 211],
      [-52, 21],
      [-21, 663],
      [31, -16],
      [36, -4],
      [81, 108],
      [16, -18],
      [17, 15],
      [-9, 47],
      [14, 46],
      [8, 178],
      [51, 7],
      [14, 128],
      [-13, 5],
      [16, 67],
      [-60, 44],
      [-7, 68],
      [43, 18],
      [93, 49],
      [19, -54],
      [47, -36],
      [43, 26],
      [7, -74],
      [16, -48],
      [57, -8],
      [43, -44],
      [-9, -166],
      [43, 5],
      [82, 26],
      [35, 26],
      [79, -28],
      [95, 6],
      [52, -7],
      [132, -51],
      [-16, 93],
      [8, 59],
      [18, 25],
      [-7, 59],
      [23, 39],
      [-11, 43],
      [-32, 43],
      [-10, 41],
      [-19, 14],
      [40, 42],
      [18, 39],
      [15, 8],
      [80, 83],
      [25, 57],
      [11, 77],
      [30, 91],
      [-10, 33],
      [7, 59],
      [-59, 74],
      [-4, -10],
      [-90, 106],
      [18, 106],
      [-15, 7],
      [43, 83],
      [28, 20],
      [29, 2],
      [14, 25],
      [10, -18],
      [30, 70],
      [6, 39],
      [-81, 8],
      [-37, 18],
      [-14, 72],
      [34, 112],
      [13, 110],
      [11, 177],
      [41, 136],
      [19, 85],
      [7, 1],
      [47, 202],
      [54, 108],
      [-45, 29],
      [-47, 74],
      [-52, 27],
      [-32, -10],
      [-77, 8],
      [-66, 22],
      [-36, 4],
      [-66, -53],
      [0, 27],
      [-24, -16],
      [-38, 2],
      [-77, 40],
      [-55, 33],
      [-104, 23],
      [-85, 29],
      [-44, -7],
      [-113, 6],
      [-25, -12],
      [-27, 7],
      [-63, 35],
      [-37, -31],
      [-31, 23],
      [-72, 7],
      [-23, -5],
      [-120, 21],
      [-10, -8],
      [-53, 14],
      [-35, -9],
      [-38, 38],
      [-27, 62],
      [-130, 100],
      [-58, 68],
      [-23, 47],
      [-110, 84],
      [-22, 26]
    ],
    [
      [92916, 88151],
      [-51, -59],
      [-3, -55],
      [-11, -50],
      [-30, -55],
      [-20, -70],
      [7, -27],
      [-13, -51],
      [19, 5],
      [4, -27],
      [-25, -60],
      [-5, -42],
      [-27, 33],
      [-43, -29],
      [-33, 22],
      [-12, -8],
      [-41, -90],
      [8, -8],
      [-41, -91],
      [-5, -47],
      [-17, -57],
      [-2, -48],
      [13, -85],
      [-11, -86],
      [-20, -109],
      [-25, 21],
      [-24, -7],
      [-12, -144],
      [-38, -89],
      [-27, -98],
      [6, -40],
      [-5, -47],
      [-35, 39],
      [-84, 16],
      [-75, -51],
      [-58, 34],
      [-4, 17],
      [-46, 63],
      [-33, 21],
      [-40, 60],
      [-5, 33],
      [-20, 39],
      [-58, 52],
      [-4, 68],
      [20, 69],
      [1, 52]
    ],
    [
      [91991, 87165],
      [-23, -34],
      [-63, -60],
      [-58, -90],
      [-38, -70],
      [-14, -60],
      [-10, -89],
      [-18, -43],
      [-29, -27],
      [-21, -4],
      [-25, -55],
      [-21, 20],
      [-42, 13],
      [-2, 16],
      [-52, 5],
      [6, -68],
      [-5, -63],
      [8, -78],
      [-6, -25],
      [-40, -17],
      [-28, 52],
      [-30, 23],
      [-31, -8],
      [16, -235],
      [-48, -66],
      [-54, 19],
      [5, -131],
      [-22, -2],
      [-11, -81],
      [-27, -84],
      [-13, -77],
      [-6, -86],
      [8, -97],
      [15, -53],
      [-11, -31],
      [-29, -124],
      [-8, -56],
      [-71, -228],
      [-13, -65],
      [-4, -68],
      [11, -70],
      [3, -71],
      [-5, -86],
      [3, -46],
      [-43, 16],
      [6, -26],
      [-30, -68],
      [-32, -59],
      [-9, -36],
      [25, -111],
      [-198, 104],
      [34, -124],
      [126, -476],
      [-7, -14],
      [-252, 152],
      [-199, 117],
      [-97, -392],
      [-273, -83],
      [-36, -323],
      [-445, -291],
      [-118, -78],
      [331, -422],
      [-43, -16],
      [-20, 17],
      [-24, 42],
      [-23, 13],
      [-66, -3],
      [-30, -15],
      [-50, 32],
      [-26, -94],
      [60, -101],
      [47, -111],
      [46, -46],
      [27, -42],
      [41, -29],
      [65, -18],
      [55, -26],
      [51, -13],
      [91, -47],
      [55, -23],
      [49, -2],
      [74, -27],
      [66, -19],
      [77, -51],
      [56, 58],
      [174, -75],
      [70, -40],
      [76, -36],
      [-151, -482],
      [-2, -2],
      [-73, -234],
      [24, -18],
      [-84, -268],
      [55, -37],
      [-82, -289],
      [-194, 124],
      [-10, -18],
      [-79, 91],
      [-101, -206],
      [-178, 204],
      [-114, 133],
      [-113, 128],
      [-205, -418],
      [-97, -201],
      [-101, -203],
      [15, -44],
      [37, -49],
      [-11, -8],
      [-135, -436],
      [-15, -104],
      [44, -29],
      [34, -53],
      [89, -95],
      [2, -32],
      [-21, -54],
      [-20, -98],
      [22, -44],
      [37, -51],
      [23, -100],
      [-2, -51],
      [9, -43],
      [18, -22],
      [-12, -102],
      [25, 1],
      [-33, -150],
      [-67, -15],
      [54, -201],
      [-130, -125],
      [-8, 17],
      [-143, -137],
      [-126, -196],
      [40, -110],
      [18, -21],
      [-238, -107]
    ],
    [
      [88870, 77824],
      [216, -262],
      [236, -236],
      [151, -153],
      [41, -67],
      [220, -246],
      [122, -146],
      [31, -28],
      [-14, -29],
      [-17, -246],
      [77, -99],
      [45, 10],
      [21, 17],
      [102, 160],
      [162, -112],
      [19, 21],
      [33, -105],
      [50, -134],
      [15, -25],
      [37, -4],
      [49, -71],
      [63, -15],
      [82, -13],
      [39, -40],
      [27, -38],
      [88, -148],
      [68, -48],
      [55, -1],
      [91, 58],
      [15, -15],
      [53, 22],
      [39, -5],
      [62, -45],
      [45, 19],
      [1, -21]
    ],
    [
      [88992, 73439],
      [-40, 2],
      [-58, -16],
      [-42, 23],
      [-17, -38],
      [-16, 3],
      [-25, -51],
      [-36, -41],
      [-151, -94],
      [-34, -2],
      [-30, 31],
      [-71, 19],
      [-15, 32],
      [-74, -63],
      [-21, 13],
      [-13, -31],
      [-7, -66],
      [-38, -107],
      [-22, -8],
      [-11, 38],
      [-25, -17],
      [-3, -43],
      [-76, -84],
      [-62, -28],
      [47, -38],
      [-2, -54],
      [5, -64],
      [23, -63],
      [5, -153],
      [-6, -51],
      [-16, -38],
      [27, -102],
      [-3, -24],
      [-57, -20],
      [-37, -22],
      [-43, -43],
      [-91, -61],
      [-3, 72],
      [-7, 29],
      [-33, 31],
      [-55, 10],
      [4, 118],
      [5, 33],
      [-13, 26],
      [-13, 88],
      [-54, 36],
      [-72, 80],
      [-33, 13],
      [-20, 50],
      [-30, 32],
      [-21, -23],
      [-72, -30],
      [-22, 8],
      [-47, 48],
      [-24, 2],
      [-48, -38],
      [28, -68],
      [-16, -27],
      [23, -39],
      [10, -61],
      [36, -87],
      [20, -22],
      [-3, -18],
      [26, -54],
      [-19, -14],
      [-24, 36],
      [-62, -39],
      [7, -29],
      [43, -30],
      [-10, -46],
      [-23, -4],
      [2, -29],
      [30, -61],
      [15, -44],
      [33, -60],
      [28, -91],
      [22, -26],
      [10, -36],
      [27, -48],
      [28, -7],
      [-7, -58],
      [-30, 9],
      [-49, 37],
      [7, 15],
      [-34, 48],
      [-45, 33],
      [-10, 23],
      [-32, 22],
      [-43, 7],
      [-48, -19],
      [-8, 60],
      [-25, 114],
      [30, 112],
      [-4, 67],
      [-71, -3],
      [-22, 6],
      [-9, -41],
      [-23, -39],
      [-50, -51],
      [-2, 28],
      [-42, 59],
      [-8, 0],
      [-28, 60],
      [-4, 73],
      [-24, 32],
      [-46, 81],
      [-42, 30],
      [-26, 0],
      [-37, 75],
      [-10, 56],
      [31, 97],
      [69, 131],
      [15, -15],
      [43, 70],
      [34, 41],
      [-9, 30],
      [23, 56],
      [0, 83],
      [26, 44],
      [-3, 18],
      [-24, -8],
      [-89, 52],
      [-23, 76],
      [-16, 106],
      [-32, -10],
      [-63, -46],
      [-71, -67],
      [-35, -53],
      [-20, -16],
      [-58, -25],
      [-25, 5],
      [-16, 30],
      [-1, 108],
      [-20, 43],
      [-10, 80],
      [-34, 80],
      [-10, 63],
      [-20, 43],
      [-22, 14],
      [-12, 84],
      [-36, 143],
      [-30, 89],
      [-32, 119],
      [-29, -68],
      [-64, -133],
      [-25, -36],
      [-41, -44],
      [-52, -89],
      [-10, -35],
      [-2, -57],
      [-30, 3],
      [-10, 83],
      [-30, 49],
      [-48, -26],
      [-25, 5],
      [-32, 31],
      [-37, 2],
      [-24, -12],
      [-13, -106],
      [11, -103],
      [1, -103],
      [-5, -76],
      [-11, -80],
      [-31, -97],
      [-11, -49],
      [-26, -53],
      [-47, -43],
      [-46, -77],
      [-37, -1],
      [-106, 42],
      [-41, 48],
      [-66, 43],
      [-39, 8],
      [-43, 44],
      [-77, 27],
      [-28, 102],
      [-24, 48],
      [-29, 12],
      [-40, -39],
      [-35, 71],
      [-15, 16],
      [-35, -81],
      [-32, 65],
      [-17, 12],
      [-14, 81],
      [-16, 60],
      [-9, 5],
      [-76, 208],
      [-38, 121],
      [-88, 202],
      [-16, 48],
      [-48, -2],
      [-111, -41],
      [-58, -7],
      [-31, -28],
      [-31, -44],
      [-25, -22],
      [-35, -5],
      [-103, 22],
      [-89, 48],
      [-76, 32],
      [-68, 43],
      [-42, 0],
      [-74, -28],
      [-73, -20],
      [-35, -32],
      [-60, -28],
      [-37, 11],
      [-60, 30],
      [-32, 36],
      [-85, 75],
      [-32, -4],
      [-34, -95],
      [-40, -35],
      [-46, 17],
      [-34, -14],
      [-45, -52],
      [-22, 11],
      [-22, 34],
      [-28, 23],
      [-31, 78],
      [-40, 32],
      [-66, 65],
      [-76, 60],
      [-53, 20],
      [-49, 27],
      [-56, 126],
      [-53, 35],
      [-51, 22],
      [-38, 26],
      [-36, 42],
      [-28, 83],
      [-23, 26],
      [-42, 11],
      [-47, -17],
      [-39, -39],
      [-45, -32],
      [-49, -6],
      [-42, 17],
      [-52, 40],
      [-38, 12],
      [-50, -47],
      [-72, -53],
      [-26, -13],
      [-61, -5],
      [-43, 32],
      [-43, 97],
      [-53, 30],
      [-112, 1],
      [-128, 48]
    ],
    [
      [81842, 74831],
      [-35, -75],
      [-31, -35],
      [-31, -9],
      [-47, -30],
      [-20, -30],
      [25, -13],
      [69, -88],
      [22, -37],
      [79, -54],
      [15, -22],
      [22, -120],
      [-8, -65],
      [4, -79],
      [33, -111],
      [4, -78],
      [19, -60],
      [-24, -73],
      [-64, -69],
      [-21, -44],
      [-36, -129],
      [23, -50],
      [56, -53],
      [90, -110],
      [28, -16],
      [14, -58],
      [27, -18],
      [24, -83],
      [30, -32],
      [10, -35],
      [18, 0],
      [5, -29],
      [29, -31],
      [20, -81],
      [19, -7],
      [24, -39],
      [-11, -35],
      [21, -110],
      [42, -79],
      [20, 3],
      [19, -38],
      [18, -2],
      [35, -66],
      [17, -2],
      [20, -79],
      [-1, -23],
      [44, -82],
      [60, -61],
      [12, -35],
      [36, -231],
      [-8, -83],
      [8, -32],
      [34, -10],
      [-56, -136],
      [-11, -6],
      [-3, -60],
      [-48, -97],
      [-59, -6],
      [-26, -30],
      [45, -38],
      [65, 26],
      [28, 24],
      [5, -39],
      [1, -121],
      [-11, -51],
      [7, -77],
      [-5, -33],
      [-41, -106],
      [-25, -220],
      [7, -51],
      [0, -65],
      [8, -99],
      [-20, -64],
      [-11, -151],
      [-26, -46],
      [2, -37],
      [-13, -51],
      [-2, -62],
      [-37, -9],
      [-55, -59],
      [9, -30],
      [-64, -64],
      [-28, 24],
      [-37, -41],
      [-36, -5],
      [-27, -32],
      [19, -58],
      [37, -48],
      [-12, -28],
      [-34, -32],
      [-18, 47],
      [-49, 5],
      [-2, -23],
      [26, -35],
      [19, -54],
      [-6, -21],
      [-31, -14],
      [-56, -39],
      [13, -9],
      [53, 15],
      [17, -73],
      [-41, 1],
      [-3, -26],
      [-31, -52],
      [-38, -48],
      [-4, -74],
      [8, -15],
      [-7, -101],
      [37, -40],
      [14, -55],
      [-2, -121],
      [89, -74],
      [31, -9],
      [58, 5],
      [60, 26],
      [35, 29],
      [66, 0],
      [29, -43],
      [81, -13],
      [21, 28],
      [68, 68],
      [24, 30],
      [24, -15],
      [17, 24],
      [60, -62],
      [26, -1],
      [48, 31],
      [16, -21],
      [4, -50],
      [27, -34],
      [-24, -188],
      [-1, -101],
      [11, -39],
      [12, -277],
      [-3, -212],
      [-9, -112],
      [0, -68],
      [-71, -4],
      [-6, -53],
      [-19, 19],
      [-21, -31],
      [-5, -44],
      [-30, -59],
      [8, -18],
      [-28, -19],
      [30, -103],
      [70, -115],
      [51, -61],
      [147, -141],
      [14, -24],
      [26, -84],
      [27, -58],
      [56, -63],
      [15, -33],
      [68, -7],
      [78, -24],
      [66, -36],
      [-21, -27],
      [-34, -82],
      [-33, 3],
      [-9, -15],
      [17, -50],
      [68, -279]
    ],
    [
      [83279, 66807],
      [254, -95],
      [461, -157],
      [225, -92],
      [61, 37],
      [130, 95],
      [251, 173],
      [547, 380],
      [-1, 3],
      [317, 221],
      [73, 79],
      [129, -2],
      [65, 93],
      [40, 32],
      [34, 14],
      [155, -10],
      [85, -28],
      [78, -52],
      [45, -46],
      [33, -57],
      [33, -21],
      [17, -26],
      [61, -68],
      [123, -153],
      [0, -19],
      [94, -117],
      [24, -42],
      [66, -150],
      [100, -88],
      [96, -109],
      [-4, -200],
      [54, -148],
      [56, -35],
      [91, 0],
      [80, 43],
      [113, 101],
      [66, 1],
      [44, -58],
      [13, -118],
      [-12, -83],
      [-44, -94],
      [-25, -101],
      [0, -81],
      [21, -79],
      [15, -25],
      [128, 59],
      [110, 65],
      [110, 30],
      [81, 28],
      [94, 73],
      [114, 198],
      [68, 43],
      [86, 20],
      [28, -9],
      [49, -96],
      [30, -245],
      [59, -106],
      [72, 83],
      [61, 114],
      [9, 80],
      [-8, 142],
      [39, 130],
      [80, 71],
      [65, 4],
      [52, -28],
      [89, -87],
      [54, -137],
      [13, -252],
      [62, -115],
      [148, 100],
      [143, -7],
      [204, -119],
      [88, -41],
      [59, -53],
      [183, -59],
      [212, 153],
      [1, -3],
      [648, -3],
      [263, 0],
      [41, 203],
      [21, 118],
      [46, 231],
      [-35, 32],
      [9, 103],
      [-31, 13],
      [-2, 32],
      [15, 25],
      [4, 39],
      [15, 24],
      [10, 92],
      [-3, 47],
      [-17, 45],
      [11, 92],
      [41, 40],
      [42, -15],
      [17, 45],
      [3, 69],
      [11, 10],
      [-11, 76],
      [-17, 31],
      [-73, 82],
      [0, 36],
      [-36, 32],
      [-56, 69],
      [3, 23],
      [-19, 6],
      [-24, 134],
      [-20, 15],
      [-6, 96],
      [-20, 51],
      [-40, 44],
      [-33, 53],
      [-60, 18],
      [-40, 53],
      [-67, -7],
      [-21, 37],
      [-71, 185],
      [-51, 83],
      [-67, 69],
      [-46, 66],
      [-21, 20],
      [-37, -31],
      [-25, -2],
      [-50, 15],
      [-59, 4],
      [-72, -16],
      [-37, 14],
      [-27, 43],
      [37, 30],
      [-14, 46],
      [10, 27],
      [-30, 28],
      [32, 8],
      [4, 24],
      [21, -5],
      [1, 34],
      [17, -6],
      [0, 61],
      [20, 5],
      [-5, 52],
      [-17, 35],
      [19, 36],
      [-15, 81],
      [19, 13],
      [-34, 16],
      [-5, 49],
      [-14, -12],
      [-9, 31],
      [13, 13],
      [-13, 24],
      [12, 12],
      [-9, 27],
      [12, 161],
      [-9, 20],
      [3, 59],
      [-12, 10],
      [-13, 66],
      [34, 25],
      [-6, 31],
      [-32, 4],
      [-13, 41],
      [-19, 15],
      [-10, 43],
      [9, 40],
      [-45, 39],
      [-15, 39],
      [11, 25],
      [-18, 10],
      [-21, 47],
      [5, 37],
      [-8, 42],
      [-20, -3],
      [-6, 21],
      [18, 12],
      [-29, 44],
      [-23, -1],
      [6, 21],
      [-22, 44],
      [15, 21],
      [-21, 54],
      [-15, 18],
      [21, 46],
      [-7, 110],
      [-10, 36],
      [-22, -10],
      [-12, 94],
      [-15, 70],
      [20, 61],
      [-41, 129],
      [14, 73],
      [-14, 20],
      [11, 57],
      [36, 73],
      [8, 37],
      [-4, 47],
      [11, 11],
      [-15, 100],
      [4, 21],
      [-21, 66],
      [7, 30],
      [-19, 63],
      [1, 38],
      [-16, 6],
      [-18, 33],
      [3, 23],
      [-20, 30],
      [-17, 61],
      [1, 57],
      [-24, 0],
      [-40, 39],
      [8, 20],
      [-19, 18],
      [-15, 57],
      [2, 59],
      [17, 21],
      [0, 153],
      [-10, 24],
      [13, 24],
      [5, 85],
      [-15, 16],
      [13, 38],
      [-19, 43],
      [16, 26],
      [-17, 40],
      [13, 14],
      [-25, 62],
      [1, 42],
      [-12, 78],
      [-14, 24],
      [0, 59],
      [-28, 26],
      [-55, 29],
      [7, 12],
      [-11, 71],
      [-4, 90],
      [-60, 96],
      [2, 13],
      [-40, 121],
      [-15, 151],
      [-23, 10],
      [-52, 67],
      [-29, 26],
      [-52, 0],
      [-49, 16],
      [-56, 59],
      [-7, 40],
      [-68, 11],
      [18, 79],
      [-7, 35],
      [30, 90],
      [-7, 101],
      [6, 56]
    ],
    [
      [88870, 77824],
      [-250, 304],
      [-93, 119],
      [-212, 344],
      [-161, 248],
      [-222, 330],
      [-180, 267],
      [-36, 41],
      [-7, 22],
      [-117, 190],
      [-127, 196],
      [-237, 222],
      [-19, 35],
      [-75, 6],
      [3, 26],
      [-47, 15],
      [-56, 30],
      [-129, 157],
      [-36, 36],
      [-85, 36],
      [-77, 14],
      [-79, 38],
      [-41, 34],
      [-44, 52],
      [-68, 117],
      [-47, 57],
      [-48, 42],
      [-57, 31],
      [-68, 19],
      [-82, 3],
      [-49, 10],
      [-49, 23],
      [-56, 87],
      [-61, 124],
      [-54, 23],
      [-265, 73],
      [-84, 40]
    ],
    [
      [85555, 81235],
      [-100, -18],
      [-128, -33],
      [-343, -101],
      [-109, 125],
      [-79, 80],
      [-33, 42],
      [22, 31],
      [50, 50],
      [1, 32],
      [18, 72]
    ],
    [
      [84854, 81515],
      [-217, -60],
      [-16, -41],
      [-26, -8],
      [-58, 15],
      [-20, -10],
      [-24, 24],
      [-56, 18],
      [-50, 29],
      [-43, -1],
      [-47, -26],
      [-138, -191],
      [-51, -81],
      [-55, -62],
      [-78, -137],
      [-77, -155],
      [-134, -192],
      [13, -64],
      [-1, -79],
      [10, 13],
      [27, -69],
      [4, -37],
      [26, -82],
      [15, -65],
      [14, -12],
      [24, -75],
      [20, -29],
      [9, -41],
      [35, -58],
      [22, -23],
      [15, -48],
      [10, -74],
      [30, -14],
      [-31, -114],
      [17, -14],
      [-23, -80],
      [39, -21],
      [-11, -31],
      [14, -52],
      [-8, -7],
      [11, -78],
      [-16, -96],
      [-19, -50],
      [-17, 0],
      [-4, -33],
      [12, -43],
      [1, -49],
      [14, -17],
      [16, -53],
      [23, -30],
      [61, -30],
      [23, -41],
      [16, 1],
      [32, -46],
      [8, 8],
      [36, -53],
      [16, 0],
      [11, -83],
      [-7, -44],
      [-40, -49],
      [-23, -44],
      [-38, -178],
      [-8, -70],
      [8, -30],
      [-22, 19],
      [-17, -40],
      [-12, 34],
      [-33, -9],
      [4, 31],
      [-30, -4],
      [2, 60],
      [-17, -11],
      [-33, 17],
      [-38, -23],
      [-1, 21],
      [-56, 10],
      [-21, -41],
      [-60, -31],
      [-4, 32],
      [-68, -43],
      [-40, 29],
      [-13, -37],
      [-18, -207],
      [16, -123],
      [-27, -26],
      [-10, -58],
      [-29, -41],
      [-31, -72],
      [27, -69],
      [12, -52],
      [-4, -58],
      [14, -105],
      [6, -69],
      [-6, -61],
      [31, -90],
      [-12, -30],
      [14, -334],
      [-14, 1],
      [-5, -158],
      [-51, 0],
      [-68, 20],
      [-28, 0],
      [-108, -24],
      [-142, 9],
      [-47, 14],
      [-42, 38],
      [-27, 43],
      [-130, 60],
      [-12, 18],
      [-8, 71],
      [-115, 42],
      [-91, 13],
      [-28, 56],
      [-27, 10],
      [-64, 2],
      [-96, 51],
      [-25, 50],
      [-35, 96],
      [-16, -87],
      [16, -157],
      [-8, -73],
      [5, -25],
      [-68, -186],
      [2, -18],
      [-25, -43],
      [21, -25],
      [-5, -46],
      [24, -35],
      [-8, -8],
      [-86, 40],
      [-15, -43],
      [3, -47],
      [-39, -54],
      [-34, -97],
      [-45, -78],
      [-57, 20],
      [-34, -28],
      [-27, -63],
      [-20, -77],
      [-54, -86],
      [45, -40],
      [65, -3],
      [37, -50],
      [32, 0],
      [-20, -31],
      [-1, -27],
      [-18, -28],
      [3, -21],
      [-17, -53],
      [-18, -1],
      [-10, -54],
      [-52, -41],
      [-2, -53],
      [5, -161],
      [18, -43],
      [-28, -57],
      [-28, -37],
      [-43, -41],
      [6, -60],
      [-1, -67],
      [10, -39],
      [-1, -55],
      [-20, -53],
      [-2, -101],
      [-31, -35],
      [-47, -113]
    ],
    [
      [81923, 75004],
      [-29, -42],
      [-52, -131]
    ],
    [
      [88992, 73439],
      [-24, 80],
      [14, 72],
      [-7, 115],
      [-14, 137],
      [12, 17],
      [1, 104],
      [5, 56],
      [46, 6],
      [21, -25],
      [74, -27],
      [6, 52],
      [22, 27],
      [45, 20],
      [63, 47],
      [32, 6],
      [19, 26],
      [108, -124],
      [0, 22],
      [-48, 70],
      [25, 64],
      [58, -10],
      [-1, 21],
      [43, -8],
      [65, 1],
      [34, 67],
      [31, 42],
      [9, 52],
      [19, 25],
      [3, 81],
      [28, -42],
      [28, 8],
      [54, 35],
      [3, 82],
      [-9, 25],
      [14, 29],
      [1, 127],
      [15, 51],
      [-19, 65],
      [7, 28],
      [-7, 32],
      [-1, 76],
      [-13, 15],
      [-9, 95],
      [-14, 57],
      [2, 37],
      [65, -22],
      [7, 25],
      [75, -4],
      [13, 68],
      [28, 101],
      [53, 23],
      [-49, -55],
      [-10, -40],
      [24, -13],
      [18, -35],
      [5, 34],
      [38, 6],
      [23, -75],
      [-20, -33],
      [10, -62],
      [27, 7],
      [4, 41],
      [42, 13],
      [-16, 28],
      [49, 24],
      [-2, -40],
      [18, -2],
      [67, 33],
      [25, -4],
      [7, -20],
      [17, 39],
      [32, 35],
      [8, -58],
      [-5, -31],
      [33, -46],
      [30, 87],
      [10, -28],
      [37, -11],
      [23, 7],
      [6, -35],
      [12, 20],
      [27, -14],
      [11, 56],
      [-6, 25],
      [36, 7],
      [51, -20],
      [-17, -62],
      [42, -36],
      [-28, -56],
      [45, -49],
      [18, 66],
      [34, 65],
      [7, -37],
      [-18, -27],
      [-6, -53],
      [81, -64],
      [25, 17],
      [28, -16],
      [17, -26],
      [10, 15],
      [47, 5],
      [15, 17],
      [0, 54],
      [34, 13],
      [7, -31],
      [56, 11],
      [-2, 45],
      [21, -6],
      [14, 42],
      [19, -9],
      [-8, -36],
      [31, 21],
      [5, 86],
      [-19, 46],
      [19, 61],
      [-6, 38],
      [17, 53],
      [28, 61],
      [9, -12],
      [41, 117],
      [67, -18],
      [51, -6],
      [8, 235],
      [-23, -16],
      [-24, 3],
      [-7, 62]
    ],
    [
      [92916, 88151],
      [47, 66],
      [47, 58],
      [52, 77],
      [53, 89],
      [69, 64],
      [50, 71],
      [20, 43],
      [13, 67],
      [-4, 235],
      [-66, 29],
      [-25, 46],
      [-56, 42],
      [12, 101],
      [-73, 29],
      [-38, 132],
      [-4, 28],
      [-27, 61],
      [-21, -51],
      [-51, -68],
      [-37, -19],
      [13, -60],
      [-55, -67],
      [-77, -71],
      [-28, -41],
      [-117, 14],
      [-3, -63],
      [-50, -124],
      [-8, 70],
      [-14, 48],
      [-29, 47],
      [-33, 100],
      [-51, 270],
      [-3, 57],
      [29, 133],
      [-50, -10],
      [-32, -23],
      [-103, 8],
      [-9, 23],
      [21, 25],
      [56, 93],
      [14, 42],
      [5, 67],
      [-2, 86],
      [-8, 30],
      [-7, 84],
      [-19, 95],
      [-59, 128],
      [-31, 78],
      [13, 46],
      [-24, 14],
      [-36, 3],
      [-59, 50],
      [-3, 37],
      [-43, 117],
      [-24, 125],
      [-15, 37],
      [-29, 39],
      [-42, 32],
      [-49, 18],
      [-51, 40],
      [-42, 107],
      [-1, 51],
      [-22, 182],
      [-36, 26],
      [-35, -13],
      [-30, 46],
      [-106, 44],
      [-24, 16],
      [6, 65],
      [-74, 1],
      [-4, 53],
      [4, 64],
      [-47, 27],
      [0, 14],
      [-69, 28],
      [-20, 21],
      [3, 100],
      [33, 32],
      [11, 48],
      [16, -6],
      [19, 40],
      [21, 86],
      [-20, 39],
      [-2, 33],
      [9, 87],
      [13, 34],
      [17, 103],
      [4, 70],
      [-13, 51],
      [50, 84],
      [58, 65],
      [21, 51],
      [34, 154],
      [21, 76],
      [10, 2],
      [8, 157],
      [13, 3],
      [6, 125],
      [39, 14],
      [-15, 64],
      [-2, 120],
      [-11, 16],
      [-117, -36],
      [-55, -8],
      [-31, -14],
      [-122, 19],
      [-59, -21],
      [-90, 25],
      [-68, 27],
      [-1, 99],
      [-14, 145],
      [-7, 14],
      [-15, 157],
      [3, 161],
      [13, 133],
      [22, 99],
      [8, 72],
      [-8, 92],
      [17, 65],
      [8, 65],
      [-8, 143],
      [1, 81],
      [7, 25],
      [25, -9],
      [55, 24],
      [-1, 52],
      [28, 27],
      [-3, 28],
      [27, 16],
      [1, 25],
      [23, 35],
      [55, -14],
      [44, 18],
      [54, 36],
      [85, 6],
      [62, 63],
      [46, -31],
      [45, 1],
      [60, 20],
      [46, 4],
      [28, 48],
      [41, 24],
      [61, 18],
      [23, 30],
      [30, 12],
      [23, 83],
      [7, 61],
      [-7, 77],
      [2, 60],
      [-5, 70],
      [25, 122],
      [1, 188],
      [-31, 21],
      [7, 42],
      [-21, 30],
      [12, 145],
      [10, 194],
      [-11, 132],
      [50, 11],
      [57, -4],
      [-6, 166],
      [18, 118],
      [21, 219],
      [-6, 34],
      [187, 6],
      [3, 67],
      [-21, 175],
      [-22, 54],
      [-15, 62],
      [-20, 42],
      [7, 34],
      [-12, 25],
      [7, 131],
      [-17, 159],
      [-34, 50],
      [-83, 74],
      [-23, 49],
      [-64, -43],
      [-16, 18],
      [-47, 15],
      [43, 144],
      [0, 79],
      [-6, 37],
      [-20, -30],
      [-41, 8],
      [-34, -12],
      [-47, 24],
      [-32, -37],
      [-55, -16],
      [-6, -30],
      [-33, 6],
      [-66, -66],
      [-16, 99],
      [-38, 97],
      [-42, 27],
      [-39, 105],
      [-21, 38],
      [-66, 66],
      [-20, 28],
      [-43, 105],
      [-39, 197],
      [-28, 45],
      [-56, 23],
      [-64, -21],
      [1, -12],
      [-147, 11],
      [-35, -1],
      [-28, 15],
      [22, 48],
      [12, 93],
      [-2, 51],
      [-95, 6],
      [2, 26],
      [-53, -5],
      [-25, -14],
      [-51, -5],
      [-8, 48],
      [-50, 110],
      [-3, 78],
      [-44, -24],
      [-3, 162],
      [-11, 92],
      [-15, 26],
      [-41, 113],
      [-23, 149],
      [-18, 43],
      [-89, 87],
      [-9, 31],
      [-166, -10],
      [-18, 7],
      [-39, -21],
      [-47, -11],
      [-45, 17],
      [-45, -12],
      [-57, -32],
      [-35, -9],
      [-57, 30],
      [-131, 14],
      [-53, -31],
      [-62, -16],
      [-86, 12],
      [-39, 20],
      [-51, 15],
      [-45, 2],
      [-64, 28],
      [-114, 71],
      [-75, 35],
      [-106, -11],
      [-68, 14],
      [-82, 75],
      [-39, 46],
      [-32, 8],
      [-75, 4],
      [-85, -13],
      [-31, 7],
      [-46, 24],
      [-25, -6],
      [-52, -49],
      [-32, -62],
      [-75, -104],
      [-11, -55],
      [-4, -68],
      [-16, -42],
      [-46, 60],
      [-73, -64],
      [-85, -91],
      [-73, -12],
      [-38, -32],
      [-25, -38],
      [-99, 60],
      [-101, 25],
      [-108, -27],
      [-57, 1],
      [-68, -46],
      [-27, -25],
      [-72, -50],
      [-27, -42],
      [-37, -14],
      [-70, 0],
      [-64, -22],
      [-84, 5],
      [-128, -58],
      [-66, -80],
      [-19, -58],
      [-23, -36],
      [-34, -94],
      [-6, -50],
      [-20, -70],
      [-37, -65],
      [-14, -42],
      [-46, -70],
      [-49, -23],
      [-39, 62],
      [-66, 49],
      [-28, 3],
      [-101, 60],
      [-74, 31],
      [-25, -38],
      [-60, -9],
      [-16, -28],
      [-50, -134],
      [-19, -35],
      [-54, -71],
      [-64, -123],
      [-24, 23],
      [-90, 65],
      [-36, 18],
      [-25, 55],
      [-16, -32],
      [-24, 6],
      [-20, -70],
      [-30, -2],
      [-57, 11],
      [-25, -4],
      [-56, 21],
      [-94, -13],
      [-40, 40],
      [-24, 41],
      [-36, 36],
      [-36, -24],
      [-38, -11],
      [-36, 42],
      [-25, 11],
      [-14, 27],
      [-23, -23],
      [-42, -13],
      [-105, 16],
      [-19, 136],
      [-28, 101],
      [-16, 124],
      [7, 58],
      [-23, 10],
      [-58, -35],
      [-4, 75],
      [-21, 13],
      [-77, -46],
      [-57, 25],
      [-11, 85],
      [10, 138],
      [-6, 18],
      [-50, 44],
      [-42, 89],
      [-52, 16],
      [-25, -5],
      [-34, -28],
      [-37, -68],
      [-15, -42],
      [-29, -31],
      [-16, -39],
      [-9, -56],
      [-20, -30],
      [-52, -49],
      [-32, -14],
      [-84, -108],
      [-11, -67],
      [-16, -53],
      [-23, -22],
      [-22, -2],
      [-22, 32],
      [-21, 80],
      [-26, 129],
      [-38, 39],
      [-30, 12],
      [-67, -2],
      [-56, -61],
      [-21, -51],
      [-5, -48],
      [-35, -120],
      [-8, -71],
      [-28, -38],
      [-39, -96],
      [-33, -44],
      [-25, -48],
      [-16, -13],
      [-36, 0],
      [-27, -47],
      [-15, -78],
      [-58, -107],
      [-31, 22],
      [-60, 19],
      [-36, -30],
      [-42, 16],
      [-64, 5],
      [-16, -18],
      [-32, -113],
      [-33, -42],
      [-37, -32],
      [-64, -15],
      [18, -134],
      [-11, -76],
      [4, -52],
      [-35, -63],
      [-14, -37],
      [-19, 0],
      [-27, -74],
      [-42, -55],
      [-42, -114],
      [-10, -78],
      [-28, -64],
      [-18, -24],
      [-24, 17],
      [-93, 113],
      [-36, -50],
      [-25, -65],
      [-18, -16],
      [-4, -27],
      [-28, -46],
      [-29, 10],
      [-23, 24],
      [-35, 64],
      [-46, -4],
      [-54, 14],
      [-17, 84],
      [-25, 30],
      [-42, -18],
      [-41, -37],
      [-7, -26],
      [5, -47],
      [-24, -57],
      [-7, -137],
      [-23, -16],
      [-25, 6],
      [-45, -65],
      [-27, -13],
      [-29, 5],
      [-4, -31],
      [10, -26],
      [-92, -95],
      [-6, 81],
      [2, 68],
      [38, 20],
      [12, 21],
      [-37, 57],
      [-21, 60],
      [-9, 75],
      [-70, 140],
      [-65, 57],
      [3, -39],
      [-14, -30],
      [-51, -15],
      [-34, 6],
      [-30, -93],
      [-42, -14],
      [-21, -19],
      [-19, 7],
      [-34, -90],
      [-28, -8],
      [-10, -34],
      [-39, 1],
      [-28, -20],
      [-23, 15],
      [-46, -14],
      [-46, -73],
      [-44, -36],
      [-33, -99],
      [-42, -92],
      [-15, -18],
      [-5, -49],
      [-10, -7],
      [-42, 15],
      [-53, 33],
      [-67, -3],
      [-30, 16],
      [-58, 76],
      [-68, 151],
      [-37, 40],
      [-23, -35],
      [-31, -8],
      [-36, -84],
      [-72, -51],
      [-4, -56],
      [-56, -105],
      [17, -69],
      [-13, -21],
      [-62, -62],
      [-35, -58],
      [-22, -8],
      [26, -46],
      [38, -265],
      [-8, -68],
      [13, -36],
      [-9, -22],
      [6, -39],
      [21, -22],
      [-6, -30],
      [12, -26],
      [37, -12],
      [52, -68],
      [25, -66],
      [-9, -22],
      [40, -72],
      [5, -25],
      [36, -59],
      [32, -80],
      [66, -132],
      [16, -73],
      [3, -79],
      [-16, -80],
      [-18, -31],
      [-35, -37],
      [-14, -33],
      [-14, -63],
      [-58, -85],
      [-24, -93],
      [0, -76],
      [16, -108],
      [0, -70],
      [-9, -84],
      [30, -124],
      [-4, -59],
      [13, -54],
      [6, -84],
      [-20, -307],
      [-10, -92],
      [-38, -236],
      [-24, -99],
      [-43, -135],
      [-2, -57],
      [11, -41],
      [-1, -67],
      [-24, -56],
      [-12, -57],
      [-1, -75],
      [6, -39],
      [37, -131],
      [5, -59],
      [-15, -101],
      [-27, -66],
      [-7, -44],
      [19, -96],
      [-8, -85],
      [4, -196],
      [-10, -72],
      [-20, -77],
      [3, -51],
      [40, -161],
      [2, -72],
      [-38, -132],
      [-41, -88],
      [-63, -105],
      [-11, -48],
      [10, -35],
      [27, -34],
      [18, -47],
      [19, -126],
      [-1, -128],
      [8, -42],
      [32, -82],
      [12, -75],
      [-18, -127],
      [-4, -64],
      [7, -31],
      [28, -42],
      [24, -97],
      [37, -38],
      [21, -61],
      [-3, -86],
      [10, -86],
      [19, -86],
      [5, -73],
      [22, -96],
      [19, -34],
      [56, -27],
      [86, -163],
      [25, -118],
      [32, -61],
      [52, -56],
      [39, -70],
      [4, -54],
      [-55, -189],
      [-1, -41],
      [40, -40],
      [18, -96],
      [48, -35],
      [89, -33],
      [19, 5],
      [88, 90],
      [35, -4],
      [21, -26],
      [36, -14],
      [55, -44],
      [16, -22],
      [83, -200],
      [34, -109],
      [17, -29],
      [20, -8],
      [77, 24],
      [114, 71],
      [15, 4],
      [33, -25],
      [12, -24],
      [-4, -37],
      [-29, -52],
      [-19, -109],
      [-8, -112],
      [-18, -85],
      [3, -43],
      [55, -54],
      [8, -30],
      [9, -81],
      [-29, -86],
      [-1, -46],
      [13, -31],
      [48, -65],
      [65, -75],
      [50, -74],
      [12, -69],
      [51, -74],
      [44, -122],
      [18, -78],
      [25, -75],
      [25, -121],
      [3, -53],
      [11, -42],
      [23, -33],
      [36, -101],
      [1, -39],
      [-31, -203],
      [-4, -75],
      [-9, -42],
      [-8, -111],
      [-38, -188],
      [-4, -139],
      [-13, -149],
      [8, -67],
      [41, -132],
      [2, -89],
      [-21, -123],
      [-6, -60],
      [5, -128],
      [6, -61],
      [-2, -87],
      [-19, -128],
      [-43, -238]
    ],
    [
      [82658, 84848],
      [-13, -72],
      [-61, -277],
      [12, -53],
      [112, -123],
      [70, -66],
      [98, 3],
      [7, -26],
      [6, -98],
      [56, -55],
      [169, -181],
      [73, -75],
      [74, -84],
      [160, -171],
      [69, -78],
      [46, -102],
      [76, -74],
      [63, -35],
      [159, -181],
      [42, -15],
      [21, -39],
      [11, -45],
      [57, -72],
      [35, -57],
      [249, -348],
      [43, -71],
      [192, -270],
      [174, -236],
      [64, -92],
      [114, -148],
      [18, -192]
    ],
    [
      [85555, 81235],
      [44, 149],
      [6, 89],
      [38, -24],
      [14, 58],
      [1, 44],
      [-82, 99],
      [-48, 94],
      [-6, 37],
      [1, 85],
      [48, 54],
      [-9, 12],
      [67, 171],
      [8, 0],
      [4, 88],
      [17, -4],
      [25, 24],
      [18, 45],
      [-11, 33],
      [-3, 46],
      [13, 10],
      [56, -1],
      [66, 204],
      [76, -60],
      [28, 78],
      [36, -29],
      [49, 152],
      [5, -14],
      [25, 69],
      [-14, 12],
      [71, 163],
      [-4, 15],
      [55, 137],
      [29, -23],
      [8, 19],
      [-17, 19],
      [29, 107],
      [26, -16],
      [8, 22],
      [18, -5],
      [21, 75],
      [9, 61],
      [-20, 67],
      [-22, 29],
      [-9, 43],
      [46, 64],
      [11, 44],
      [-39, 361],
      [-112, 108],
      [-9, 35],
      [-64, 54],
      [-19, 9],
      [-44, 49],
      [-199, 52],
      [18, 167],
      [-15, -15],
      [-122, -55],
      [-64, -5],
      [-68, -28],
      [-100, -31],
      [-6, 106],
      [-23, 16],
      [-50, 69],
      [-144, 107],
      [-46, -69],
      [-55, -24],
      [-58, -93],
      [-40, -12],
      [-28, 45],
      [22, 14],
      [-10, 26],
      [-1, 86],
      [9, 22],
      [-27, 0],
      [-13, 50],
      [15, 11],
      [-29, 52],
      [-25, 67],
      [-48, 27],
      [-26, 47],
      [-51, 15],
      [-27, -21],
      [-12, 39],
      [4, 39],
      [-24, 22],
      [-9, 87],
      [19, 29],
      [-20, 13],
      [6, 26],
      [-13, 28],
      [-9, 108],
      [12, 73],
      [-21, 65],
      [10, 39],
      [45, 57],
      [-23, 59],
      [3, 13],
      [-38, 102],
      [-19, 96],
      [-19, 19],
      [22, 96],
      [-5, 28],
      [-52, 10],
      [11, 56],
      [-122, 36],
      [-12, 287],
      [73, 32],
      [61, -12],
      [11, 103],
      [54, 4],
      [22, 59],
      [1, 101],
      [-20, 8],
      [4, 99],
      [12, 27],
      [-20, 96],
      [11, 57],
      [7, 77],
      [10, 52],
      [59, 142],
      [116, -86],
      [57, 7],
      [86, 55],
      [95, -38],
      [38, -1],
      [50, 12],
      [46, -7],
      [27, -21],
      [126, -145],
      [29, 125],
      [53, 172],
      [16, 42],
      [40, 0],
      [26, -44],
      [39, -31],
      [30, -11],
      [20, 11],
      [49, -32],
      [20, 1],
      [15, 26],
      [29, 18],
      [50, -14],
      [58, 39],
      [20, 0],
      [47, -34],
      [15, -36],
      [8, -51],
      [38, 2],
      [67, -134],
      [20, -21],
      [29, -58],
      [30, -23],
      [6, -35],
      [20, 9],
      [11, -25],
      [35, -151],
      [22, 13],
      [67, -91],
      [31, 10],
      [66, -212],
      [-19, -49],
      [33, -35],
      [-7, -32],
      [72, -33],
      [-5, -88],
      [6, -43],
      [-6, -33],
      [10, -53],
      [19, -11],
      [14, -56],
      [100, 90],
      [34, -72],
      [52, -60],
      [75, 117],
      [-3, -41],
      [38, -79],
      [31, 60],
      [20, -5],
      [6, -60],
      [-10, -34],
      [61, -90],
      [168, -86],
      [41, -50],
      [59, -43],
      [269, -115],
      [11, -10],
      [44, 50],
      [72, 44],
      [30, 45],
      [14, 2],
      [46, 39],
      [21, 4],
      [33, -19],
      [53, 75],
      [11, 29],
      [25, 20],
      [29, -14],
      [67, 4],
      [55, 33],
      [69, -9],
      [54, 12],
      [13, 88],
      [80, 29],
      [-19, 258],
      [-50, -44],
      [-9, -17],
      [-29, -3],
      [1, 409],
      [21, 46],
      [9, 72],
      [36, -46],
      [22, -6],
      [-12, 48],
      [-2, 66],
      [-25, 86],
      [-2, 107],
      [-33, 49],
      [-45, -4],
      [-13, 23],
      [6, 95],
      [-17, 35],
      [-1, 98],
      [11, 19],
      [-5, 69],
      [-9, 17],
      [-5, 62],
      [-11, 20],
      [-20, -8],
      [-32, 16],
      [-25, 27],
      [-41, -10],
      [-24, 40],
      [-1, 21],
      [-44, 85],
      [-2, 74],
      [14, 139],
      [2, 186],
      [37, 95],
      [55, 42],
      [3, 35],
      [13, 2],
      [27, 47],
      [25, 20],
      [47, 11],
      [16, 30],
      [9, 58],
      [27, 39],
      [46, 51],
      [8, 25],
      [18, -2],
      [5, 28],
      [22, -18],
      [40, 40],
      [26, 43],
      [40, 104],
      [33, 23],
      [16, -25],
      [46, 34],
      [88, 19],
      [98, 40],
      [46, 96],
      [-8, 43],
      [33, 94],
      [17, -20],
      [22, 42],
      [8, -13],
      [47, 61],
      [40, 73],
      [52, 112],
      [54, 70],
      [82, 154],
      [52, 145],
      [37, -29],
      [13, 74],
      [20, 70],
      [3, 34],
      [-18, 21],
      [30, 34],
      [14, -47],
      [82, -192],
      [32, -64],
      [49, -9],
      [33, 41],
      [58, 37],
      [16, -9],
      [17, -55],
      [46, 34],
      [20, -1],
      [2, -57],
      [30, -67],
      [15, -86],
      [14, -8],
      [65, -157],
      [-8, -64],
      [8, -72],
      [21, -74],
      [20, 57],
      [60, 12],
      [-8, 32],
      [16, 2],
      [79, 51],
      [61, 10],
      [50, -20],
      [29, -60],
      [11, -6],
      [23, 50],
      [53, 33],
      [1, -48],
      [26, 5],
      [70, 29],
      [-8, -39],
      [105, -42],
      [52, -12],
      [34, -43],
      [11, 22],
      [27, -14],
      [23, -80],
      [-18, -46],
      [45, -6],
      [54, -50],
      [22, 30],
      [14, -8],
      [24, 48],
      [-4, 59],
      [31, 7],
      [60, 32],
      [90, -35],
      [-11, -53],
      [-18, -45],
      [59, -23],
      [36, 158],
      [35, -19],
      [22, 22],
      [17, 45],
      [-24, 36],
      [13, 1],
      [17, 55],
      [-13, 10],
      [16, 66],
      [79, -22],
      [37, -59],
      [50, -33],
      [40, -58],
      [74, -16],
      [22, -40],
      [0, -41],
      [-34, -78],
      [-34, -24],
      [-27, -77],
      [-11, 0],
      [-18, -86],
      [35, -8],
      [45, -53],
      [11, -57],
      [-29, -99],
      [0, -30],
      [22, -57],
      [51, -64],
      [52, -57],
      [57, 46],
      [71, 96],
      [63, 59],
      [55, 27],
      [48, -55],
      [69, -131],
      [25, -21],
      [37, -5],
      [40, 51],
      [71, -43],
      [34, -115],
      [21, -93],
      [6, -169],
      [13, -54],
      [35, -60],
      [22, -90],
      [12, -28],
      [54, -43],
      [26, -112],
      [3, -75],
      [-12, -118]
    ],
    [
      [80887, 77307],
      [41, -53],
      [14, -108],
      [25, -23],
      [54, -93],
      [87, -130],
      [15, -72],
      [9, -183],
      [-1, -109],
      [20, -60],
      [44, -66],
      [59, -58],
      [56, -61],
      [32, -23],
      [19, -57],
      [29, -30],
      [49, -14],
      [33, -194],
      [27, -64],
      [33, -114],
      [10, -91],
      [2, -76],
      [-7, -79],
      [0, -75],
      [10, -54],
      [25, -48],
      [-16, -18],
      [11, -29],
      [65, -30],
      [21, -47],
      [58, -54],
      [39, -63],
      [86, -129],
      [87, 2]
    ],
    [
      [82658, 84848],
      [-44, 47],
      [-83, 62],
      [-114, 77],
      [-90, 72],
      [-31, 32],
      [-76, 93],
      [-46, 38],
      [-72, 30],
      [-93, 8],
      [-32, 7],
      [-54, 27],
      [-49, 37],
      [-63, 71],
      [-68, 112],
      [-42, 106],
      [-31, 128],
      [-41, 288],
      [-23, 99],
      [-20, 68],
      [-56, 130],
      [-56, 89],
      [-50, 58],
      [-67, 55],
      [-48, 32],
      [-300, 171],
      [-82, 30],
      [-522, 130],
      [-253, 36],
      [-74, 17],
      [-118, 38],
      [-86, 45],
      [-47, 32],
      [-81, 68],
      [-85, 91],
      [-94, 134],
      [-333, 522],
      [-159, 240],
      [-71, 105],
      [-58, 75],
      [-61, 69],
      [-65, 62],
      [-87, 73],
      [-93, 65],
      [-114, 64],
      [-110, 42],
      [-151, 46],
      [-67, 25],
      [-81, 50],
      [-68, 61],
      [-143, 137],
      [-131, 101],
      [-146, 88],
      [-97, 45],
      [-78, 31],
      [-153, 47],
      [-77, 19],
      [-132, 17],
      [-83, 5],
      [-358, 1],
      [-152, 3],
      [-115, -7],
      [-104, -21],
      [-68, -22],
      [-275, -109],
      [-212, -100],
      [-202, -103],
      [-137, -74],
      [-98, -63],
      [-41, -31],
      [-73, -67],
      [-50, -54],
      [-134, -174],
      [-58, -91],
      [-80, -102]
    ],
    [
      [74852, 88381],
      [20, -57],
      [38, -137],
      [17, -30],
      [25, -72],
      [41, -37],
      [23, -83],
      [57, 3],
      [8, -43],
      [26, -89],
      [53, -76],
      [11, 1],
      [55, -53],
      [3, -38],
      [34, -62],
      [49, -28],
      [23, 16],
      [48, 53],
      [74, 53]
    ],
    [
      [75457, 87702],
      [32, 43],
      [40, -18],
      [11, 12],
      [52, 111],
      [36, 34],
      [42, 54],
      [22, 7],
      [63, -64],
      [-22, -3],
      [-2, -42],
      [60, -41],
      [18, -63],
      [4, -44],
      [28, -85],
      [36, -70],
      [16, -111],
      [29, -55],
      [40, -30],
      [27, -47],
      [11, -46],
      [24, -14],
      [41, -99],
      [6, -43],
      [-49, -12],
      [-44, -34],
      [-35, -53],
      [-26, -11],
      [-28, -64],
      [0, -77],
      [-44, -39],
      [31, -61],
      [79, -37],
      [25, -24],
      [27, -57],
      [13, -48],
      [13, -89],
      [26, -51],
      [72, -32],
      [80, 6],
      [50, -12],
      [3, -71],
      [58, 79],
      [19, 54],
      [72, -91],
      [7, -31],
      [-6, -46],
      [24, -24],
      [20, -111],
      [24, -11],
      [-4, -54],
      [20, -21],
      [-23, -12],
      [7, -22],
      [37, -31],
      [4, -33],
      [-16, -25],
      [50, -41],
      [22, -36],
      [37, -39],
      [-1, -26],
      [69, -16],
      [23, 41],
      [38, 49],
      [20, -43],
      [55, 43],
      [22, -47],
      [42, -132],
      [0, -18],
      [68, -2],
      [13, 79],
      [67, 9],
      [27, -43],
      [33, -85],
      [38, -57],
      [15, 22],
      [40, 114],
      [58, -8],
      [33, 59],
      [1, -124],
      [10, -78],
      [30, -135],
      [29, -11],
      [25, -142],
      [83, 19],
      [0, 94],
      [11, 62],
      [42, -46],
      [23, 41],
      [27, 18],
      [22, 66],
      [-5, 38],
      [32, 29],
      [87, -59],
      [60, -15],
      [12, -67],
      [32, 8],
      [17, -56],
      [34, 22],
      [-2, 18],
      [71, 18],
      [62, -10],
      [66, -33],
      [44, -9],
      [1, -11],
      [-32, -123],
      [-1, -35],
      [20, -81],
      [37, -181],
      [24, -66],
      [-11, -83],
      [-3, -57],
      [-34, -45],
      [-12, -43],
      [-45, -87],
      [-28, -115],
      [-17, -102],
      [-22, -105],
      [-30, -73],
      [-8, -39],
      [0, -74],
      [41, 5],
      [37, -10],
      [40, -24],
      [48, -7],
      [28, -142],
      [-2, -29],
      [51, -45],
      [54, 18],
      [57, -6],
      [56, -56],
      [65, 26],
      [22, 50],
      [87, -78],
      [37, -93],
      [7, -95],
      [36, -23],
      [79, -11],
      [27, -33],
      [31, 38],
      [35, 15],
      [100, 22],
      [6, 89],
      [42, 93],
      [53, 14],
      [24, -4],
      [70, -59],
      [13, -30],
      [59, -10],
      [55, -76],
      [44, -10],
      [28, 34],
      [28, -2],
      [25, 17],
      [33, 3],
      [0, 44],
      [32, 0],
      [47, 20],
      [31, -88],
      [-5, -54],
      [-20, -32],
      [-11, -42],
      [20, -50],
      [-9, -37],
      [-64, -31],
      [-45, -59],
      [-54, -93],
      [-11, -62],
      [3, -96],
      [-59, 8],
      [-18, -18],
      [-49, 1],
      [-84, -28],
      [-21, -47],
      [6, -46],
      [26, -92],
      [10, -16],
      [-37, -78],
      [-96, -106],
      [-64, -33],
      [-61, -1],
      [-59, 20],
      [-50, 45],
      [-40, 2],
      [-27, -12],
      [-31, -75],
      [-32, -25],
      [-13, -41],
      [-10, -68],
      [23, -73],
      [25, -25],
      [24, -6],
      [12, -115],
      [2, -58],
      [20, -59],
      [16, -25],
      [49, -35],
      [26, -36],
      [1, -45],
      [-19, -121],
      [-26, -57],
      [-3, -56],
      [37, -72],
      [-9, -145],
      [6, -54],
      [24, -85],
      [24, -21],
      [8, -51],
      [25, -69],
      [42, -72],
      [18, -57],
      [42, -74],
      [24, -24],
      [13, -34],
      [38, -64],
      [-5, -21],
      [16, -65],
      [15, 14],
      [72, -77],
      [28, -6],
      [-23, -74],
      [57, -36],
      [57, 17],
      [49, 2],
      [54, -16],
      [62, -40],
      [26, -68],
      [18, 6],
      [71, -79],
      [18, -10],
      [28, 14],
      [40, -4],
      [21, -37],
      [24, -75],
      [1, -34],
      [114, -81],
      [15, -58],
      [31, -12],
      [22, -31],
      [89, -53],
      [64, -24],
      [48, -25],
      [29, -2],
      [64, 28],
      [39, 69],
      [40, 0],
      [50, 27],
      [26, -22],
      [29, -1],
      [35, -20],
      [31, 14],
      [75, 3],
      [44, -26],
      [48, -42],
      [59, -18],
      [51, -37],
      [17, -58],
      [28, -5],
      [8, -91],
      [-27, -85],
      [-9, -146],
      [13, -72],
      [-21, -90],
      [3, -36],
      [22, -80],
      [-12, -130],
      [-10, -53],
      [-29, -51],
      [-23, -14],
      [-14, -27],
      [1, -46],
      [-17, -37],
      [-14, -69],
      [-45, -124],
      [-42, -32],
      [-15, -28],
      [-35, -37],
      [-19, -32],
      [-29, -89],
      [11, -85],
      [41, -92],
      [34, -174],
      [-3, -48],
      [17, -94],
      [-27, -55],
      [1, -42],
      [80, -124],
      [55, -56],
      [38, 2],
      [51, -12],
      [61, -55],
      [9, -17],
      [-15, -84],
      [31, 52],
      [49, -65],
      [-48, -90],
      [50, -87],
      [49, -109],
      [49, -78]
    ],
    [
      [75457, 87702],
      [-17, -71],
      [-27, -42],
      [-19, -48],
      [-10, -60],
      [-5, -93],
      [-60, -82],
      [-50, -94],
      [96, -68],
      [-20, -21],
      [-11, -126],
      [-15, -47],
      [25, -34],
      [-16, -43],
      [-8, -57],
      [17, -1],
      [15, -86],
      [6, -66],
      [77, -119],
      [-24, -71],
      [1, -37],
      [-26, -74],
      [-63, -60],
      [-17, -27],
      [-58, -20],
      [-37, -78],
      [-10, -51],
      [2, -99],
      [-8, -47],
      [-32, -47],
      [18, -37],
      [64, -70],
      [39, -12],
      [16, -29],
      [28, 7],
      [9, -18],
      [22, 4],
      [19, -41],
      [-88, -77],
      [-23, -8],
      [-63, -43],
      [1, -12],
      [-34, -50],
      [-37, 11],
      [-33, -27],
      [-24, -35],
      [-76, -6],
      [-8, 26],
      [-43, -25],
      [-52, -45],
      [12, -19],
      [-27, -122],
      [23, -77],
      [7, -46],
      [20, -35],
      [42, -153],
      [1, -20],
      [28, -56],
      [13, -75],
      [1, -42],
      [31, -33],
      [6, -85],
      [33, -81],
      [38, -23],
      [19, -172],
      [28, -24],
      [45, -17],
      [30, -38],
      [7, -57],
      [-4, -69],
      [16, -38],
      [-77, 47],
      [-54, 2],
      [-90, 58],
      [-77, -7],
      [-53, -49],
      [-9, -27],
      [-70, -62],
      [-47, -64],
      [-36, -83],
      [-17, 18],
      [14, 55],
      [-36, 97],
      [-34, 15],
      [-29, -8],
      [-85, 75],
      [-71, 26],
      [-24, 18],
      [0, 19],
      [-58, 38],
      [-9, -16],
      [-35, 30],
      [-2, -32],
      [36, -58],
      [33, -30],
      [57, -161],
      [-9, -24],
      [14, -44],
      [-63, -44],
      [-45, -18],
      [-27, 0],
      [-9, -25],
      [57, -56],
      [51, -64],
      [27, -66],
      [25, -79],
      [38, -34],
      [18, -54],
      [-13, -129],
      [10, -106],
      [-22, -104],
      [-23, -6],
      [-41, 31],
      [-15, -4],
      [-102, -62],
      [7, 24],
      [-10, 50],
      [-41, 35],
      [-80, -26],
      [-43, 23],
      [-31, -29],
      [-50, -86],
      [-32, -125],
      [11, -78],
      [27, -61],
      [-3, -43],
      [22, -68],
      [-9, -34],
      [-30, -210],
      [-46, -149],
      [-25, -39],
      [-75, -177],
      [-30, -31],
      [11, -49],
      [12, -11],
      [34, -111],
      [-4, -43],
      [-28, -32],
      [-23, -181],
      [-50, -206],
      [-52, -86],
      [-35, -85],
      [-31, -103],
      [0, -53],
      [-9, -134],
      [9, -82],
      [0, -171],
      [-10, -154],
      [-3, -129],
      [14, -101],
      [22, -79],
      [21, -45],
      [34, -36],
      [21, -39],
      [19, -83],
      [33, -32],
      [32, -98],
      [19, -98],
      [5, -54],
      [56, -118],
      [19, -54],
      [-20, -43],
      [-25, -33],
      [-32, -62],
      [-21, -7],
      [-39, -41],
      [-84, -45],
      [-43, -70],
      [-21, -158],
      [88, -50],
      [9, -32],
      [-14, -29],
      [-22, 19],
      [-6, -29],
      [-25, -29],
      [30, -21],
      [-17, -41],
      [3, -21]
    ],
    [
      [75613, 73902],
      [50, -3],
      [34, -41],
      [15, -56],
      [51, -58],
      [20, 34],
      [12, -18],
      [36, 53],
      [6, 29],
      [43, 90],
      [28, 15],
      [12, 21],
      [42, 30],
      [26, 2],
      [32, 25],
      [44, 20],
      [28, 0],
      [39, 26],
      [28, -10],
      [-2, 37],
      [26, 17],
      [43, 147],
      [36, 61],
      [42, 57],
      [35, -21],
      [24, -45],
      [49, -28],
      [6, 10],
      [39, 182],
      [10, 17],
      [46, 32],
      [59, 78],
      [54, -1],
      [50, -46],
      [36, -70],
      [31, 24],
      [-22, 69],
      [8, 66],
      [25, 123],
      [-25, 151],
      [47, 211],
      [36, 40],
      [38, 1],
      [1, 90],
      [-4, 28],
      [12, 68],
      [26, -22],
      [24, 52],
      [44, 3],
      [30, 110],
      [-16, 71],
      [-24, 34],
      [13, 47],
      [22, 14],
      [20, 33],
      [17, 142],
      [-41, 96],
      [23, 39],
      [39, 1],
      [22, 34],
      [-25, 70],
      [92, 21],
      [3, 74],
      [-7, 55],
      [-36, -14],
      [-30, 126],
      [17, 6],
      [6, 125],
      [25, -19],
      [11, 18],
      [34, 3],
      [20, 46],
      [24, 16],
      [21, 103],
      [33, -32],
      [50, -80],
      [17, -41],
      [50, 10],
      [17, 77],
      [46, 131],
      [17, 36],
      [16, 0],
      [22, 53],
      [70, 113],
      [-1, 9],
      [48, 94],
      [141, 201],
      [-6, 9],
      [87, 147],
      [25, 144],
      [-33, 67],
      [24, 144],
      [11, 14],
      [33, -10],
      [22, -22],
      [51, -3],
      [20, -59],
      [40, 20],
      [28, -24],
      [28, 37],
      [15, -14],
      [-1, 51],
      [22, -1],
      [2, -31],
      [-12, -39],
      [-17, -1],
      [2, -39],
      [34, 40],
      [3, 41],
      [17, -23],
      [22, 4],
      [7, -31],
      [20, -5],
      [4, -28],
      [32, 17],
      [14, -49],
      [40, 12],
      [33, -4],
      [0, 18],
      [46, -52],
      [-12, -53],
      [26, 8],
      [-3, -24],
      [-30, -21],
      [15, -16],
      [47, 25],
      [-8, -57],
      [-57, -23],
      [7, -95],
      [-14, -28],
      [-19, 12],
      [13, -40],
      [16, 11],
      [31, -7],
      [-19, -62],
      [-2, -30],
      [28, 16],
      [24, -5],
      [9, 40],
      [32, 13],
      [14, -24],
      [-2, -46],
      [-22, -34],
      [10, -18],
      [42, 16],
      [18, 35],
      [23, -38],
      [22, 23],
      [8, -12],
      [-30, -83],
      [-22, -17],
      [1, -34],
      [18, -26],
      [22, -7],
      [8, 28],
      [23, 22],
      [16, -27],
      [1, -27],
      [27, -15],
      [22, 4],
      [5, 58],
      [12, 17],
      [17, -23],
      [-12, -110],
      [63, -7],
      [26, 24],
      [-12, -66],
      [-27, -13],
      [3, -21],
      [31, -23],
      [13, -39],
      [-6, -19],
      [-39, -28],
      [13, -24],
      [27, -14],
      [26, 55],
      [29, -7],
      [14, -36],
      [-5, -75],
      [38, 4],
      [0, -52],
      [37, 94],
      [-27, -227],
      [204, 164],
      [-27, 84],
      [-13, 136],
      [7, 32],
      [4, 96],
      [-21, 136],
      [29, 56],
      [56, 26],
      [20, -15],
      [70, -13],
      [84, 28],
      [54, 2],
      [59, -26],
      [99, -104],
      [73, -22],
      [29, -39],
      [0, -102],
      [7, -58],
      [-9, -39],
      [84, -9],
      [-9, -79],
      [0, -99],
      [4, -91],
      [-6, -60],
      [-18, -72],
      [20, -7],
      [83, 36],
      [19, -51],
      [21, 9],
      [22, -76],
      [64, 64],
      [65, 25],
      [43, -1],
      [8, -98],
      [30, 8],
      [-14, 18],
      [4, 51],
      [-8, 16],
      [15, 58],
      [-1, 74],
      [71, -36],
      [75, 69],
      [38, -16],
      [20, 33],
      [-4, 36],
      [-19, 54],
      [10, 95],
      [24, 60],
      [29, -61],
      [17, -1],
      [16, 54],
      [-5, 31],
      [25, -5],
      [13, -40],
      [34, -51],
      [3, 42],
      [24, 66],
      [9, -10],
      [77, 2],
      [42, -11],
      [56, -37],
      [14, 31],
      [24, 89],
      [-4, 75],
      [8, 42],
      [-16, 13],
      [11, 36],
      [18, 22],
      [10, 44],
      [54, -54],
      [10, 27],
      [28, 28],
      [47, 72],
      [57, 100],
      [59, 54]
    ],
    [
      [74852, 88381],
      [-140, -135],
      [-89, -90],
      [-80, -88],
      [-27, -40],
      [-78, -86],
      [-24, -43],
      [-45, -58],
      [-66, -44],
      [-68, -6],
      [-115, 27],
      [-80, -13],
      [-134, -77],
      [-59, -12],
      [-72, 9],
      [-64, 21],
      [-64, 29],
      [-79, 52],
      [-65, 26],
      [-92, 7],
      [-57, -10],
      [-43, -19],
      [-126, -75],
      [-153, -102],
      [-72, -56],
      [-50, -19],
      [-79, -4],
      [-50, 13],
      [-132, 61],
      [-39, 12],
      [-78, 11],
      [-120, 43],
      [-108, 25],
      [-37, 3],
      [-104, -3],
      [-69, 13],
      [-63, 27],
      [-52, 35],
      [-49, 53],
      [-144, 173],
      [-72, 76],
      [-73, 68],
      [-100, 79],
      [-91, 52],
      [-97, 26],
      [-66, 2],
      [-51, -7],
      [-106, -29],
      [-80, -9],
      [-60, 6],
      [-143, 2],
      [-115, -18],
      [-123, -32],
      [-5, -49],
      [25, -89],
      [16, -79],
      [27, -81],
      [50, -76],
      [15, -60],
      [-2, -64],
      [10, -109],
      [-3, -124],
      [-8, -80],
      [-1, -81],
      [-10, -47],
      [-30, -64],
      [-69, 12],
      [-31, 39],
      [-31, -23],
      [-23, 10],
      [-21, -13],
      [1, -27],
      [-67, -22],
      [-51, -44],
      [-24, 86],
      [-25, 32],
      [-14, 36],
      [-79, -69],
      [-44, -62],
      [-18, -17],
      [-20, -55],
      [-58, -93],
      [-6, -95],
      [5, -36],
      [-10, -33],
      [-18, -12],
      [-32, -59],
      [-3, -24],
      [24, -86],
      [-6, -38],
      [28, -90],
      [-31, 19],
      [-49, -30],
      [-14, -23],
      [-24, -6],
      [5, -41],
      [-63, 15],
      [-93, -40],
      [-61, -8],
      [-6, 33],
      [-32, 46],
      [-17, -12],
      [-13, -42],
      [-28, -7],
      [-29, 40],
      [-54, 38],
      [-38, 80],
      [-24, 21],
      [-19, -18],
      [-28, 3],
      [-11, 20],
      [-4, 63],
      [-49, -25],
      [9, -21],
      [-16, -45],
      [-15, 28],
      [-10, -30],
      [-32, 65],
      [-27, -15],
      [-53, -62],
      [-51, -51],
      [-22, 46],
      [-3, 81],
      [-13, 13],
      [-6, 46],
      [26, 21],
      [-16, 39],
      [42, 49],
      [-9, 65],
      [-9, 17],
      [16, 31],
      [26, -17],
      [9, -26],
      [58, 83],
      [-47, 35],
      [-59, -5],
      [-35, 4],
      [-23, 20],
      [-35, 70],
      [-60, 39],
      [-53, 6],
      [-30, 15],
      [-30, -1],
      [-50, -26],
      [-31, -71],
      [-26, -29],
      [-34, -57],
      [-5, -29],
      [-24, -62],
      [-36, -18],
      [15, -24],
      [9, -100],
      [-10, -56],
      [-20, -15],
      [-69, 28],
      [-23, 43],
      [-35, -12],
      [0, -43],
      [-42, -18],
      [-61, -87],
      [-28, 24],
      [12, 20],
      [-72, 47],
      [-56, -6],
      [-10, -26],
      [22, -128],
      [-72, -10],
      [-33, 47],
      [-44, -101],
      [-25, 32],
      [-72, 30],
      [-19, -68],
      [-5, 15],
      [-39, 11],
      [6, -33],
      [-3, -95],
      [-18, -58],
      [1, -93],
      [-8, -62],
      [-28, 15],
      [-54, 14],
      [-25, -12],
      [-44, -44],
      [-57, -77],
      [-24, -20],
      [-16, -83],
      [-7, -84],
      [-39, -8],
      [-52, 43],
      [-77, 50],
      [-23, -79],
      [-28, 44],
      [-38, 21],
      [3, 31],
      [-55, -41],
      [-9, -28],
      [-33, -51],
      [-17, -67],
      [-4, -41],
      [-29, 61],
      [-52, -32],
      [-28, -28],
      [20, -75],
      [40, -27],
      [28, -39],
      [-2, -37],
      [-18, -45],
      [12, -99],
      [16, 20],
      [37, 0],
      [-3, -55],
      [25, -335],
      [-6, -25],
      [26, -39],
      [40, -151],
      [-8, -15],
      [27, -48],
      [10, 1],
      [8, -75],
      [37, -73],
      [2, -100],
      [14, -14],
      [-15, -56],
      [5, -27],
      [-16, -93],
      [-23, -23],
      [-15, -53],
      [-145, 71],
      [-23, -100],
      [-18, -35],
      [-50, -47],
      [27, -39],
      [-8, -37],
      [12, -62],
      [-17, -14],
      [29, -68],
      [15, 1],
      [-3, -32],
      [42, 26],
      [4, -64],
      [33, -30],
      [23, -5],
      [7, -23],
      [61, -53],
      [-20, -30],
      [-19, -92],
      [-19, 9],
      [-27, -67],
      [-22, -25],
      [-50, -17],
      [1, -41],
      [-34, -113],
      [1, -34],
      [21, -51],
      [-4, -27],
      [-22, -12],
      [-41, -53],
      [-34, -156]
    ],
    [
      [78208, 66983],
      [50, -65],
      [48, -87],
      [128, -283],
      [35, -69],
      [53, -80],
      [81, -79],
      [54, -38],
      [71, -33],
      [76, -18],
      [84, 2],
      [66, 18],
      [81, 41],
      [40, 28],
      [25, 1],
      [50, -68],
      [67, -61],
      [-13, -387],
      [-18, -207],
      [3, -231],
      [6, -95],
      [-5, -106],
      [-7, -30],
      [9, -55],
      [-2, -37],
      [45, -24],
      [42, 23],
      [23, -22],
      [33, -12],
      [44, 2],
      [24, 24],
      [73, 17],
      [36, -5],
      [40, 13],
      [76, 49],
      [62, 28],
      [30, -3],
      [-10, -28],
      [132, -288],
      [19, -38],
      [131, -133],
      [161, -57],
      [235, 40],
      [77, 9],
      [91, 37],
      [102, 58],
      [38, 28],
      [74, -5],
      [145, 66],
      [230, 230],
      [176, 209],
      [300, 481],
      [360, 224],
      [149, 99],
      [32, -115],
      [50, 69],
      [51, 53],
      [67, 54],
      [59, 70],
      [76, 57],
      [65, 69],
      [43, 74],
      [28, 36],
      [136, 107],
      [20, 29],
      [-50, 60],
      [75, 87],
      [50, 23],
      [80, 7],
      [127, -26],
      [64, -25],
      [21, -18],
      [89, -113]
    ],
    [
      [83211, 66564],
      [9, -11],
      [41, 129],
      [18, 125]
    ],
    [
      [75767, 71159],
      [9, 15],
      [125, -171],
      [53, -116],
      [37, -93],
      [17, -59],
      [46, 62],
      [55, 26],
      [11, 44],
      [66, -110],
      [62, 9],
      [28, -4],
      [12, -17],
      [66, 20],
      [12, -9],
      [32, -75],
      [10, 4],
      [11, -79],
      [-1, -57],
      [-17, -42],
      [6, -24],
      [-28, -25],
      [-28, 1],
      [-47, 20],
      [-8, -45],
      [47, -15],
      [10, -28],
      [-29, -58],
      [8, -59],
      [21, -50],
      [28, 9],
      [118, -51],
      [33, 1],
      [59, -38],
      [63, 7],
      [33, 27],
      [19, 50],
      [64, 127],
      [37, -101],
      [29, 5],
      [11, -50],
      [26, -72],
      [83, 88],
      [23, 41],
      [46, -78],
      [47, -144],
      [32, -55],
      [45, 50],
      [-1, 67],
      [50, 76],
      [24, 21],
      [15, -6],
      [-8, -153],
      [32, -135],
      [10, -84],
      [109, -3],
      [21, 60],
      [14, 102],
      [26, 60],
      [45, 71],
      [58, 1],
      [23, 28],
      [43, -36],
      [12, -50],
      [-29, -47],
      [-15, -4],
      [-15, -119],
      [8, -99],
      [14, -73],
      [22, -43],
      [22, -121],
      [5, 9],
      [35, -18],
      [29, -38],
      [26, -8],
      [19, 85],
      [33, -10],
      [15, 11],
      [3, -45],
      [13, -9],
      [31, 35],
      [32, -28],
      [43, -65],
      [14, -39],
      [-34, -66],
      [14, -23],
      [0, -34],
      [27, 15],
      [11, -52],
      [68, -17],
      [-3, -70],
      [70, 26],
      [58, 6],
      [90, -10],
      [10, -72],
      [1, -55],
      [-13, -51],
      [-13, -105],
      [9, -40],
      [55, -141],
      [52, 46],
      [-22, 130],
      [131, -26],
      [11, -13],
      [67, -42],
      [110, -29],
      [66, -2],
      [108, -13],
      [101, 4],
      [30, 40],
      [42, -24],
      [115, -32],
      [94, -15],
      [285, -58],
      [77, -8],
      [77, -19],
      [-39, -21],
      [-83, -19],
      [-56, -44],
      [-6, -44],
      [-1, -172],
      [-16, -144],
      [7, -123],
      [-6, -90],
      [-32, -30],
      [-65, -19],
      [-52, -8],
      [-120, -49],
      [-74, -11],
      [-12, -66],
      [-39, 18],
      [-41, -113],
      [-78, -85],
      [-69, -66],
      [-25, -5],
      [-6, 35],
      [-31, -20],
      [-25, 42],
      [-63, -18],
      [-1, 37],
      [-57, 76],
      [-53, 55],
      [-15, -85],
      [101, -85],
      [-11, -15],
      [-36, 5],
      [-29, -11],
      [-22, -22],
      [18, -18],
      [-21, -34],
      [-36, 2],
      [-83, 18],
      [-6, -34],
      [-25, -54],
      [1, -32],
      [-59, -107],
      [-89, -190],
      [-58, -154]
    ],
    [
      [75065, 69458],
      [-55, -112],
      [-3, -22],
      [11, -130],
      [-3, -79],
      [62, -8],
      [71, -23],
      [51, 1],
      [28, 10],
      [28, -49],
      [-45, -49],
      [-20, -106],
      [37, -20],
      [25, -59],
      [14, 29],
      [12, -25],
      [-32, -93],
      [2, -91],
      [79, -6],
      [24, -8],
      [15, -27],
      [108, -43],
      [-5, -53],
      [1, -192],
      [8, -67],
      [5, -138],
      [-6, -181],
      [12, -95],
      [11, -17],
      [40, 122],
      [67, -100],
      [54, 80],
      [31, -103],
      [40, 23],
      [1, -112],
      [101, -32],
      [3, -77],
      [-57, -30],
      [0, -38],
      [-17, -21],
      [39, -72],
      [-13, -15],
      [25, -133],
      [-16, 0],
      [7, -54],
      [19, -55],
      [8, 9],
      [34, -64],
      [6, 16],
      [84, -76],
      [12, -20],
      [59, -164],
      [-1, -16],
      [97, -59],
      [100, -108],
      [3, 14],
      [62, -84],
      [43, -79],
      [68, -98],
      [64, -135],
      [52, -69],
      [14, -37],
      [35, -151],
      [34, 58],
      [32, 84],
      [1, -51],
      [24, -10],
      [8, 49],
      [9, -5],
      [26, 75],
      [38, -34],
      [21, 73],
      [36, -16],
      [18, 61],
      [127, -48],
      [-4, -27],
      [-33, -9],
      [-5, -57],
      [-9, 1],
      [-10, -106],
      [160, -17],
      [-78, 178],
      [145, -4],
      [43, -8],
      [74, 7],
      [122, 62],
      [77, 54],
      [-3, 81],
      [49, 32],
      [-15, 31],
      [83, 107],
      [25, -44],
      [35, -25],
      [57, 36],
      [55, 10],
      [-30, 49],
      [-59, 175],
      [-12, 25],
      [388, 221],
      [12, 14],
      [-30, 53],
      [11, 10],
      [-20, 30],
      [1, 56],
      [-24, 29],
      [17, 35],
      [43, -86],
      [32, -50],
      [58, -71],
      [115, -112]
    ],
    [
      [75002, 57585],
      [36, -6],
      [62, 23],
      [49, 35],
      [48, -15],
      [25, 10],
      [75, -23],
      [102, 44],
      [46, 33],
      [94, 56],
      [70, 25],
      [28, -9],
      [78, 9],
      [33, -4],
      [18, 11],
      [111, -5],
      [17, -13],
      [37, 0],
      [31, -29],
      [55, 18],
      [50, 26],
      [64, 19],
      [37, -11],
      [104, 53],
      [23, 31],
      [9, 40],
      [30, 19],
      [28, 40],
      [58, 7],
      [42, 25],
      [39, 36],
      [29, -7],
      [60, 11],
      [40, 19],
      [46, -12],
      [48, -49],
      [40, 0],
      [44, 34],
      [22, -6],
      [32, 31],
      [93, 14],
      [24, 15],
      [33, -13],
      [38, 16],
      [20, 31],
      [34, 28],
      [16, -13],
      [76, 35],
      [37, -7],
      [23, 28],
      [34, 84],
      [66, 96],
      [12, 9],
      [-8, 41],
      [5, 56],
      [14, 41],
      [10, 68],
      [-21, 25],
      [0, 35],
      [-36, 57],
      [5, 30],
      [22, 4],
      [40, 42],
      [3, 26],
      [16, -24],
      [36, 51],
      [11, 41],
      [36, 18],
      [-4, 29],
      [56, 27],
      [-5, 30],
      [100, 32],
      [24, 38],
      [15, 3],
      [23, -34],
      [27, -10],
      [26, 23],
      [54, -17],
      [17, 8],
      [42, -17],
      [48, 43],
      [53, 18],
      [17, 30],
      [43, -4],
      [47, 51],
      [34, 18],
      [47, 55],
      [52, 8],
      [18, 32],
      [58, 23],
      [31, 117],
      [15, 5],
      [3, 52],
      [13, 36],
      [-1, 33],
      [-20, 22],
      [2, 46],
      [71, 64],
      [24, -26],
      [34, -55],
      [20, -78],
      [22, 3],
      [45, 68],
      [37, 3],
      [50, 30],
      [50, 6],
      [39, 50],
      [42, 22],
      [33, -68],
      [23, -10],
      [20, -65],
      [5, -132],
      [51, -19],
      [19, 28],
      [17, -10],
      [31, 12],
      [8, 27],
      [45, 12],
      [14, 15],
      [18, 48],
      [73, -51],
      [47, 39],
      [28, 39],
      [37, 31],
      [20, 38],
      [32, -20],
      [31, -6],
      [48, 22],
      [43, 38],
      [14, 63],
      [61, -1],
      [12, -24],
      [44, -18],
      [103, 37],
      [41, 3],
      [54, 39],
      [9, 24],
      [42, 37],
      [10, 44],
      [21, 41],
      [41, 31],
      [7, 57],
      [103, 40],
      [58, -45],
      [39, 13],
      [34, 69],
      [24, 88],
      [23, 16],
      [20, -10],
      [69, 16],
      [39, -10],
      [35, 45],
      [37, 5],
      [22, 17],
      [17, 62],
      [22, 37],
      [38, 19],
      [-1, 32],
      [32, 168],
      [15, 41],
      [42, 146],
      [-7, 39],
      [30, 71],
      [50, 60],
      [4, 35],
      [26, 62],
      [43, 19],
      [18, -13],
      [29, 4],
      [6, 48],
      [14, 40],
      [10, 147],
      [34, -27],
      [32, -9],
      [25, -54],
      [49, 33],
      [42, -26],
      [-8, -64],
      [13, -58],
      [23, -37],
      [14, 40],
      [28, 22],
      [30, 47],
      [17, 9],
      [30, -21],
      [35, 8],
      [24, 68],
      [-26, 53],
      [-6, 36],
      [21, 57],
      [-8, 70],
      [34, 14],
      [34, -38],
      [25, -42],
      [9, -45],
      [43, -27],
      [23, -31],
      [15, -42],
      [27, -25],
      [41, -16],
      [37, -1],
      [-6, -105],
      [30, -55],
      [28, -12],
      [55, -66],
      [67, 14],
      [75, 78],
      [40, 1],
      [81, 85],
      [43, -7],
      [23, -38],
      [43, -38],
      [15, 5],
      [32, 39],
      [14, 58],
      [32, 54],
      [16, 60],
      [33, 25],
      [14, 28],
      [26, 12],
      [31, 66],
      [43, 38],
      [-9, 91],
      [11, 63],
      [22, 45],
      [-57, 89],
      [-2, 49],
      [8, 29],
      [-19, 33],
      [1, 54],
      [-16, 24],
      [-60, -12],
      [35, 51],
      [24, 73],
      [38, 56],
      [26, 53],
      [38, 23],
      [37, -26],
      [15, 13],
      [5, 38],
      [34, 49],
      [34, 31],
      [35, -11],
      [14, 80],
      [-7, 22],
      [-30, 17],
      [-24, 68],
      [19, 105],
      [-2, 39],
      [17, 56],
      [47, 59],
      [38, -10],
      [25, 69],
      [51, 77],
      [44, 19],
      [5, 41],
      [17, 53],
      [31, 52],
      [47, -3],
      [24, 21],
      [60, -8],
      [66, 26],
      [15, -10],
      [41, -79],
      [20, -26],
      [30, -17],
      [32, 2],
      [41, -48],
      [22, 5],
      [35, -14],
      [55, 26],
      [37, -11],
      [72, 100],
      [27, 114],
      [60, 65],
      [87, 123],
      [14, 61],
      [49, 26],
      [27, 2],
      [85, -27],
      [20, -30],
      [23, -102],
      [18, -14],
      [40, 39],
      [52, 19],
      [20, 29],
      [15, 42],
      [14, 115],
      [43, 37],
      [31, 7],
      [26, 25],
      [18, 76],
      [15, 37],
      [3, 60],
      [-7, 85],
      [-12, 41],
      [-15, 82],
      [-20, 73],
      [3, 54],
      [-31, 99],
      [1, 27],
      [-20, 98],
      [2, 39],
      [21, 66],
      [0, 32],
      [-16, 27],
      [-40, 153],
      [-24, 120],
      [-5, 51],
      [16, 93],
      [-5, 77],
      [-14, 38],
      [-36, 30],
      [-15, 28],
      [-14, 55],
      [-59, 107],
      [-10, 97],
      [-50, 80],
      [-39, 47],
      [-12, 25],
      [-25, 100],
      [-49, 53],
      [-37, 8],
      [6, 36],
      [-13, 92],
      [-49, 60],
      [-53, 44],
      [-22, 32],
      [-35, 20],
      [-6, 24],
      [4, 73],
      [-8, 24],
      [-21, -6],
      [-20, 17],
      [-32, -14],
      [-21, 10],
      [-35, 60],
      [-11, 49],
      [-17, 17],
      [49, 77],
      [19, 14],
      [7, 143],
      [27, 16],
      [59, 66],
      [-43, 78],
      [-11, 35],
      [25, 33],
      [40, 82]
    ]
  ]
}
